ISO-10303-21;
HEADER;
/* Generated by software containing ST-Developer
 * from STEP Tools, Inc. (www.steptools.com) 
 */

FILE_DESCRIPTION(
/* description */ (''),
/* implementation_level */ '2;1');

FILE_NAME(
/* name */ 'bottom.step',
/* time_stamp */ '2026-09-05T16:50:18-07:00',
/* author */ (''),
/* organization */ (''),
/* preprocessor_version */ 'ST-DEVELOPER v20.1',
/* originating_system */ 'Autodesk Translation Framework v15.8.0.0',
/* authorisation */ '');

FILE_SCHEMA (('AUTOMOTIVE_DESIGN { 1 0 10303 214 3 1 1 }'));
ENDSEC;

DATA;
#10=MECHANICAL_DESIGN_GEOMETRIC_PRESENTATION_REPRESENTATION('',(#17),#7252);
#11=ITEM_DEFINED_TRANSFORMATION($,$,#4236,#4670);
#12=(
REPRESENTATION_RELATIONSHIP($,$,#7263,#7262)
REPRESENTATION_RELATIONSHIP_WITH_TRANSFORMATION(#11)
SHAPE_REPRESENTATION_RELATIONSHIP()
);
#13=CONTEXT_DEPENDENT_SHAPE_REPRESENTATION(#12,#7261);
#14=NEXT_ASSEMBLY_USAGE_OCCURRENCE('bottom_.5fillet:1',
'bottom_.5fillet:1','bottom_.5fillet:1',#7265,#7266,'bottom_.5fillet:1');
#15=SHAPE_REPRESENTATION_RELATIONSHIP('SRR','None',#7263,#16);
#16=ADVANCED_BREP_SHAPE_REPRESENTATION('',(#18),#7251);
#17=STYLED_ITEM('',(#7278),#18);
#18=MANIFOLD_SOLID_BREP('Body1',#4222);
#19=TOROIDAL_SURFACE('',#4440,2.4,1.2);
#20=TOROIDAL_SURFACE('',#4454,148.8,1.2);
#21=TOROIDAL_SURFACE('',#4523,1.59999999999997,0.799999999999983);
#22=TOROIDAL_SURFACE('',#4526,1.59999999999997,0.800000000000022);
#23=TOROIDAL_SURFACE('',#4533,2.,0.8);
#24=TOROIDAL_SURFACE('',#4534,2.,0.8);
#25=TOROIDAL_SURFACE('',#4544,2.4,1.2);
#26=TOROIDAL_SURFACE('',#4560,148.8,1.2);
#27=SPHERICAL_SURFACE('',#4433,1.2);
#28=SPHERICAL_SURFACE('',#4443,1.19999999999999);
#29=SPHERICAL_SURFACE('',#4447,1.19999999999997);
#30=SPHERICAL_SURFACE('',#4538,1.19999999999999);
#31=SPHERICAL_SURFACE('',#4549,1.19999999999997);
#32=SPHERICAL_SURFACE('',#4553,1.2);
#33=(
BOUNDED_SURFACE()
B_SPLINE_SURFACE(2,2,((#6474,#6475,#6476),(#6477,#6478,#6479),(#6480,#6481,
#6482)),.UNSPECIFIED.,.F.,.F.,.F.)
B_SPLINE_SURFACE_WITH_KNOTS((3,3),(3,3),(-1.57079632679494,3.99761551503243E-14),
(1.5707963267947,3.14159265358979),.UNSPECIFIED.)
GEOMETRIC_REPRESENTATION_ITEM()
RATIONAL_B_SPLINE_SURFACE(((1.,0.707106781186477,1.),(0.707106781186618,
0.5,0.707106781186618),(1.,0.707106781186477,1.)))
REPRESENTATION_ITEM('')
SURFACE()
);
#34=(
BOUNDED_SURFACE()
B_SPLINE_SURFACE(2,2,((#6494,#6495,#6496),(#6497,#6498,#6499),(#6500,#6501,
#6502)),.UNSPECIFIED.,.F.,.F.,.F.)
B_SPLINE_SURFACE_WITH_KNOTS((3,3),(3,3),(-1.57079632679494,3.99695974464247E-14),
(-3.14159265358979,-1.57079632679504),.UNSPECIFIED.)
GEOMETRIC_REPRESENTATION_ITEM()
RATIONAL_B_SPLINE_SURFACE(((1.,0.707106781186597,1.),(0.707106781186616,
0.500000000000083,0.707106781186616),(1.,0.707106781186597,1.)))
REPRESENTATION_ITEM('')
SURFACE()
);
#35=B_SPLINE_CURVE_WITH_KNOTS('',3,(#6367,#6368,#6369,#6370,#6371,#6372,
#6373,#6374,#6375,#6376),.UNSPECIFIED.,.F.,.F.,(4,2,2,2,4),(0.427605356386712,
0.439526443954851,0.453240220796089,0.469154738162327,0.476053458729897),
 .UNSPECIFIED.);
#36=B_SPLINE_CURVE_WITH_KNOTS('',3,(#6384,#6385,#6386,#6387,#6388,#6389,
#6390,#6391,#6392,#6393),.UNSPECIFIED.,.F.,.F.,(4,2,2,2,4),(0.12368196479765,
0.159046357469605,0.195522796159803,0.228671929932899,0.25553752516313),
 .UNSPECIFIED.);
#37=B_SPLINE_CURVE_WITH_KNOTS('',3,(#6397,#6398,#6399,#6400,#6401,#6402,
#6403,#6404,#6405,#6406),.UNSPECIFIED.,.F.,.F.,(4,2,2,2,4),(0.25553752516313,
0.282403120393363,0.315552254166459,0.352028692856652,0.38739308552861),
 .UNSPECIFIED.);
#38=B_SPLINE_CURVE_WITH_KNOTS('',3,(#6432,#6433,#6434,#6435,#6436,#6437,
#6438,#6439,#6440,#6441),.UNSPECIFIED.,.F.,.F.,(4,2,2,2,4),(0.641208861870628,
0.648107582438192,0.66402209980442,0.677735876645685,0.689656964213827),
 .UNSPECIFIED.);
#39=B_SPLINE_CURVE_WITH_KNOTS('',3,(#6735,#6736,#6737,#6738,#6739,#6740),
 .UNSPECIFIED.,.F.,.F.,(4,2,4),(3.32697288199612,4.22006242368921,5.1131519653823),
 .UNSPECIFIED.);
#40=B_SPLINE_CURVE_WITH_KNOTS('',3,(#6752,#6753,#6754,#6755,#6756,#6757),
 .UNSPECIFIED.,.F.,.F.,(4,2,4),(0.,0.141075382959486,0.232831254834691),
 .UNSPECIFIED.);
#41=B_SPLINE_CURVE_WITH_KNOTS('',3,(#6912,#6913,#6914,#6915,#6916,#6917),
 .UNSPECIFIED.,.F.,.F.,(4,2,4),(0.606638688046209,0.698394559921413,0.839469942880899),
 .UNSPECIFIED.);
#42=B_SPLINE_CURVE_WITH_KNOTS('',3,(#6955,#6956,#6957,#6958,#6959,#6960,
#6961,#6962,#6963,#6964),.UNSPECIFIED.,.F.,.F.,(4,2,2,2,4),(0.,0.483172968381827,
0.966345936763654,1.37544606336778,1.78454618997191),.UNSPECIFIED.);
#43=ELLIPSE('',#4339,0.707106781186548,0.5);
#44=ELLIPSE('',#4340,0.667596209123372,0.5);
#45=ELLIPSE('',#4347,0.667596209123373,0.5);
#46=ELLIPSE('',#4348,0.707106781186549,0.5);
#47=ELLIPSE('',#4351,4.13310956601874,0.5);
#48=ELLIPSE('',#4354,0.712417029694028,0.5);
#49=ELLIPSE('',#4381,0.90520238066425,0.5);
#50=ELLIPSE('',#4389,0.503754912729424,0.5);
#51=ELLIPSE('',#4390,0.503754912729424,0.5);
#52=ELLIPSE('',#4391,0.503754912729424,0.5);
#53=ELLIPSE('',#4392,0.503754912729424,0.5);
#54=ELLIPSE('',#4393,0.503754912729424,0.5);
#55=ELLIPSE('',#4394,0.503754912729424,0.5);
#56=ELLIPSE('',#4397,0.90520238066425,0.5);
#57=ELLIPSE('',#4408,4.13310956601874,0.5);
#58=ELLIPSE('',#4410,0.712417029694028,0.5);
#59=ELLIPSE('',#4413,4.13310956601875,0.5);
#60=ELLIPSE('',#4429,4.13310956601876,0.5);
#61=ELLIPSE('',#4476,2.21652161600946,2.19999999999999);
#62=ELLIPSE('',#4479,2.21652161600953,2.20000000000006);
#63=ELLIPSE('',#4482,2.21652161600949,2.20000000000002);
#64=ELLIPSE('',#4485,2.21652161600949,2.20000000000002);
#65=ELLIPSE('',#4517,2.21652161600946,2.19999999999999);
#66=ELLIPSE('',#4518,2.21652161600946,2.19999999999999);
#67=ELLIPSE('',#4519,2.21652161600947,2.20000000000001);
#68=ELLIPSE('',#4584,2.21652161600949,2.20000000000002);
#69=CYLINDRICAL_SURFACE('',#4274,0.5);
#70=CYLINDRICAL_SURFACE('',#4277,0.5);
#71=CYLINDRICAL_SURFACE('',#4280,0.5);
#72=CYLINDRICAL_SURFACE('',#4283,0.5);
#73=CYLINDRICAL_SURFACE('',#4286,0.5);
#74=CYLINDRICAL_SURFACE('',#4289,0.5);
#75=CYLINDRICAL_SURFACE('',#4292,0.5);
#76=CYLINDRICAL_SURFACE('',#4295,0.5);
#77=CYLINDRICAL_SURFACE('',#4298,0.5);
#78=CYLINDRICAL_SURFACE('',#4301,0.5);
#79=CYLINDRICAL_SURFACE('',#4304,0.5);
#80=CYLINDRICAL_SURFACE('',#4330,0.5);
#81=CYLINDRICAL_SURFACE('',#4332,0.5);
#82=CYLINDRICAL_SURFACE('',#4334,0.5);
#83=CYLINDRICAL_SURFACE('',#4336,0.5);
#84=CYLINDRICAL_SURFACE('',#4344,0.5);
#85=CYLINDRICAL_SURFACE('',#4355,0.5);
#86=CYLINDRICAL_SURFACE('',#4361,0.5);
#87=CYLINDRICAL_SURFACE('',#4366,0.5);
#88=CYLINDRICAL_SURFACE('',#4370,0.8);
#89=CYLINDRICAL_SURFACE('',#4373,0.8);
#90=CYLINDRICAL_SURFACE('',#4377,0.5);
#91=CYLINDRICAL_SURFACE('',#4382,0.5);
#92=CYLINDRICAL_SURFACE('',#4398,0.5);
#93=CYLINDRICAL_SURFACE('',#4401,0.5);
#94=CYLINDRICAL_SURFACE('',#4404,0.5);
#95=CYLINDRICAL_SURFACE('',#4409,0.5);
#96=CYLINDRICAL_SURFACE('',#4411,0.5);
#97=CYLINDRICAL_SURFACE('',#4412,0.5);
#98=CYLINDRICAL_SURFACE('',#4414,0.5);
#99=CYLINDRICAL_SURFACE('',#4415,0.5);
#100=CYLINDRICAL_SURFACE('',#4416,0.5);
#101=CYLINDRICAL_SURFACE('',#4418,0.5);
#102=CYLINDRICAL_SURFACE('',#4419,0.5);
#103=CYLINDRICAL_SURFACE('',#4421,0.5);
#104=CYLINDRICAL_SURFACE('',#4423,0.5);
#105=CYLINDRICAL_SURFACE('',#4425,0.5);
#106=CYLINDRICAL_SURFACE('',#4426,0.5);
#107=CYLINDRICAL_SURFACE('',#4428,0.5);
#108=CYLINDRICAL_SURFACE('',#4430,0.5);
#109=CYLINDRICAL_SURFACE('',#4431,0.5);
#110=CYLINDRICAL_SURFACE('',#4437,1.2);
#111=CYLINDRICAL_SURFACE('',#4438,1.2);
#112=CYLINDRICAL_SURFACE('',#4451,1.2);
#113=CYLINDRICAL_SURFACE('',#4452,1.2);
#114=CYLINDRICAL_SURFACE('',#4458,1.2);
#115=CYLINDRICAL_SURFACE('',#4459,1.2);
#116=CYLINDRICAL_SURFACE('',#4460,150.);
#117=CYLINDRICAL_SURFACE('',#4463,5.20000000000003);
#118=CYLINDRICAL_SURFACE('',#4467,5.20000000000003);
#119=CYLINDRICAL_SURFACE('',#4475,2.19999999999999);
#120=CYLINDRICAL_SURFACE('',#4478,2.20000000000006);
#121=CYLINDRICAL_SURFACE('',#4481,2.20000000000002);
#122=CYLINDRICAL_SURFACE('',#4484,2.20000000000002);
#123=CYLINDRICAL_SURFACE('',#4495,1.20000000000005);
#124=CYLINDRICAL_SURFACE('',#4496,1.20000000000001);
#125=CYLINDRICAL_SURFACE('',#4497,1.20000000000001);
#126=CYLINDRICAL_SURFACE('',#4498,1.19999999999997);
#127=CYLINDRICAL_SURFACE('',#4508,1.2);
#128=CYLINDRICAL_SURFACE('',#4512,1.2);
#129=CYLINDRICAL_SURFACE('',#4520,1.2);
#130=CYLINDRICAL_SURFACE('',#4530,0.8);
#131=CYLINDRICAL_SURFACE('',#4531,0.8);
#132=CYLINDRICAL_SURFACE('',#4536,0.8);
#133=CYLINDRICAL_SURFACE('',#4541,1.2);
#134=CYLINDRICAL_SURFACE('',#4542,1.2);
#135=CYLINDRICAL_SURFACE('',#4552,1.2);
#136=CYLINDRICAL_SURFACE('',#4557,1.2);
#137=CYLINDRICAL_SURFACE('',#4558,1.2);
#138=CYLINDRICAL_SURFACE('',#4564,1.2);
#139=CYLINDRICAL_SURFACE('',#4565,1.2);
#140=CYLINDRICAL_SURFACE('',#4585,150.);
#141=CYLINDRICAL_SURFACE('',#4586,5.55500000000008);
#142=CYLINDRICAL_SURFACE('',#4589,7.62539894056069);
#143=CYLINDRICAL_SURFACE('',#4591,1.111);
#144=CYLINDRICAL_SURFACE('',#4593,5.73055681988865);
#145=CYLINDRICAL_SURFACE('',#4596,3.333);
#146=CYLINDRICAL_SURFACE('',#4598,2.22200000000001);
#147=CYLINDRICAL_SURFACE('',#4600,5.555);
#148=CYLINDRICAL_SURFACE('',#4603,7.62539894056058);
#149=CYLINDRICAL_SURFACE('',#4605,1.111);
#150=CYLINDRICAL_SURFACE('',#4607,5.73055686878933);
#151=CYLINDRICAL_SURFACE('',#4610,3.333);
#152=CYLINDRICAL_SURFACE('',#4612,2.22200000000008);
#153=CYLINDRICAL_SURFACE('',#4615,5.20000000000003);
#154=CYLINDRICAL_SURFACE('',#4618,5.20000000000003);
#155=CYLINDRICAL_SURFACE('',#4642,2.19999999999999);
#156=CYLINDRICAL_SURFACE('',#4644,2.19999999999999);
#157=CYLINDRICAL_SURFACE('',#4646,2.20000000000001);
#158=CYLINDRICAL_SURFACE('',#4648,2.20000000000002);
#159=CYLINDRICAL_SURFACE('',#4658,1.20000000000001);
#160=CYLINDRICAL_SURFACE('',#4659,1.20000000000001);
#161=CYLINDRICAL_SURFACE('',#4660,1.19999999999997);
#162=CYLINDRICAL_SURFACE('',#4661,1.19999999999997);
#163=FACE_BOUND('',#607,.T.);
#164=FACE_BOUND('',#642,.T.);
#165=FACE_BOUND('',#643,.T.);
#166=FACE_BOUND('',#644,.T.);
#167=FACE_BOUND('',#645,.T.);
#168=FACE_BOUND('',#646,.T.);
#169=FACE_BOUND('',#647,.T.);
#170=FACE_BOUND('',#648,.T.);
#171=FACE_BOUND('',#649,.T.);
#172=FACE_BOUND('',#650,.T.);
#173=FACE_BOUND('',#679,.T.);
#174=FACE_BOUND('',#735,.T.);
#175=FACE_BOUND('',#737,.T.);
#176=FACE_BOUND('',#739,.T.);
#177=FACE_BOUND('',#741,.T.);
#178=FACE_BOUND('',#759,.T.);
#179=FACE_BOUND('',#760,.T.);
#180=FACE_BOUND('',#761,.T.);
#181=FACE_BOUND('',#762,.T.);
#182=FACE_BOUND('',#791,.T.);
#183=FACE_BOUND('',#792,.T.);
#184=FACE_BOUND('',#793,.T.);
#185=FACE_BOUND('',#794,.T.);
#186=FACE_BOUND('',#795,.T.);
#187=FACE_BOUND('',#796,.T.);
#188=FACE_BOUND('',#797,.T.);
#189=FACE_BOUND('',#798,.T.);
#190=FACE_BOUND('',#799,.T.);
#191=FACE_BOUND('',#848,.T.);
#192=FACE_BOUND('',#850,.T.);
#193=FACE_BOUND('',#852,.T.);
#194=FACE_BOUND('',#854,.T.);
#195=CIRCLE('',#4240,1.2);
#196=CIRCLE('',#4241,1.2);
#197=CIRCLE('',#4242,1.2);
#198=CIRCLE('',#4243,1.2);
#199=CIRCLE('',#4244,0.5);
#200=CIRCLE('',#4245,0.5);
#201=CIRCLE('',#4246,0.5);
#202=CIRCLE('',#4247,0.5);
#203=CIRCLE('',#4248,0.5);
#204=CIRCLE('',#4249,0.5);
#205=CIRCLE('',#4250,0.5);
#206=CIRCLE('',#4251,0.5);
#207=CIRCLE('',#4252,0.5);
#208=CIRCLE('',#4253,0.5);
#209=CIRCLE('',#4254,0.5);
#210=CIRCLE('',#4255,0.5);
#211=CIRCLE('',#4256,0.5);
#212=CIRCLE('',#4257,0.5);
#213=CIRCLE('',#4258,0.5);
#214=CIRCLE('',#4259,0.5);
#215=CIRCLE('',#4260,0.5);
#216=CIRCLE('',#4261,0.5);
#217=CIRCLE('',#4275,0.5);
#218=CIRCLE('',#4278,0.5);
#219=CIRCLE('',#4281,0.5);
#220=CIRCLE('',#4284,0.5);
#221=CIRCLE('',#4287,0.5);
#222=CIRCLE('',#4290,0.5);
#223=CIRCLE('',#4293,0.5);
#224=CIRCLE('',#4296,0.5);
#225=CIRCLE('',#4299,0.5);
#226=CIRCLE('',#4302,0.5);
#227=CIRCLE('',#4305,0.5);
#228=CIRCLE('',#4307,0.5);
#229=CIRCLE('',#4308,0.5);
#230=CIRCLE('',#4309,0.5);
#231=CIRCLE('',#4310,0.5);
#232=CIRCLE('',#4311,0.5);
#233=CIRCLE('',#4312,0.5);
#234=CIRCLE('',#4313,0.5);
#235=CIRCLE('',#4314,1.20000000000001);
#236=CIRCLE('',#4315,1.20000000000001);
#237=CIRCLE('',#4316,1.19999999999997);
#238=CIRCLE('',#4317,1.19999999999997);
#239=CIRCLE('',#4318,1.19999999999997);
#240=CIRCLE('',#4319,1.20000000000001);
#241=CIRCLE('',#4320,1.20000000000001);
#242=CIRCLE('',#4321,1.20000000000005);
#243=CIRCLE('',#4322,0.5);
#244=CIRCLE('',#4323,0.5);
#245=CIRCLE('',#4324,0.5);
#246=CIRCLE('',#4325,0.5);
#247=CIRCLE('',#4326,0.5);
#248=CIRCLE('',#4327,0.5);
#249=CIRCLE('',#4328,0.5);
#250=CIRCLE('',#4329,0.5);
#251=CIRCLE('',#4337,0.5);
#252=CIRCLE('',#4338,0.5);
#253=CIRCLE('',#4345,0.5);
#254=CIRCLE('',#4346,0.5);
#255=CIRCLE('',#4352,0.5);
#256=CIRCLE('',#4356,0.5);
#257=CIRCLE('',#4357,0.500000000000007);
#258=CIRCLE('',#4358,0.499999999999984);
#259=CIRCLE('',#4359,0.3);
#260=CIRCLE('',#4360,0.8);
#261=CIRCLE('',#4362,0.499999999999974);
#262=CIRCLE('',#4363,0.499999999999972);
#263=CIRCLE('',#4364,0.3);
#264=CIRCLE('',#4365,0.8);
#265=CIRCLE('',#4367,0.5);
#266=CIRCLE('',#4369,2.);
#267=CIRCLE('',#4371,0.799999999999999);
#268=CIRCLE('',#4374,0.799999999999983);
#269=CIRCLE('',#4376,2.);
#270=CIRCLE('',#4378,0.5);
#271=CIRCLE('',#4379,0.5);
#272=CIRCLE('',#4383,0.5);
#273=CIRCLE('',#4384,0.5);
#274=CIRCLE('',#4386,0.5);
#275=CIRCLE('',#4387,0.5);
#276=CIRCLE('',#4388,0.5);
#277=CIRCLE('',#4395,0.5);
#278=CIRCLE('',#4399,0.5);
#279=CIRCLE('',#4402,0.5);
#280=CIRCLE('',#4405,0.5);
#281=CIRCLE('',#4434,1.20000000000003);
#282=CIRCLE('',#4435,1.2);
#283=CIRCLE('',#4436,1.19999999999997);
#284=CIRCLE('',#4439,1.19999999999997);
#285=CIRCLE('',#4441,1.2);
#286=CIRCLE('',#4442,2.4);
#287=CIRCLE('',#4444,1.19999999999997);
#288=CIRCLE('',#4445,1.19999999999999);
#289=CIRCLE('',#4446,1.19999999999997);
#290=CIRCLE('',#4448,1.19999999999997);
#291=CIRCLE('',#4449,1.19999999999997);
#292=CIRCLE('',#4450,1.19999999999999);
#293=CIRCLE('',#4453,1.19999999999997);
#294=CIRCLE('',#4455,1.19999999999997);
#295=CIRCLE('',#4456,150.);
#296=CIRCLE('',#4457,148.8);
#297=CIRCLE('',#4461,150.);
#298=CIRCLE('',#4464,5.20000000000003);
#299=CIRCLE('',#4465,5.20000000000003);
#300=CIRCLE('',#4468,5.20000000000003);
#301=CIRCLE('',#4469,5.20000000000003);
#302=CIRCLE('',#4477,2.19999999999999);
#303=CIRCLE('',#4480,2.20000000000006);
#304=CIRCLE('',#4483,2.20000000000002);
#305=CIRCLE('',#4486,2.20000000000002);
#306=CIRCLE('',#4488,1.20000000000005);
#307=CIRCLE('',#4490,1.20000000000001);
#308=CIRCLE('',#4492,1.20000000000001);
#309=CIRCLE('',#4494,1.19999999999997);
#310=CIRCLE('',#4509,1.20000000000003);
#311=CIRCLE('',#4511,1.6);
#312=CIRCLE('',#4513,1.2);
#313=CIRCLE('',#4514,1.2);
#314=CIRCLE('',#4515,1.2);
#315=CIRCLE('',#4521,1.19999999999997);
#316=CIRCLE('',#4524,0.800000000000022);
#317=CIRCLE('',#4525,0.799999999999983);
#318=CIRCLE('',#4527,1.59999999999997);
#319=CIRCLE('',#4528,0.799999999999994);
#320=CIRCLE('',#4529,0.800000000000022);
#321=CIRCLE('',#4532,0.799999999999983);
#322=CIRCLE('',#4535,0.799999999999379);
#323=CIRCLE('',#4539,1.19999999999999);
#324=CIRCLE('',#4540,1.19999999999999);
#325=CIRCLE('',#4543,1.2000000000001);
#326=CIRCLE('',#4545,2.4);
#327=CIRCLE('',#4547,150.);
#328=CIRCLE('',#4550,1.19999999999997);
#329=CIRCLE('',#4551,1.19999999999999);
#330=CIRCLE('',#4554,1.19999999999997);
#331=CIRCLE('',#4555,1.2);
#332=CIRCLE('',#4556,1.19999999999999);
#333=CIRCLE('',#4559,1.20000000000001);
#334=CIRCLE('',#4561,1.20000000000001);
#335=CIRCLE('',#4562,150.);
#336=CIRCLE('',#4563,148.8);
#337=CIRCLE('',#4570,5.55500000000008);
#338=CIRCLE('',#4571,2.22200000000008);
#339=CIRCLE('',#4572,3.333);
#340=CIRCLE('',#4573,5.73055686878933);
#341=CIRCLE('',#4574,1.111);
#342=CIRCLE('',#4575,7.62539894056058);
#343=CIRCLE('',#4576,5.555);
#344=CIRCLE('',#4577,2.22200000000001);
#345=CIRCLE('',#4578,3.333);
#346=CIRCLE('',#4579,5.73055681988865);
#347=CIRCLE('',#4580,1.111);
#348=CIRCLE('',#4581,7.62539894056069);
#349=CIRCLE('',#4582,5.20000000000003);
#350=CIRCLE('',#4583,5.20000000000003);
#351=CIRCLE('',#4587,5.55500000000008);
#352=CIRCLE('',#4590,7.62539894056069);
#353=CIRCLE('',#4592,1.111);
#354=CIRCLE('',#4594,5.73055681988865);
#355=CIRCLE('',#4597,3.333);
#356=CIRCLE('',#4599,2.22200000000001);
#357=CIRCLE('',#4601,5.555);
#358=CIRCLE('',#4604,7.62539894056058);
#359=CIRCLE('',#4606,1.111);
#360=CIRCLE('',#4608,5.73055686878933);
#361=CIRCLE('',#4611,3.333);
#362=CIRCLE('',#4613,2.22200000000008);
#363=CIRCLE('',#4616,5.20000000000003);
#364=CIRCLE('',#4619,5.20000000000003);
#365=CIRCLE('',#4643,2.19999999999999);
#366=CIRCLE('',#4645,2.19999999999999);
#367=CIRCLE('',#4647,2.20000000000001);
#368=CIRCLE('',#4649,2.20000000000002);
#369=CIRCLE('',#4651,1.20000000000001);
#370=CIRCLE('',#4653,1.20000000000001);
#371=CIRCLE('',#4655,1.19999999999997);
#372=CIRCLE('',#4657,1.19999999999997);
#373=FACE_OUTER_BOUND('',#604,.T.);
#374=FACE_OUTER_BOUND('',#605,.T.);
#375=FACE_OUTER_BOUND('',#606,.T.);
#376=FACE_OUTER_BOUND('',#608,.T.);
#377=FACE_OUTER_BOUND('',#609,.T.);
#378=FACE_OUTER_BOUND('',#610,.T.);
#379=FACE_OUTER_BOUND('',#611,.T.);
#380=FACE_OUTER_BOUND('',#612,.T.);
#381=FACE_OUTER_BOUND('',#613,.T.);
#382=FACE_OUTER_BOUND('',#614,.T.);
#383=FACE_OUTER_BOUND('',#615,.T.);
#384=FACE_OUTER_BOUND('',#616,.T.);
#385=FACE_OUTER_BOUND('',#617,.T.);
#386=FACE_OUTER_BOUND('',#618,.T.);
#387=FACE_OUTER_BOUND('',#619,.T.);
#388=FACE_OUTER_BOUND('',#620,.T.);
#389=FACE_OUTER_BOUND('',#621,.T.);
#390=FACE_OUTER_BOUND('',#622,.T.);
#391=FACE_OUTER_BOUND('',#623,.T.);
#392=FACE_OUTER_BOUND('',#624,.T.);
#393=FACE_OUTER_BOUND('',#625,.T.);
#394=FACE_OUTER_BOUND('',#626,.T.);
#395=FACE_OUTER_BOUND('',#627,.T.);
#396=FACE_OUTER_BOUND('',#628,.T.);
#397=FACE_OUTER_BOUND('',#629,.T.);
#398=FACE_OUTER_BOUND('',#630,.T.);
#399=FACE_OUTER_BOUND('',#631,.T.);
#400=FACE_OUTER_BOUND('',#632,.T.);
#401=FACE_OUTER_BOUND('',#633,.T.);
#402=FACE_OUTER_BOUND('',#634,.T.);
#403=FACE_OUTER_BOUND('',#635,.T.);
#404=FACE_OUTER_BOUND('',#636,.T.);
#405=FACE_OUTER_BOUND('',#637,.T.);
#406=FACE_OUTER_BOUND('',#638,.T.);
#407=FACE_OUTER_BOUND('',#639,.T.);
#408=FACE_OUTER_BOUND('',#640,.T.);
#409=FACE_OUTER_BOUND('',#641,.T.);
#410=FACE_OUTER_BOUND('',#651,.T.);
#411=FACE_OUTER_BOUND('',#652,.T.);
#412=FACE_OUTER_BOUND('',#653,.T.);
#413=FACE_OUTER_BOUND('',#654,.T.);
#414=FACE_OUTER_BOUND('',#655,.T.);
#415=FACE_OUTER_BOUND('',#656,.T.);
#416=FACE_OUTER_BOUND('',#657,.T.);
#417=FACE_OUTER_BOUND('',#658,.T.);
#418=FACE_OUTER_BOUND('',#659,.T.);
#419=FACE_OUTER_BOUND('',#660,.T.);
#420=FACE_OUTER_BOUND('',#661,.T.);
#421=FACE_OUTER_BOUND('',#662,.T.);
#422=FACE_OUTER_BOUND('',#663,.T.);
#423=FACE_OUTER_BOUND('',#664,.T.);
#424=FACE_OUTER_BOUND('',#665,.T.);
#425=FACE_OUTER_BOUND('',#666,.T.);
#426=FACE_OUTER_BOUND('',#667,.T.);
#427=FACE_OUTER_BOUND('',#668,.T.);
#428=FACE_OUTER_BOUND('',#669,.T.);
#429=FACE_OUTER_BOUND('',#670,.T.);
#430=FACE_OUTER_BOUND('',#671,.T.);
#431=FACE_OUTER_BOUND('',#672,.T.);
#432=FACE_OUTER_BOUND('',#673,.T.);
#433=FACE_OUTER_BOUND('',#674,.T.);
#434=FACE_OUTER_BOUND('',#675,.T.);
#435=FACE_OUTER_BOUND('',#676,.T.);
#436=FACE_OUTER_BOUND('',#677,.T.);
#437=FACE_OUTER_BOUND('',#678,.T.);
#438=FACE_OUTER_BOUND('',#680,.T.);
#439=FACE_OUTER_BOUND('',#681,.T.);
#440=FACE_OUTER_BOUND('',#682,.T.);
#441=FACE_OUTER_BOUND('',#683,.T.);
#442=FACE_OUTER_BOUND('',#684,.T.);
#443=FACE_OUTER_BOUND('',#685,.T.);
#444=FACE_OUTER_BOUND('',#686,.T.);
#445=FACE_OUTER_BOUND('',#687,.T.);
#446=FACE_OUTER_BOUND('',#688,.T.);
#447=FACE_OUTER_BOUND('',#689,.T.);
#448=FACE_OUTER_BOUND('',#690,.T.);
#449=FACE_OUTER_BOUND('',#691,.T.);
#450=FACE_OUTER_BOUND('',#692,.T.);
#451=FACE_OUTER_BOUND('',#693,.T.);
#452=FACE_OUTER_BOUND('',#694,.T.);
#453=FACE_OUTER_BOUND('',#695,.T.);
#454=FACE_OUTER_BOUND('',#696,.T.);
#455=FACE_OUTER_BOUND('',#697,.T.);
#456=FACE_OUTER_BOUND('',#698,.T.);
#457=FACE_OUTER_BOUND('',#699,.T.);
#458=FACE_OUTER_BOUND('',#700,.T.);
#459=FACE_OUTER_BOUND('',#701,.T.);
#460=FACE_OUTER_BOUND('',#702,.T.);
#461=FACE_OUTER_BOUND('',#703,.T.);
#462=FACE_OUTER_BOUND('',#704,.T.);
#463=FACE_OUTER_BOUND('',#705,.T.);
#464=FACE_OUTER_BOUND('',#706,.T.);
#465=FACE_OUTER_BOUND('',#707,.T.);
#466=FACE_OUTER_BOUND('',#708,.T.);
#467=FACE_OUTER_BOUND('',#709,.T.);
#468=FACE_OUTER_BOUND('',#710,.T.);
#469=FACE_OUTER_BOUND('',#711,.T.);
#470=FACE_OUTER_BOUND('',#712,.T.);
#471=FACE_OUTER_BOUND('',#713,.T.);
#472=FACE_OUTER_BOUND('',#714,.T.);
#473=FACE_OUTER_BOUND('',#715,.T.);
#474=FACE_OUTER_BOUND('',#716,.T.);
#475=FACE_OUTER_BOUND('',#717,.T.);
#476=FACE_OUTER_BOUND('',#718,.T.);
#477=FACE_OUTER_BOUND('',#719,.T.);
#478=FACE_OUTER_BOUND('',#720,.T.);
#479=FACE_OUTER_BOUND('',#721,.T.);
#480=FACE_OUTER_BOUND('',#722,.T.);
#481=FACE_OUTER_BOUND('',#723,.T.);
#482=FACE_OUTER_BOUND('',#724,.T.);
#483=FACE_OUTER_BOUND('',#725,.T.);
#484=FACE_OUTER_BOUND('',#726,.T.);
#485=FACE_OUTER_BOUND('',#727,.T.);
#486=FACE_OUTER_BOUND('',#728,.T.);
#487=FACE_OUTER_BOUND('',#729,.T.);
#488=FACE_OUTER_BOUND('',#730,.T.);
#489=FACE_OUTER_BOUND('',#731,.T.);
#490=FACE_OUTER_BOUND('',#732,.T.);
#491=FACE_OUTER_BOUND('',#733,.T.);
#492=FACE_OUTER_BOUND('',#734,.T.);
#493=FACE_OUTER_BOUND('',#736,.T.);
#494=FACE_OUTER_BOUND('',#738,.T.);
#495=FACE_OUTER_BOUND('',#740,.T.);
#496=FACE_OUTER_BOUND('',#742,.T.);
#497=FACE_OUTER_BOUND('',#743,.T.);
#498=FACE_OUTER_BOUND('',#744,.T.);
#499=FACE_OUTER_BOUND('',#745,.T.);
#500=FACE_OUTER_BOUND('',#746,.T.);
#501=FACE_OUTER_BOUND('',#747,.T.);
#502=FACE_OUTER_BOUND('',#748,.T.);
#503=FACE_OUTER_BOUND('',#749,.T.);
#504=FACE_OUTER_BOUND('',#750,.T.);
#505=FACE_OUTER_BOUND('',#751,.T.);
#506=FACE_OUTER_BOUND('',#752,.T.);
#507=FACE_OUTER_BOUND('',#753,.T.);
#508=FACE_OUTER_BOUND('',#754,.T.);
#509=FACE_OUTER_BOUND('',#755,.T.);
#510=FACE_OUTER_BOUND('',#756,.T.);
#511=FACE_OUTER_BOUND('',#757,.T.);
#512=FACE_OUTER_BOUND('',#758,.T.);
#513=FACE_OUTER_BOUND('',#763,.T.);
#514=FACE_OUTER_BOUND('',#764,.T.);
#515=FACE_OUTER_BOUND('',#765,.T.);
#516=FACE_OUTER_BOUND('',#766,.T.);
#517=FACE_OUTER_BOUND('',#767,.T.);
#518=FACE_OUTER_BOUND('',#768,.T.);
#519=FACE_OUTER_BOUND('',#769,.T.);
#520=FACE_OUTER_BOUND('',#770,.T.);
#521=FACE_OUTER_BOUND('',#771,.T.);
#522=FACE_OUTER_BOUND('',#772,.T.);
#523=FACE_OUTER_BOUND('',#773,.T.);
#524=FACE_OUTER_BOUND('',#774,.T.);
#525=FACE_OUTER_BOUND('',#775,.T.);
#526=FACE_OUTER_BOUND('',#776,.T.);
#527=FACE_OUTER_BOUND('',#777,.T.);
#528=FACE_OUTER_BOUND('',#778,.T.);
#529=FACE_OUTER_BOUND('',#779,.T.);
#530=FACE_OUTER_BOUND('',#780,.T.);
#531=FACE_OUTER_BOUND('',#781,.T.);
#532=FACE_OUTER_BOUND('',#782,.T.);
#533=FACE_OUTER_BOUND('',#783,.T.);
#534=FACE_OUTER_BOUND('',#784,.T.);
#535=FACE_OUTER_BOUND('',#785,.T.);
#536=FACE_OUTER_BOUND('',#786,.T.);
#537=FACE_OUTER_BOUND('',#787,.T.);
#538=FACE_OUTER_BOUND('',#788,.T.);
#539=FACE_OUTER_BOUND('',#789,.T.);
#540=FACE_OUTER_BOUND('',#790,.T.);
#541=FACE_OUTER_BOUND('',#800,.T.);
#542=FACE_OUTER_BOUND('',#801,.T.);
#543=FACE_OUTER_BOUND('',#802,.T.);
#544=FACE_OUTER_BOUND('',#803,.T.);
#545=FACE_OUTER_BOUND('',#804,.T.);
#546=FACE_OUTER_BOUND('',#805,.T.);
#547=FACE_OUTER_BOUND('',#806,.T.);
#548=FACE_OUTER_BOUND('',#807,.T.);
#549=FACE_OUTER_BOUND('',#808,.T.);
#550=FACE_OUTER_BOUND('',#809,.T.);
#551=FACE_OUTER_BOUND('',#810,.T.);
#552=FACE_OUTER_BOUND('',#811,.T.);
#553=FACE_OUTER_BOUND('',#812,.T.);
#554=FACE_OUTER_BOUND('',#813,.T.);
#555=FACE_OUTER_BOUND('',#814,.T.);
#556=FACE_OUTER_BOUND('',#815,.T.);
#557=FACE_OUTER_BOUND('',#816,.T.);
#558=FACE_OUTER_BOUND('',#817,.T.);
#559=FACE_OUTER_BOUND('',#818,.T.);
#560=FACE_OUTER_BOUND('',#819,.T.);
#561=FACE_OUTER_BOUND('',#820,.T.);
#562=FACE_OUTER_BOUND('',#821,.T.);
#563=FACE_OUTER_BOUND('',#822,.T.);
#564=FACE_OUTER_BOUND('',#823,.T.);
#565=FACE_OUTER_BOUND('',#824,.T.);
#566=FACE_OUTER_BOUND('',#825,.T.);
#567=FACE_OUTER_BOUND('',#826,.T.);
#568=FACE_OUTER_BOUND('',#827,.T.);
#569=FACE_OUTER_BOUND('',#828,.T.);
#570=FACE_OUTER_BOUND('',#829,.T.);
#571=FACE_OUTER_BOUND('',#830,.T.);
#572=FACE_OUTER_BOUND('',#831,.T.);
#573=FACE_OUTER_BOUND('',#832,.T.);
#574=FACE_OUTER_BOUND('',#833,.T.);
#575=FACE_OUTER_BOUND('',#834,.T.);
#576=FACE_OUTER_BOUND('',#835,.T.);
#577=FACE_OUTER_BOUND('',#836,.T.);
#578=FACE_OUTER_BOUND('',#837,.T.);
#579=FACE_OUTER_BOUND('',#838,.T.);
#580=FACE_OUTER_BOUND('',#839,.T.);
#581=FACE_OUTER_BOUND('',#840,.T.);
#582=FACE_OUTER_BOUND('',#841,.T.);
#583=FACE_OUTER_BOUND('',#842,.T.);
#584=FACE_OUTER_BOUND('',#843,.T.);
#585=FACE_OUTER_BOUND('',#844,.T.);
#586=FACE_OUTER_BOUND('',#845,.T.);
#587=FACE_OUTER_BOUND('',#846,.T.);
#588=FACE_OUTER_BOUND('',#847,.T.);
#589=FACE_OUTER_BOUND('',#849,.T.);
#590=FACE_OUTER_BOUND('',#851,.T.);
#591=FACE_OUTER_BOUND('',#853,.T.);
#592=FACE_OUTER_BOUND('',#855,.T.);
#593=FACE_OUTER_BOUND('',#856,.T.);
#594=FACE_OUTER_BOUND('',#857,.T.);
#595=FACE_OUTER_BOUND('',#858,.T.);
#596=FACE_OUTER_BOUND('',#859,.T.);
#597=FACE_OUTER_BOUND('',#860,.T.);
#598=FACE_OUTER_BOUND('',#861,.T.);
#599=FACE_OUTER_BOUND('',#862,.T.);
#600=FACE_OUTER_BOUND('',#863,.T.);
#601=FACE_OUTER_BOUND('',#864,.T.);
#602=FACE_OUTER_BOUND('',#865,.T.);
#603=FACE_OUTER_BOUND('',#866,.T.);
#604=EDGE_LOOP('',(#2656,#2657,#2658,#2659));
#605=EDGE_LOOP('',(#2660,#2661,#2662,#2663));
#606=EDGE_LOOP('',(#2664,#2665,#2666,#2667,#2668,#2669,#2670,#2671));
#607=EDGE_LOOP('',(#2672,#2673,#2674,#2675,#2676,#2677,#2678,#2679,#2680,
#2681,#2682,#2683,#2684,#2685,#2686,#2687,#2688,#2689,#2690,#2691,#2692,
#2693,#2694,#2695,#2696,#2697,#2698,#2699,#2700,#2701,#2702,#2703,#2704,
#2705,#2706,#2707,#2708,#2709,#2710,#2711,#2712,#2713,#2714,#2715,#2716,
#2717,#2718,#2719,#2720,#2721));
#608=EDGE_LOOP('',(#2722,#2723,#2724,#2725));
#609=EDGE_LOOP('',(#2726,#2727,#2728,#2729));
#610=EDGE_LOOP('',(#2730,#2731,#2732,#2733));
#611=EDGE_LOOP('',(#2734,#2735,#2736,#2737));
#612=EDGE_LOOP('',(#2738,#2739,#2740,#2741));
#613=EDGE_LOOP('',(#2742,#2743,#2744,#2745));
#614=EDGE_LOOP('',(#2746,#2747,#2748,#2749));
#615=EDGE_LOOP('',(#2750,#2751,#2752,#2753));
#616=EDGE_LOOP('',(#2754,#2755,#2756,#2757));
#617=EDGE_LOOP('',(#2758,#2759,#2760,#2761));
#618=EDGE_LOOP('',(#2762,#2763,#2764,#2765));
#619=EDGE_LOOP('',(#2766,#2767,#2768,#2769));
#620=EDGE_LOOP('',(#2770,#2771,#2772,#2773));
#621=EDGE_LOOP('',(#2774,#2775,#2776,#2777));
#622=EDGE_LOOP('',(#2778,#2779,#2780,#2781));
#623=EDGE_LOOP('',(#2782,#2783,#2784,#2785,#2786,#2787));
#624=EDGE_LOOP('',(#2788,#2789,#2790,#2791));
#625=EDGE_LOOP('',(#2792,#2793,#2794,#2795,#2796,#2797));
#626=EDGE_LOOP('',(#2798,#2799,#2800,#2801));
#627=EDGE_LOOP('',(#2802,#2803,#2804,#2805));
#628=EDGE_LOOP('',(#2806,#2807,#2808,#2809));
#629=EDGE_LOOP('',(#2810,#2811,#2812,#2813,#2814,#2815));
#630=EDGE_LOOP('',(#2816,#2817,#2818,#2819));
#631=EDGE_LOOP('',(#2820,#2821,#2822,#2823));
#632=EDGE_LOOP('',(#2824,#2825,#2826,#2827));
#633=EDGE_LOOP('',(#2828,#2829,#2830,#2831));
#634=EDGE_LOOP('',(#2832,#2833,#2834,#2835));
#635=EDGE_LOOP('',(#2836,#2837,#2838,#2839,#2840,#2841));
#636=EDGE_LOOP('',(#2842,#2843,#2844,#2845));
#637=EDGE_LOOP('',(#2846,#2847,#2848,#2849,#2850,#2851));
#638=EDGE_LOOP('',(#2852,#2853,#2854,#2855));
#639=EDGE_LOOP('',(#2856,#2857,#2858,#2859));
#640=EDGE_LOOP('',(#2860,#2861,#2862,#2863));
#641=EDGE_LOOP('',(#2864,#2865,#2866,#2867,#2868,#2869,#2870,#2871,#2872,
#2873,#2874,#2875,#2876,#2877,#2878,#2879,#2880,#2881,#2882,#2883,#2884,
#2885,#2886,#2887,#2888,#2889,#2890,#2891,#2892,#2893,#2894,#2895,#2896,
#2897,#2898,#2899,#2900,#2901,#2902,#2903,#2904,#2905,#2906,#2907,#2908,
#2909,#2910,#2911,#2912,#2913));
#642=EDGE_LOOP('',(#2914));
#643=EDGE_LOOP('',(#2915));
#644=EDGE_LOOP('',(#2916));
#645=EDGE_LOOP('',(#2917));
#646=EDGE_LOOP('',(#2918));
#647=EDGE_LOOP('',(#2919));
#648=EDGE_LOOP('',(#2920));
#649=EDGE_LOOP('',(#2921));
#650=EDGE_LOOP('',(#2922,#2923,#2924,#2925,#2926,#2927,#2928,#2929,#2930,
#2931,#2932,#2933,#2934,#2935,#2936,#2937));
#651=EDGE_LOOP('',(#2938,#2939,#2940,#2941));
#652=EDGE_LOOP('',(#2942,#2943,#2944,#2945,#2946,#2947));
#653=EDGE_LOOP('',(#2948,#2949,#2950,#2951));
#654=EDGE_LOOP('',(#2952,#2953,#2954,#2955,#2956,#2957));
#655=EDGE_LOOP('',(#2958,#2959,#2960,#2961));
#656=EDGE_LOOP('',(#2962,#2963,#2964,#2965));
#657=EDGE_LOOP('',(#2966,#2967,#2968,#2969,#2970,#2971,#2972,#2973));
#658=EDGE_LOOP('',(#2974,#2975,#2976,#2977,#2978,#2979,#2980,#2981,#2982,
#2983));
#659=EDGE_LOOP('',(#2984,#2985,#2986,#2987));
#660=EDGE_LOOP('',(#2988,#2989,#2990,#2991,#2992));
#661=EDGE_LOOP('',(#2993,#2994,#2995,#2996,#2997,#2998,#2999,#3000));
#662=EDGE_LOOP('',(#3001,#3002,#3003,#3004));
#663=EDGE_LOOP('',(#3005,#3006,#3007,#3008,#3009,#3010));
#664=EDGE_LOOP('',(#3011,#3012,#3013,#3014,#3015,#3016,#3017));
#665=EDGE_LOOP('',(#3018,#3019,#3020,#3021));
#666=EDGE_LOOP('',(#3022,#3023,#3024,#3025));
#667=EDGE_LOOP('',(#3026,#3027,#3028,#3029));
#668=EDGE_LOOP('',(#3030,#3031,#3032,#3033));
#669=EDGE_LOOP('',(#3034,#3035,#3036,#3037));
#670=EDGE_LOOP('',(#3038,#3039,#3040,#3041,#3042,#3043,#3044,#3045,#3046));
#671=EDGE_LOOP('',(#3047,#3048,#3049,#3050));
#672=EDGE_LOOP('',(#3051,#3052,#3053,#3054));
#673=EDGE_LOOP('',(#3055,#3056,#3057,#3058));
#674=EDGE_LOOP('',(#3059,#3060,#3061,#3062,#3063,#3064,#3065,#3066,#3067));
#675=EDGE_LOOP('',(#3068,#3069,#3070,#3071));
#676=EDGE_LOOP('',(#3072,#3073,#3074,#3075,#3076,#3077,#3078,#3079));
#677=EDGE_LOOP('',(#3080,#3081,#3082,#3083));
#678=EDGE_LOOP('',(#3084,#3085,#3086,#3087,#3088,#3089,#3090,#3091,#3092,
#3093,#3094,#3095,#3096,#3097,#3098,#3099,#3100,#3101,#3102,#3103,#3104,
#3105,#3106,#3107,#3108,#3109,#3110,#3111,#3112,#3113,#3114,#3115,#3116,
#3117,#3118,#3119));
#679=EDGE_LOOP('',(#3120,#3121,#3122,#3123));
#680=EDGE_LOOP('',(#3124,#3125,#3126,#3127,#3128,#3129,#3130,#3131));
#681=EDGE_LOOP('',(#3132,#3133,#3134,#3135));
#682=EDGE_LOOP('',(#3136,#3137,#3138,#3139));
#683=EDGE_LOOP('',(#3140,#3141,#3142,#3143));
#684=EDGE_LOOP('',(#3144,#3145,#3146,#3147));
#685=EDGE_LOOP('',(#3148,#3149,#3150,#3151,#3152));
#686=EDGE_LOOP('',(#3153,#3154,#3155,#3156));
#687=EDGE_LOOP('',(#3157,#3158,#3159,#3160,#3161,#3162));
#688=EDGE_LOOP('',(#3163,#3164,#3165,#3166));
#689=EDGE_LOOP('',(#3167,#3168,#3169,#3170));
#690=EDGE_LOOP('',(#3171,#3172,#3173,#3174));
#691=EDGE_LOOP('',(#3175,#3176,#3177,#3178));
#692=EDGE_LOOP('',(#3179,#3180,#3181,#3182));
#693=EDGE_LOOP('',(#3183,#3184,#3185,#3186));
#694=EDGE_LOOP('',(#3187,#3188,#3189,#3190));
#695=EDGE_LOOP('',(#3191,#3192,#3193,#3194));
#696=EDGE_LOOP('',(#3195,#3196,#3197,#3198));
#697=EDGE_LOOP('',(#3199,#3200,#3201,#3202));
#698=EDGE_LOOP('',(#3203,#3204,#3205,#3206));
#699=EDGE_LOOP('',(#3207,#3208,#3209,#3210));
#700=EDGE_LOOP('',(#3211,#3212,#3213,#3214));
#701=EDGE_LOOP('',(#3215,#3216,#3217,#3218));
#702=EDGE_LOOP('',(#3219,#3220,#3221,#3222));
#703=EDGE_LOOP('',(#3223,#3224,#3225,#3226,#3227));
#704=EDGE_LOOP('',(#3228,#3229,#3230,#3231));
#705=EDGE_LOOP('',(#3232,#3233,#3234,#3235));
#706=EDGE_LOOP('',(#3236,#3237,#3238,#3239));
#707=EDGE_LOOP('',(#3240,#3241,#3242,#3243));
#708=EDGE_LOOP('',(#3244,#3245,#3246,#3247));
#709=EDGE_LOOP('',(#3248,#3249,#3250));
#710=EDGE_LOOP('',(#3251,#3252,#3253,#3254));
#711=EDGE_LOOP('',(#3255,#3256,#3257,#3258));
#712=EDGE_LOOP('',(#3259,#3260,#3261,#3262));
#713=EDGE_LOOP('',(#3263,#3264,#3265));
#714=EDGE_LOOP('',(#3266,#3267,#3268));
#715=EDGE_LOOP('',(#3269,#3270,#3271,#3272));
#716=EDGE_LOOP('',(#3273,#3274,#3275,#3276));
#717=EDGE_LOOP('',(#3277,#3278,#3279,#3280));
#718=EDGE_LOOP('',(#3281,#3282,#3283,#3284));
#719=EDGE_LOOP('',(#3285,#3286,#3287,#3288));
#720=EDGE_LOOP('',(#3289,#3290,#3291,#3292,#3293));
#721=EDGE_LOOP('',(#3294,#3295,#3296,#3297,#3298,#3299));
#722=EDGE_LOOP('',(#3300,#3301,#3302,#3303));
#723=EDGE_LOOP('',(#3304));
#724=EDGE_LOOP('',(#3305,#3306,#3307,#3308));
#725=EDGE_LOOP('',(#3309));
#726=EDGE_LOOP('',(#3310,#3311,#3312,#3313,#3314,#3315,#3316));
#727=EDGE_LOOP('',(#3317,#3318,#3319,#3320));
#728=EDGE_LOOP('',(#3321,#3322,#3323,#3324,#3325));
#729=EDGE_LOOP('',(#3326,#3327,#3328,#3329,#3330,#3331));
#730=EDGE_LOOP('',(#3332,#3333,#3334,#3335));
#731=EDGE_LOOP('',(#3336,#3337,#3338,#3339));
#732=EDGE_LOOP('',(#3340,#3341,#3342,#3343));
#733=EDGE_LOOP('',(#3344,#3345,#3346,#3347));
#734=EDGE_LOOP('',(#3348));
#735=EDGE_LOOP('',(#3349));
#736=EDGE_LOOP('',(#3350));
#737=EDGE_LOOP('',(#3351));
#738=EDGE_LOOP('',(#3352));
#739=EDGE_LOOP('',(#3353));
#740=EDGE_LOOP('',(#3354));
#741=EDGE_LOOP('',(#3355));
#742=EDGE_LOOP('',(#3356,#3357,#3358,#3359));
#743=EDGE_LOOP('',(#3360,#3361,#3362,#3363));
#744=EDGE_LOOP('',(#3364,#3365,#3366,#3367));
#745=EDGE_LOOP('',(#3368,#3369,#3370,#3371));
#746=EDGE_LOOP('',(#3372,#3373,#3374,#3375,#3376,#3377));
#747=EDGE_LOOP('',(#3378,#3379,#3380,#3381));
#748=EDGE_LOOP('',(#3382,#3383,#3384,#3385));
#749=EDGE_LOOP('',(#3386,#3387,#3388,#3389));
#750=EDGE_LOOP('',(#3390,#3391,#3392,#3393,#3394,#3395));
#751=EDGE_LOOP('',(#3396,#3397,#3398,#3399));
#752=EDGE_LOOP('',(#3400,#3401,#3402,#3403,#3404,#3405));
#753=EDGE_LOOP('',(#3406,#3407,#3408,#3409));
#754=EDGE_LOOP('',(#3410,#3411,#3412,#3413));
#755=EDGE_LOOP('',(#3414,#3415,#3416,#3417,#3418,#3419));
#756=EDGE_LOOP('',(#3420,#3421,#3422,#3423,#3424));
#757=EDGE_LOOP('',(#3425,#3426,#3427,#3428,#3429,#3430,#3431,#3432));
#758=EDGE_LOOP('',(#3433,#3434,#3435,#3436,#3437,#3438,#3439,#3440,#3441,
#3442));
#759=EDGE_LOOP('',(#3443));
#760=EDGE_LOOP('',(#3444));
#761=EDGE_LOOP('',(#3445));
#762=EDGE_LOOP('',(#3446));
#763=EDGE_LOOP('',(#3447,#3448,#3449,#3450));
#764=EDGE_LOOP('',(#3451,#3452,#3453,#3454));
#765=EDGE_LOOP('',(#3455,#3456,#3457,#3458));
#766=EDGE_LOOP('',(#3459,#3460,#3461,#3462));
#767=EDGE_LOOP('',(#3463,#3464,#3465,#3466));
#768=EDGE_LOOP('',(#3467,#3468,#3469,#3470));
#769=EDGE_LOOP('',(#3471,#3472,#3473,#3474));
#770=EDGE_LOOP('',(#3475,#3476,#3477,#3478));
#771=EDGE_LOOP('',(#3479,#3480,#3481,#3482));
#772=EDGE_LOOP('',(#3483,#3484,#3485,#3486,#3487,#3488));
#773=EDGE_LOOP('',(#3489,#3490,#3491));
#774=EDGE_LOOP('',(#3492,#3493,#3494,#3495));
#775=EDGE_LOOP('',(#3496,#3497,#3498,#3499));
#776=EDGE_LOOP('',(#3500,#3501,#3502,#3503));
#777=EDGE_LOOP('',(#3504,#3505,#3506,#3507,#3508));
#778=EDGE_LOOP('',(#3509,#3510,#3511,#3512,#3513));
#779=EDGE_LOOP('',(#3514,#3515,#3516));
#780=EDGE_LOOP('',(#3517,#3518,#3519,#3520));
#781=EDGE_LOOP('',(#3521,#3522,#3523));
#782=EDGE_LOOP('',(#3524,#3525,#3526,#3527));
#783=EDGE_LOOP('',(#3528,#3529,#3530,#3531));
#784=EDGE_LOOP('',(#3532,#3533,#3534,#3535));
#785=EDGE_LOOP('',(#3536,#3537,#3538,#3539));
#786=EDGE_LOOP('',(#3540,#3541,#3542,#3543));
#787=EDGE_LOOP('',(#3544,#3545,#3546,#3547));
#788=EDGE_LOOP('',(#3548,#3549,#3550,#3551));
#789=EDGE_LOOP('',(#3552,#3553,#3554,#3555));
#790=EDGE_LOOP('',(#3556,#3557,#3558,#3559,#3560,#3561,#3562,#3563));
#791=EDGE_LOOP('',(#3564));
#792=EDGE_LOOP('',(#3565));
#793=EDGE_LOOP('',(#3566));
#794=EDGE_LOOP('',(#3567));
#795=EDGE_LOOP('',(#3568));
#796=EDGE_LOOP('',(#3569,#3570,#3571,#3572,#3573,#3574,#3575,#3576,#3577,
#3578,#3579,#3580,#3581,#3582,#3583,#3584));
#797=EDGE_LOOP('',(#3585));
#798=EDGE_LOOP('',(#3586));
#799=EDGE_LOOP('',(#3587));
#800=EDGE_LOOP('',(#3588,#3589,#3590,#3591,#3592));
#801=EDGE_LOOP('',(#3593,#3594,#3595,#3596));
#802=EDGE_LOOP('',(#3597,#3598,#3599,#3600));
#803=EDGE_LOOP('',(#3601,#3602,#3603,#3604));
#804=EDGE_LOOP('',(#3605,#3606,#3607,#3608));
#805=EDGE_LOOP('',(#3609,#3610,#3611,#3612));
#806=EDGE_LOOP('',(#3613,#3614,#3615,#3616));
#807=EDGE_LOOP('',(#3617,#3618,#3619,#3620));
#808=EDGE_LOOP('',(#3621,#3622,#3623,#3624));
#809=EDGE_LOOP('',(#3625,#3626,#3627,#3628));
#810=EDGE_LOOP('',(#3629,#3630,#3631,#3632));
#811=EDGE_LOOP('',(#3633,#3634,#3635,#3636));
#812=EDGE_LOOP('',(#3637,#3638,#3639,#3640));
#813=EDGE_LOOP('',(#3641,#3642,#3643,#3644));
#814=EDGE_LOOP('',(#3645,#3646,#3647,#3648));
#815=EDGE_LOOP('',(#3649,#3650,#3651,#3652));
#816=EDGE_LOOP('',(#3653,#3654,#3655,#3656));
#817=EDGE_LOOP('',(#3657,#3658,#3659,#3660,#3661,#3662,#3663,#3664,#3665,
#3666,#3667,#3668,#3669,#3670,#3671,#3672));
#818=EDGE_LOOP('',(#3673,#3674,#3675,#3676));
#819=EDGE_LOOP('',(#3677));
#820=EDGE_LOOP('',(#3678,#3679,#3680,#3681));
#821=EDGE_LOOP('',(#3682));
#822=EDGE_LOOP('',(#3683,#3684,#3685,#3686,#3687));
#823=EDGE_LOOP('',(#3688,#3689,#3690,#3691));
#824=EDGE_LOOP('',(#3692,#3693,#3694,#3695));
#825=EDGE_LOOP('',(#3696,#3697,#3698,#3699));
#826=EDGE_LOOP('',(#3700,#3701,#3702,#3703));
#827=EDGE_LOOP('',(#3704,#3705,#3706,#3707));
#828=EDGE_LOOP('',(#3708,#3709,#3710,#3711));
#829=EDGE_LOOP('',(#3712,#3713,#3714,#3715));
#830=EDGE_LOOP('',(#3716,#3717,#3718,#3719,#3720,#3721));
#831=EDGE_LOOP('',(#3722,#3723,#3724,#3725));
#832=EDGE_LOOP('',(#3726,#3727,#3728,#3729,#3730));
#833=EDGE_LOOP('',(#3731,#3732,#3733,#3734));
#834=EDGE_LOOP('',(#3735,#3736,#3737,#3738));
#835=EDGE_LOOP('',(#3739,#3740,#3741,#3742,#3743));
#836=EDGE_LOOP('',(#3744,#3745,#3746,#3747));
#837=EDGE_LOOP('',(#3748,#3749,#3750,#3751,#3752,#3753));
#838=EDGE_LOOP('',(#3754,#3755,#3756,#3757));
#839=EDGE_LOOP('',(#3758,#3759,#3760,#3761));
#840=EDGE_LOOP('',(#3762,#3763,#3764,#3765,#3766,#3767,#3768,#3769,#3770,
#3771,#3772,#3773,#3774,#3775,#3776,#3777,#3778,#3779,#3780,#3781));
#841=EDGE_LOOP('',(#3782,#3783,#3784,#3785));
#842=EDGE_LOOP('',(#3786,#3787,#3788,#3789));
#843=EDGE_LOOP('',(#3790,#3791,#3792,#3793));
#844=EDGE_LOOP('',(#3794,#3795,#3796,#3797));
#845=EDGE_LOOP('',(#3798,#3799,#3800,#3801));
#846=EDGE_LOOP('',(#3802,#3803,#3804,#3805));
#847=EDGE_LOOP('',(#3806));
#848=EDGE_LOOP('',(#3807));
#849=EDGE_LOOP('',(#3808));
#850=EDGE_LOOP('',(#3809));
#851=EDGE_LOOP('',(#3810));
#852=EDGE_LOOP('',(#3811));
#853=EDGE_LOOP('',(#3812));
#854=EDGE_LOOP('',(#3813));
#855=EDGE_LOOP('',(#3814,#3815,#3816,#3817));
#856=EDGE_LOOP('',(#3818,#3819,#3820,#3821));
#857=EDGE_LOOP('',(#3822,#3823,#3824,#3825));
#858=EDGE_LOOP('',(#3826,#3827,#3828,#3829));
#859=EDGE_LOOP('',(#3830,#3831,#3832,#3833,#3834,#3835));
#860=EDGE_LOOP('',(#3836,#3837,#3838,#3839,#3840,#3841));
#861=EDGE_LOOP('',(#3842,#3843,#3844,#3845));
#862=EDGE_LOOP('',(#3846,#3847,#3848,#3849));
#863=EDGE_LOOP('',(#3850,#3851,#3852,#3853));
#864=EDGE_LOOP('',(#3854,#3855,#3856,#3857,#3858,#3859));
#865=EDGE_LOOP('',(#3860,#3861,#3862,#3863));
#866=EDGE_LOOP('',(#3864,#3865,#3866,#3867,#3868,#3869));
#867=LINE('',#5943,#1262);
#868=LINE('',#5945,#1263);
#869=LINE('',#5947,#1264);
#870=LINE('',#5948,#1265);
#871=LINE('',#5951,#1266);
#872=LINE('',#5953,#1267);
#873=LINE('',#5954,#1268);
#874=LINE('',#5958,#1269);
#875=LINE('',#5962,#1270);
#876=LINE('',#5966,#1271);
#877=LINE('',#5970,#1272);
#878=LINE('',#5973,#1273);
#879=LINE('',#5975,#1274);
#880=LINE('',#5979,#1275);
#881=LINE('',#5983,#1276);
#882=LINE('',#5987,#1277);
#883=LINE('',#5989,#1278);
#884=LINE('',#5991,#1279);
#885=LINE('',#5995,#1280);
#886=LINE('',#5999,#1281);
#887=LINE('',#6003,#1282);
#888=LINE('',#6005,#1283);
#889=LINE('',#6007,#1284);
#890=LINE('',#6011,#1285);
#891=LINE('',#6015,#1286);
#892=LINE('',#6017,#1287);
#893=LINE('',#6019,#1288);
#894=LINE('',#6023,#1289);
#895=LINE('',#6027,#1290);
#896=LINE('',#6029,#1291);
#897=LINE('',#6031,#1292);
#898=LINE('',#6035,#1293);
#899=LINE('',#6039,#1294);
#900=LINE('',#6043,#1295);
#901=LINE('',#6045,#1296);
#902=LINE('',#6047,#1297);
#903=LINE('',#6051,#1298);
#904=LINE('',#6055,#1299);
#905=LINE('',#6059,#1300);
#906=LINE('',#6061,#1301);
#907=LINE('',#6063,#1302);
#908=LINE('',#6067,#1303);
#909=LINE('',#6071,#1304);
#910=LINE('',#6073,#1305);
#911=LINE('',#6074,#1306);
#912=LINE('',#6077,#1307);
#913=LINE('',#6079,#1308);
#914=LINE('',#6080,#1309);
#915=LINE('',#6083,#1310);
#916=LINE('',#6085,#1311);
#917=LINE('',#6086,#1312);
#918=LINE('',#6089,#1313);
#919=LINE('',#6091,#1314);
#920=LINE('',#6092,#1315);
#921=LINE('',#6096,#1316);
#922=LINE('',#6098,#1317);
#923=LINE('',#6100,#1318);
#924=LINE('',#6101,#1319);
#925=LINE('',#6103,#1320);
#926=LINE('',#6104,#1321);
#927=LINE('',#6107,#1322);
#928=LINE('',#6109,#1323);
#929=LINE('',#6110,#1324);
#930=LINE('',#6113,#1325);
#931=LINE('',#6115,#1326);
#932=LINE('',#6116,#1327);
#933=LINE('',#6120,#1328);
#934=LINE('',#6122,#1329);
#935=LINE('',#6124,#1330);
#936=LINE('',#6125,#1331);
#937=LINE('',#6127,#1332);
#938=LINE('',#6128,#1333);
#939=LINE('',#6132,#1334);
#940=LINE('',#6134,#1335);
#941=LINE('',#6136,#1336);
#942=LINE('',#6137,#1337);
#943=LINE('',#6139,#1338);
#944=LINE('',#6140,#1339);
#945=LINE('',#6145,#1340);
#946=LINE('',#6146,#1341);
#947=LINE('',#6149,#1342);
#948=LINE('',#6150,#1343);
#949=LINE('',#6155,#1344);
#950=LINE('',#6156,#1345);
#951=LINE('',#6159,#1346);
#952=LINE('',#6160,#1347);
#953=LINE('',#6165,#1348);
#954=LINE('',#6166,#1349);
#955=LINE('',#6169,#1350);
#956=LINE('',#6170,#1351);
#957=LINE('',#6175,#1352);
#958=LINE('',#6176,#1353);
#959=LINE('',#6179,#1354);
#960=LINE('',#6180,#1355);
#961=LINE('',#6184,#1356);
#962=LINE('',#6187,#1357);
#963=LINE('',#6188,#1358);
#964=LINE('',#6193,#1359);
#965=LINE('',#6194,#1360);
#966=LINE('',#6197,#1361);
#967=LINE('',#6198,#1362);
#968=LINE('',#6203,#1363);
#969=LINE('',#6204,#1364);
#970=LINE('',#6207,#1365);
#971=LINE('',#6208,#1366);
#972=LINE('',#6213,#1367);
#973=LINE('',#6214,#1368);
#974=LINE('',#6217,#1369);
#975=LINE('',#6218,#1370);
#976=LINE('',#6223,#1371);
#977=LINE('',#6224,#1372);
#978=LINE('',#6227,#1373);
#979=LINE('',#6228,#1374);
#980=LINE('',#6233,#1375);
#981=LINE('',#6234,#1376);
#982=LINE('',#6237,#1377);
#983=LINE('',#6238,#1378);
#984=LINE('',#6242,#1379);
#985=LINE('',#6245,#1380);
#986=LINE('',#6246,#1381);
#987=LINE('',#6248,#1382);
#988=LINE('',#6252,#1383);
#989=LINE('',#6256,#1384);
#990=LINE('',#6258,#1385);
#991=LINE('',#6260,#1386);
#992=LINE('',#6264,#1387);
#993=LINE('',#6268,#1388);
#994=LINE('',#6270,#1389);
#995=LINE('',#6271,#1390);
#996=LINE('',#6273,#1391);
#997=LINE('',#6274,#1392);
#998=LINE('',#6276,#1393);
#999=LINE('',#6279,#1394);
#1000=LINE('',#6280,#1395);
#1001=LINE('',#6282,#1396);
#1002=LINE('',#6285,#1397);
#1003=LINE('',#6286,#1398);
#1004=LINE('',#6288,#1399);
#1005=LINE('',#6289,#1400);
#1006=LINE('',#6291,#1401);
#1007=LINE('',#6313,#1402);
#1008=LINE('',#6317,#1403);
#1009=LINE('',#6321,#1404);
#1010=LINE('',#6325,#1405);
#1011=LINE('',#6329,#1406);
#1012=LINE('',#6333,#1407);
#1013=LINE('',#6337,#1408);
#1014=LINE('',#6340,#1409);
#1015=LINE('',#6342,#1410);
#1016=LINE('',#6343,#1411);
#1017=LINE('',#6345,#1412);
#1018=LINE('',#6347,#1413);
#1019=LINE('',#6348,#1414);
#1020=LINE('',#6350,#1415);
#1021=LINE('',#6352,#1416);
#1022=LINE('',#6353,#1417);
#1023=LINE('',#6359,#1418);
#1024=LINE('',#6361,#1419);
#1025=LINE('',#6380,#1420);
#1026=LINE('',#6382,#1421);
#1027=LINE('',#6395,#1422);
#1028=LINE('',#6408,#1423);
#1029=LINE('',#6410,#1424);
#1030=LINE('',#6411,#1425);
#1031=LINE('',#6414,#1426);
#1032=LINE('',#6415,#1427);
#1033=LINE('',#6418,#1428);
#1034=LINE('',#6420,#1429);
#1035=LINE('',#6421,#1430);
#1036=LINE('',#6426,#1431);
#1037=LINE('',#6445,#1432);
#1038=LINE('',#6446,#1433);
#1039=LINE('',#6449,#1434);
#1040=LINE('',#6453,#1435);
#1041=LINE('',#6457,#1436);
#1042=LINE('',#6459,#1437);
#1043=LINE('',#6463,#1438);
#1044=LINE('',#6464,#1439);
#1045=LINE('',#6470,#1440);
#1046=LINE('',#6473,#1441);
#1047=LINE('',#6492,#1442);
#1048=LINE('',#6493,#1443);
#1049=LINE('',#6512,#1444);
#1050=LINE('',#6513,#1445);
#1051=LINE('',#6516,#1446);
#1052=LINE('',#6518,#1447);
#1053=LINE('',#6520,#1448);
#1054=LINE('',#6522,#1449);
#1055=LINE('',#6525,#1450);
#1056=LINE('',#6529,#1451);
#1057=LINE('',#6530,#1452);
#1058=LINE('',#6533,#1453);
#1059=LINE('',#6537,#1454);
#1060=LINE('',#6539,#1455);
#1061=LINE('',#6541,#1456);
#1062=LINE('',#6542,#1457);
#1063=LINE('',#6545,#1458);
#1064=LINE('',#6551,#1459);
#1065=LINE('',#6554,#1460);
#1066=LINE('',#6556,#1461);
#1067=LINE('',#6558,#1462);
#1068=LINE('',#6559,#1463);
#1069=LINE('',#6562,#1464);
#1070=LINE('',#6568,#1465);
#1071=LINE('',#6571,#1466);
#1072=LINE('',#6574,#1467);
#1073=LINE('',#6576,#1468);
#1074=LINE('',#6578,#1469);
#1075=LINE('',#6580,#1470);
#1076=LINE('',#6584,#1471);
#1077=LINE('',#6586,#1472);
#1078=LINE('',#6588,#1473);
#1079=LINE('',#6592,#1474);
#1080=LINE('',#6594,#1475);
#1081=LINE('',#6596,#1476);
#1082=LINE('',#6597,#1477);
#1083=LINE('',#6599,#1478);
#1084=LINE('',#6603,#1479);
#1085=LINE('',#6605,#1480);
#1086=LINE('',#6607,#1481);
#1087=LINE('',#6611,#1482);
#1088=LINE('',#6615,#1483);
#1089=LINE('',#6619,#1484);
#1090=LINE('',#6623,#1485);
#1091=LINE('',#6627,#1486);
#1092=LINE('',#6630,#1487);
#1093=LINE('',#6632,#1488);
#1094=LINE('',#6636,#1489);
#1095=LINE('',#6638,#1490);
#1096=LINE('',#6640,#1491);
#1097=LINE('',#6641,#1492);
#1098=LINE('',#6643,#1493);
#1099=LINE('',#6647,#1494);
#1100=LINE('',#6648,#1495);
#1101=LINE('',#6651,#1496);
#1102=LINE('',#6654,#1497);
#1103=LINE('',#6657,#1498);
#1104=LINE('',#6658,#1499);
#1105=LINE('',#6661,#1500);
#1106=LINE('',#6664,#1501);
#1107=LINE('',#6667,#1502);
#1108=LINE('',#6668,#1503);
#1109=LINE('',#6672,#1504);
#1110=LINE('',#6673,#1505);
#1111=LINE('',#6675,#1506);
#1112=LINE('',#6679,#1507);
#1113=LINE('',#6683,#1508);
#1114=LINE('',#6685,#1509);
#1115=LINE('',#6689,#1510);
#1116=LINE('',#6691,#1511);
#1117=LINE('',#6693,#1512);
#1118=LINE('',#6695,#1513);
#1119=LINE('',#6696,#1514);
#1120=LINE('',#6699,#1515);
#1121=LINE('',#6701,#1516);
#1122=LINE('',#6702,#1517);
#1123=LINE('',#6705,#1518);
#1124=LINE('',#6706,#1519);
#1125=LINE('',#6709,#1520);
#1126=LINE('',#6710,#1521);
#1127=LINE('',#6712,#1522);
#1128=LINE('',#6714,#1523);
#1129=LINE('',#6716,#1524);
#1130=LINE('',#6721,#1525);
#1131=LINE('',#6723,#1526);
#1132=LINE('',#6741,#1527);
#1133=LINE('',#6742,#1528);
#1134=LINE('',#6747,#1529);
#1135=LINE('',#6748,#1530);
#1136=LINE('',#6775,#1531);
#1137=LINE('',#6776,#1532);
#1138=LINE('',#6781,#1533);
#1139=LINE('',#6782,#1534);
#1140=LINE('',#6790,#1535);
#1141=LINE('',#6791,#1536);
#1142=LINE('',#6793,#1537);
#1143=LINE('',#6794,#1538);
#1144=LINE('',#6797,#1539);
#1145=LINE('',#6799,#1540);
#1146=LINE('',#6805,#1541);
#1147=LINE('',#6812,#1542);
#1148=LINE('',#6816,#1543);
#1149=LINE('',#6819,#1544);
#1150=LINE('',#6821,#1545);
#1151=LINE('',#6826,#1546);
#1152=LINE('',#6832,#1547);
#1153=LINE('',#6838,#1548);
#1154=LINE('',#6844,#1549);
#1155=LINE('',#6859,#1550);
#1156=LINE('',#6861,#1551);
#1157=LINE('',#6863,#1552);
#1158=LINE('',#6865,#1553);
#1159=LINE('',#6867,#1554);
#1160=LINE('',#6872,#1555);
#1161=LINE('',#6875,#1556);
#1162=LINE('',#6880,#1557);
#1163=LINE('',#6882,#1558);
#1164=LINE('',#6884,#1559);
#1165=LINE('',#6887,#1560);
#1166=LINE('',#6890,#1561);
#1167=LINE('',#6892,#1562);
#1168=LINE('',#6896,#1563);
#1169=LINE('',#6900,#1564);
#1170=LINE('',#6905,#1565);
#1171=LINE('',#6907,#1566);
#1172=LINE('',#6909,#1567);
#1173=LINE('',#6911,#1568);
#1174=LINE('',#6926,#1569);
#1175=LINE('',#6929,#1570);
#1176=LINE('',#6941,#1571);
#1177=LINE('',#6947,#1572);
#1178=LINE('',#6965,#1573);
#1179=LINE('',#6966,#1574);
#1180=LINE('',#6970,#1575);
#1181=LINE('',#6971,#1576);
#1182=LINE('',#6982,#1577);
#1183=LINE('',#6991,#1578);
#1184=LINE('',#6992,#1579);
#1185=LINE('',#6996,#1580);
#1186=LINE('',#7004,#1581);
#1187=LINE('',#7005,#1582);
#1188=LINE('',#7007,#1583);
#1189=LINE('',#7008,#1584);
#1190=LINE('',#7013,#1585);
#1191=LINE('',#7022,#1586);
#1192=LINE('',#7030,#1587);
#1193=LINE('',#7038,#1588);
#1194=LINE('',#7045,#1589);
#1195=LINE('',#7055,#1590);
#1196=LINE('',#7058,#1591);
#1197=LINE('',#7061,#1592);
#1198=LINE('',#7062,#1593);
#1199=LINE('',#7065,#1594);
#1200=LINE('',#7069,#1595);
#1201=LINE('',#7073,#1596);
#1202=LINE('',#7077,#1597);
#1203=LINE('',#7078,#1598);
#1204=LINE('',#7081,#1599);
#1205=LINE('',#7085,#1600);
#1206=LINE('',#7089,#1601);
#1207=LINE('',#7093,#1602);
#1208=LINE('',#7094,#1603);
#1209=LINE('',#7097,#1604);
#1210=LINE('',#7101,#1605);
#1211=LINE('',#7105,#1606);
#1212=LINE('',#7109,#1607);
#1213=LINE('',#7110,#1608);
#1214=LINE('',#7113,#1609);
#1215=LINE('',#7120,#1610);
#1216=LINE('',#7125,#1611);
#1217=LINE('',#7129,#1612);
#1218=LINE('',#7133,#1613);
#1219=LINE('',#7134,#1614);
#1220=LINE('',#7137,#1615);
#1221=LINE('',#7139,#1616);
#1222=LINE('',#7140,#1617);
#1223=LINE('',#7143,#1618);
#1224=LINE('',#7144,#1619);
#1225=LINE('',#7147,#1620);
#1226=LINE('',#7148,#1621);
#1227=LINE('',#7150,#1622);
#1228=LINE('',#7154,#1623);
#1229=LINE('',#7156,#1624);
#1230=LINE('',#7158,#1625);
#1231=LINE('',#7159,#1626);
#1232=LINE('',#7161,#1627);
#1233=LINE('',#7163,#1628);
#1234=LINE('',#7164,#1629);
#1235=LINE('',#7167,#1630);
#1236=LINE('',#7168,#1631);
#1237=LINE('',#7170,#1632);
#1238=LINE('',#7174,#1633);
#1239=LINE('',#7176,#1634);
#1240=LINE('',#7177,#1635);
#1241=LINE('',#7180,#1636);
#1242=LINE('',#7182,#1637);
#1243=LINE('',#7183,#1638);
#1244=LINE('',#7185,#1639);
#1245=LINE('',#7187,#1640);
#1246=LINE('',#7188,#1641);
#1247=LINE('',#7190,#1642);
#1248=LINE('',#7194,#1643);
#1249=LINE('',#7195,#1644);
#1250=LINE('',#7197,#1645);
#1251=LINE('',#7201,#1646);
#1252=LINE('',#7205,#1647);
#1253=LINE('',#7209,#1648);
#1254=LINE('',#7213,#1649);
#1255=LINE('',#7228,#1650);
#1256=LINE('',#7230,#1651);
#1257=LINE('',#7232,#1652);
#1258=LINE('',#7234,#1653);
#1259=LINE('',#7237,#1654);
#1260=LINE('',#7241,#1655);
#1261=LINE('',#7244,#1656);
#1262=VECTOR('',#4677,10.);
#1263=VECTOR('',#4678,10.);
#1264=VECTOR('',#4679,10.);
#1265=VECTOR('',#4680,10.);
#1266=VECTOR('',#4683,10.);
#1267=VECTOR('',#4684,10.);
#1268=VECTOR('',#4685,10.);
#1269=VECTOR('',#4688,10.);
#1270=VECTOR('',#4691,10.);
#1271=VECTOR('',#4694,10.);
#1272=VECTOR('',#4697,10.);
#1273=VECTOR('',#4700,10.);
#1274=VECTOR('',#4701,10.);
#1275=VECTOR('',#4704,10.);
#1276=VECTOR('',#4707,10.);
#1277=VECTOR('',#4710,10.);
#1278=VECTOR('',#4711,10.);
#1279=VECTOR('',#4712,10.);
#1280=VECTOR('',#4715,10.);
#1281=VECTOR('',#4718,10.);
#1282=VECTOR('',#4721,10.);
#1283=VECTOR('',#4722,10.);
#1284=VECTOR('',#4723,10.);
#1285=VECTOR('',#4726,10.);
#1286=VECTOR('',#4729,10.);
#1287=VECTOR('',#4730,10.);
#1288=VECTOR('',#4731,10.);
#1289=VECTOR('',#4734,10.);
#1290=VECTOR('',#4737,10.);
#1291=VECTOR('',#4738,10.);
#1292=VECTOR('',#4739,10.);
#1293=VECTOR('',#4742,10.);
#1294=VECTOR('',#4745,10.);
#1295=VECTOR('',#4748,10.);
#1296=VECTOR('',#4749,10.);
#1297=VECTOR('',#4750,10.);
#1298=VECTOR('',#4753,10.);
#1299=VECTOR('',#4756,10.);
#1300=VECTOR('',#4759,10.);
#1301=VECTOR('',#4760,10.);
#1302=VECTOR('',#4761,10.);
#1303=VECTOR('',#4764,10.);
#1304=VECTOR('',#4769,10.);
#1305=VECTOR('',#4770,10.);
#1306=VECTOR('',#4771,10.);
#1307=VECTOR('',#4774,10.);
#1308=VECTOR('',#4775,10.);
#1309=VECTOR('',#4776,10.);
#1310=VECTOR('',#4779,10.);
#1311=VECTOR('',#4780,10.);
#1312=VECTOR('',#4781,10.);
#1313=VECTOR('',#4784,10.);
#1314=VECTOR('',#4785,10.);
#1315=VECTOR('',#4786,10.);
#1316=VECTOR('',#4789,10.);
#1317=VECTOR('',#4790,10.);
#1318=VECTOR('',#4791,10.);
#1319=VECTOR('',#4792,10.);
#1320=VECTOR('',#4795,10.);
#1321=VECTOR('',#4796,10.);
#1322=VECTOR('',#4799,10.);
#1323=VECTOR('',#4800,10.);
#1324=VECTOR('',#4801,10.);
#1325=VECTOR('',#4804,10.);
#1326=VECTOR('',#4805,10.);
#1327=VECTOR('',#4806,10.);
#1328=VECTOR('',#4809,10.);
#1329=VECTOR('',#4810,10.);
#1330=VECTOR('',#4811,10.);
#1331=VECTOR('',#4812,10.);
#1332=VECTOR('',#4815,10.);
#1333=VECTOR('',#4816,10.);
#1334=VECTOR('',#4819,10.);
#1335=VECTOR('',#4820,10.);
#1336=VECTOR('',#4821,10.);
#1337=VECTOR('',#4822,10.);
#1338=VECTOR('',#4825,10.);
#1339=VECTOR('',#4826,10.);
#1340=VECTOR('',#4831,10.);
#1341=VECTOR('',#4832,10.);
#1342=VECTOR('',#4835,10.);
#1343=VECTOR('',#4836,10.);
#1344=VECTOR('',#4841,10.);
#1345=VECTOR('',#4842,10.);
#1346=VECTOR('',#4845,10.);
#1347=VECTOR('',#4846,10.);
#1348=VECTOR('',#4851,10.);
#1349=VECTOR('',#4852,10.);
#1350=VECTOR('',#4855,10.);
#1351=VECTOR('',#4856,10.);
#1352=VECTOR('',#4861,10.);
#1353=VECTOR('',#4862,10.);
#1354=VECTOR('',#4865,10.);
#1355=VECTOR('',#4866,10.);
#1356=VECTOR('',#4871,10.);
#1357=VECTOR('',#4874,10.);
#1358=VECTOR('',#4875,10.);
#1359=VECTOR('',#4880,10.);
#1360=VECTOR('',#4881,10.);
#1361=VECTOR('',#4884,10.);
#1362=VECTOR('',#4885,10.);
#1363=VECTOR('',#4890,10.);
#1364=VECTOR('',#4891,10.);
#1365=VECTOR('',#4894,10.);
#1366=VECTOR('',#4895,10.);
#1367=VECTOR('',#4900,10.);
#1368=VECTOR('',#4901,10.);
#1369=VECTOR('',#4904,10.);
#1370=VECTOR('',#4905,10.);
#1371=VECTOR('',#4910,10.);
#1372=VECTOR('',#4911,10.);
#1373=VECTOR('',#4914,10.);
#1374=VECTOR('',#4915,10.);
#1375=VECTOR('',#4920,10.);
#1376=VECTOR('',#4921,10.);
#1377=VECTOR('',#4924,10.);
#1378=VECTOR('',#4925,10.);
#1379=VECTOR('',#4930,10.);
#1380=VECTOR('',#4933,10.);
#1381=VECTOR('',#4934,10.);
#1382=VECTOR('',#4935,10.);
#1383=VECTOR('',#4938,10.);
#1384=VECTOR('',#4941,10.);
#1385=VECTOR('',#4942,10.);
#1386=VECTOR('',#4943,10.);
#1387=VECTOR('',#4946,10.);
#1388=VECTOR('',#4949,10.);
#1389=VECTOR('',#4950,10.);
#1390=VECTOR('',#4951,10.);
#1391=VECTOR('',#4952,10.);
#1392=VECTOR('',#4953,10.);
#1393=VECTOR('',#4954,10.);
#1394=VECTOR('',#4957,10.);
#1395=VECTOR('',#4958,10.);
#1396=VECTOR('',#4959,10.);
#1397=VECTOR('',#4962,10.);
#1398=VECTOR('',#4963,10.);
#1399=VECTOR('',#4964,10.);
#1400=VECTOR('',#4965,10.);
#1401=VECTOR('',#4966,10.);
#1402=VECTOR('',#4987,10.);
#1403=VECTOR('',#4990,10.);
#1404=VECTOR('',#4993,10.);
#1405=VECTOR('',#4996,10.);
#1406=VECTOR('',#4999,10.);
#1407=VECTOR('',#5002,10.);
#1408=VECTOR('',#5005,10.);
#1409=VECTOR('',#5008,10.);
#1410=VECTOR('',#5011,10.);
#1411=VECTOR('',#5012,10.);
#1412=VECTOR('',#5015,10.);
#1413=VECTOR('',#5018,10.);
#1414=VECTOR('',#5019,10.);
#1415=VECTOR('',#5022,10.);
#1416=VECTOR('',#5025,10.);
#1417=VECTOR('',#5026,10.);
#1418=VECTOR('',#5033,10.);
#1419=VECTOR('',#5034,10.);
#1420=VECTOR('',#5043,10.);
#1421=VECTOR('',#5044,10.);
#1422=VECTOR('',#5045,10.);
#1423=VECTOR('',#5046,10.);
#1424=VECTOR('',#5047,10.);
#1425=VECTOR('',#5048,10.);
#1426=VECTOR('',#5051,10.);
#1427=VECTOR('',#5052,10.);
#1428=VECTOR('',#5055,10.);
#1429=VECTOR('',#5056,10.);
#1430=VECTOR('',#5057,10.);
#1431=VECTOR('',#5062,10.);
#1432=VECTOR('',#5071,10.);
#1433=VECTOR('',#5072,10.);
#1434=VECTOR('',#5075,10.);
#1435=VECTOR('',#5078,10.);
#1436=VECTOR('',#5083,10.);
#1437=VECTOR('',#5084,10.);
#1438=VECTOR('',#5087,10.);
#1439=VECTOR('',#5088,10.);
#1440=VECTOR('',#5093,10.);
#1441=VECTOR('',#5096,10.);
#1442=VECTOR('',#5107,10.);
#1443=VECTOR('',#5108,10.);
#1444=VECTOR('',#5119,10.);
#1445=VECTOR('',#5120,10.);
#1446=VECTOR('',#5123,10.);
#1447=VECTOR('',#5124,10.);
#1448=VECTOR('',#5125,10.);
#1449=VECTOR('',#5128,10.);
#1450=VECTOR('',#5131,10.);
#1451=VECTOR('',#5136,10.);
#1452=VECTOR('',#5137,10.);
#1453=VECTOR('',#5140,10.);
#1454=VECTOR('',#5145,10.);
#1455=VECTOR('',#5146,10.);
#1456=VECTOR('',#5147,10.);
#1457=VECTOR('',#5148,10.);
#1458=VECTOR('',#5151,10.);
#1459=VECTOR('',#5156,10.);
#1460=VECTOR('',#5159,10.);
#1461=VECTOR('',#5162,10.);
#1462=VECTOR('',#5163,10.);
#1463=VECTOR('',#5164,10.);
#1464=VECTOR('',#5167,10.);
#1465=VECTOR('',#5172,10.);
#1466=VECTOR('',#5175,10.);
#1467=VECTOR('',#5178,10.);
#1468=VECTOR('',#5179,10.);
#1469=VECTOR('',#5180,10.);
#1470=VECTOR('',#5181,10.);
#1471=VECTOR('',#5184,10.);
#1472=VECTOR('',#5185,10.);
#1473=VECTOR('',#5186,10.);
#1474=VECTOR('',#5189,10.);
#1475=VECTOR('',#5190,10.);
#1476=VECTOR('',#5191,10.);
#1477=VECTOR('',#5192,10.);
#1478=VECTOR('',#5193,10.);
#1479=VECTOR('',#5196,10.);
#1480=VECTOR('',#5197,10.);
#1481=VECTOR('',#5198,10.);
#1482=VECTOR('',#5201,10.);
#1483=VECTOR('',#5204,10.);
#1484=VECTOR('',#5207,10.);
#1485=VECTOR('',#5210,10.);
#1486=VECTOR('',#5213,10.);
#1487=VECTOR('',#5216,10.);
#1488=VECTOR('',#5217,10.);
#1489=VECTOR('',#5220,10.);
#1490=VECTOR('',#5221,10.);
#1491=VECTOR('',#5222,10.);
#1492=VECTOR('',#5223,10.);
#1493=VECTOR('',#5226,10.);
#1494=VECTOR('',#5229,10.);
#1495=VECTOR('',#5230,10.);
#1496=VECTOR('',#5233,10.);
#1497=VECTOR('',#5236,10.);
#1498=VECTOR('',#5239,10.);
#1499=VECTOR('',#5240,10.);
#1500=VECTOR('',#5243,10.);
#1501=VECTOR('',#5246,10.);
#1502=VECTOR('',#5249,10.);
#1503=VECTOR('',#5250,10.);
#1504=VECTOR('',#5255,10.);
#1505=VECTOR('',#5256,10.);
#1506=VECTOR('',#5259,10.);
#1507=VECTOR('',#5264,10.);
#1508=VECTOR('',#5269,10.);
#1509=VECTOR('',#5272,10.);
#1510=VECTOR('',#5277,10.);
#1511=VECTOR('',#5280,10.);
#1512=VECTOR('',#5283,10.);
#1513=VECTOR('',#5286,10.);
#1514=VECTOR('',#5287,10.);
#1515=VECTOR('',#5292,10.);
#1516=VECTOR('',#5295,10.);
#1517=VECTOR('',#5296,10.);
#1518=VECTOR('',#5301,10.);
#1519=VECTOR('',#5302,10.);
#1520=VECTOR('',#5307,10.);
#1521=VECTOR('',#5308,10.);
#1522=VECTOR('',#5311,10.);
#1523=VECTOR('',#5314,10.);
#1524=VECTOR('',#5317,10.);
#1525=VECTOR('',#5326,10.);
#1526=VECTOR('',#5329,10.);
#1527=VECTOR('',#5342,10.);
#1528=VECTOR('',#5343,10.);
#1529=VECTOR('',#5348,10.);
#1530=VECTOR('',#5349,10.);
#1531=VECTOR('',#5374,10.);
#1532=VECTOR('',#5375,10.);
#1533=VECTOR('',#5380,10.);
#1534=VECTOR('',#5381,10.);
#1535=VECTOR('',#5392,10.);
#1536=VECTOR('',#5393,10.);
#1537=VECTOR('',#5396,10.);
#1538=VECTOR('',#5397,10.);
#1539=VECTOR('',#5400,10.);
#1540=VECTOR('',#5403,10.);
#1541=VECTOR('',#5410,5.20000000000003);
#1542=VECTOR('',#5419,5.20000000000003);
#1543=VECTOR('',#5426,10.);
#1544=VECTOR('',#5431,10.);
#1545=VECTOR('',#5434,10.);
#1546=VECTOR('',#5439,2.19999999999999);
#1547=VECTOR('',#5446,2.20000000000006);
#1548=VECTOR('',#5453,2.20000000000002);
#1549=VECTOR('',#5460,2.20000000000002);
#1550=VECTOR('',#5481,1.20000000000005);
#1551=VECTOR('',#5484,1.20000000000001);
#1552=VECTOR('',#5487,1.20000000000001);
#1553=VECTOR('',#5490,1.19999999999997);
#1554=VECTOR('',#5493,10.);
#1555=VECTOR('',#5502,10.);
#1556=VECTOR('',#5507,10.);
#1557=VECTOR('',#5514,10.);
#1558=VECTOR('',#5515,10.);
#1559=VECTOR('',#5516,10.);
#1560=VECTOR('',#5519,10.);
#1561=VECTOR('',#5522,10.);
#1562=VECTOR('',#5523,10.);
#1563=VECTOR('',#5528,10.);
#1564=VECTOR('',#5531,10.);
#1565=VECTOR('',#5538,10.);
#1566=VECTOR('',#5539,10.);
#1567=VECTOR('',#5540,10.);
#1568=VECTOR('',#5541,10.);
#1569=VECTOR('',#5550,10.);
#1570=VECTOR('',#5555,10.);
#1571=VECTOR('',#5576,10.);
#1572=VECTOR('',#5587,10.);
#1573=VECTOR('',#5596,10.);
#1574=VECTOR('',#5597,10.);
#1575=VECTOR('',#5602,10.);
#1576=VECTOR('',#5603,10.);
#1577=VECTOR('',#5622,10.);
#1578=VECTOR('',#5633,10.);
#1579=VECTOR('',#5634,10.);
#1580=VECTOR('',#5639,10.);
#1581=VECTOR('',#5650,10.);
#1582=VECTOR('',#5651,10.);
#1583=VECTOR('',#5654,10.);
#1584=VECTOR('',#5655,10.);
#1585=VECTOR('',#5664,10.);
#1586=VECTOR('',#5671,10.);
#1587=VECTOR('',#5678,10.);
#1588=VECTOR('',#5685,10.);
#1589=VECTOR('',#5692,10.);
#1590=VECTOR('',#5703,10.);
#1591=VECTOR('',#5706,10.);
#1592=VECTOR('',#5709,10.);
#1593=VECTOR('',#5710,10.);
#1594=VECTOR('',#5713,10.);
#1595=VECTOR('',#5718,10.);
#1596=VECTOR('',#5723,10.);
#1597=VECTOR('',#5728,10.);
#1598=VECTOR('',#5729,10.);
#1599=VECTOR('',#5732,10.);
#1600=VECTOR('',#5737,10.);
#1601=VECTOR('',#5742,10.);
#1602=VECTOR('',#5747,10.);
#1603=VECTOR('',#5748,10.);
#1604=VECTOR('',#5751,10.);
#1605=VECTOR('',#5756,10.);
#1606=VECTOR('',#5761,10.);
#1607=VECTOR('',#5766,10.);
#1608=VECTOR('',#5767,10.);
#1609=VECTOR('',#5770,10.);
#1610=VECTOR('',#5781,5.20000000000003);
#1611=VECTOR('',#5788,5.20000000000003);
#1612=VECTOR('',#5795,10.);
#1613=VECTOR('',#5800,10.);
#1614=VECTOR('',#5801,10.);
#1615=VECTOR('',#5804,10.);
#1616=VECTOR('',#5805,10.);
#1617=VECTOR('',#5806,10.);
#1618=VECTOR('',#5809,10.);
#1619=VECTOR('',#5810,10.);
#1620=VECTOR('',#5813,10.);
#1621=VECTOR('',#5814,10.);
#1622=VECTOR('',#5817,10.);
#1623=VECTOR('',#5822,10.);
#1624=VECTOR('',#5823,10.);
#1625=VECTOR('',#5824,10.);
#1626=VECTOR('',#5825,10.);
#1627=VECTOR('',#5828,10.);
#1628=VECTOR('',#5829,10.);
#1629=VECTOR('',#5830,10.);
#1630=VECTOR('',#5833,10.);
#1631=VECTOR('',#5834,10.);
#1632=VECTOR('',#5837,10.);
#1633=VECTOR('',#5842,10.);
#1634=VECTOR('',#5843,10.);
#1635=VECTOR('',#5844,10.);
#1636=VECTOR('',#5847,10.);
#1637=VECTOR('',#5848,10.);
#1638=VECTOR('',#5849,10.);
#1639=VECTOR('',#5852,10.);
#1640=VECTOR('',#5853,10.);
#1641=VECTOR('',#5854,10.);
#1642=VECTOR('',#5857,10.);
#1643=VECTOR('',#5862,10.);
#1644=VECTOR('',#5863,10.);
#1645=VECTOR('',#5866,10.);
#1646=VECTOR('',#5871,2.19999999999999);
#1647=VECTOR('',#5876,2.19999999999999);
#1648=VECTOR('',#5881,2.20000000000001);
#1649=VECTOR('',#5886,2.20000000000002);
#1650=VECTOR('',#5907,1.20000000000001);
#1651=VECTOR('',#5910,1.20000000000001);
#1652=VECTOR('',#5913,1.19999999999997);
#1653=VECTOR('',#5916,1.19999999999997);
#1654=VECTOR('',#5921,10.);
#1655=VECTOR('',#5928,10.);
#1656=VECTOR('',#5933,10.);
#1657=VERTEX_POINT('',#5941);
#1658=VERTEX_POINT('',#5942);
#1659=VERTEX_POINT('',#5944);
#1660=VERTEX_POINT('',#5946);
#1661=VERTEX_POINT('',#5950);
#1662=VERTEX_POINT('',#5952);
#1663=VERTEX_POINT('',#5956);
#1664=VERTEX_POINT('',#5957);
#1665=VERTEX_POINT('',#5959);
#1666=VERTEX_POINT('',#5961);
#1667=VERTEX_POINT('',#5963);
#1668=VERTEX_POINT('',#5965);
#1669=VERTEX_POINT('',#5967);
#1670=VERTEX_POINT('',#5969);
#1671=VERTEX_POINT('',#5972);
#1672=VERTEX_POINT('',#5974);
#1673=VERTEX_POINT('',#5976);
#1674=VERTEX_POINT('',#5978);
#1675=VERTEX_POINT('',#5980);
#1676=VERTEX_POINT('',#5982);
#1677=VERTEX_POINT('',#5984);
#1678=VERTEX_POINT('',#5986);
#1679=VERTEX_POINT('',#5988);
#1680=VERTEX_POINT('',#5990);
#1681=VERTEX_POINT('',#5992);
#1682=VERTEX_POINT('',#5994);
#1683=VERTEX_POINT('',#5996);
#1684=VERTEX_POINT('',#5998);
#1685=VERTEX_POINT('',#6000);
#1686=VERTEX_POINT('',#6002);
#1687=VERTEX_POINT('',#6004);
#1688=VERTEX_POINT('',#6006);
#1689=VERTEX_POINT('',#6008);
#1690=VERTEX_POINT('',#6010);
#1691=VERTEX_POINT('',#6012);
#1692=VERTEX_POINT('',#6014);
#1693=VERTEX_POINT('',#6016);
#1694=VERTEX_POINT('',#6018);
#1695=VERTEX_POINT('',#6020);
#1696=VERTEX_POINT('',#6022);
#1697=VERTEX_POINT('',#6024);
#1698=VERTEX_POINT('',#6026);
#1699=VERTEX_POINT('',#6028);
#1700=VERTEX_POINT('',#6030);
#1701=VERTEX_POINT('',#6032);
#1702=VERTEX_POINT('',#6034);
#1703=VERTEX_POINT('',#6036);
#1704=VERTEX_POINT('',#6038);
#1705=VERTEX_POINT('',#6040);
#1706=VERTEX_POINT('',#6042);
#1707=VERTEX_POINT('',#6044);
#1708=VERTEX_POINT('',#6046);
#1709=VERTEX_POINT('',#6048);
#1710=VERTEX_POINT('',#6050);
#1711=VERTEX_POINT('',#6052);
#1712=VERTEX_POINT('',#6054);
#1713=VERTEX_POINT('',#6056);
#1714=VERTEX_POINT('',#6058);
#1715=VERTEX_POINT('',#6060);
#1716=VERTEX_POINT('',#6062);
#1717=VERTEX_POINT('',#6064);
#1718=VERTEX_POINT('',#6066);
#1719=VERTEX_POINT('',#6070);
#1720=VERTEX_POINT('',#6072);
#1721=VERTEX_POINT('',#6076);
#1722=VERTEX_POINT('',#6078);
#1723=VERTEX_POINT('',#6082);
#1724=VERTEX_POINT('',#6084);
#1725=VERTEX_POINT('',#6088);
#1726=VERTEX_POINT('',#6090);
#1727=VERTEX_POINT('',#6094);
#1728=VERTEX_POINT('',#6095);
#1729=VERTEX_POINT('',#6097);
#1730=VERTEX_POINT('',#6099);
#1731=VERTEX_POINT('',#6106);
#1732=VERTEX_POINT('',#6108);
#1733=VERTEX_POINT('',#6112);
#1734=VERTEX_POINT('',#6114);
#1735=VERTEX_POINT('',#6118);
#1736=VERTEX_POINT('',#6119);
#1737=VERTEX_POINT('',#6121);
#1738=VERTEX_POINT('',#6123);
#1739=VERTEX_POINT('',#6130);
#1740=VERTEX_POINT('',#6131);
#1741=VERTEX_POINT('',#6133);
#1742=VERTEX_POINT('',#6135);
#1743=VERTEX_POINT('',#6142);
#1744=VERTEX_POINT('',#6143);
#1745=VERTEX_POINT('',#6148);
#1746=VERTEX_POINT('',#6152);
#1747=VERTEX_POINT('',#6153);
#1748=VERTEX_POINT('',#6158);
#1749=VERTEX_POINT('',#6162);
#1750=VERTEX_POINT('',#6163);
#1751=VERTEX_POINT('',#6168);
#1752=VERTEX_POINT('',#6172);
#1753=VERTEX_POINT('',#6173);
#1754=VERTEX_POINT('',#6178);
#1755=VERTEX_POINT('',#6182);
#1756=VERTEX_POINT('',#6186);
#1757=VERTEX_POINT('',#6190);
#1758=VERTEX_POINT('',#6191);
#1759=VERTEX_POINT('',#6196);
#1760=VERTEX_POINT('',#6200);
#1761=VERTEX_POINT('',#6201);
#1762=VERTEX_POINT('',#6206);
#1763=VERTEX_POINT('',#6210);
#1764=VERTEX_POINT('',#6211);
#1765=VERTEX_POINT('',#6216);
#1766=VERTEX_POINT('',#6220);
#1767=VERTEX_POINT('',#6221);
#1768=VERTEX_POINT('',#6226);
#1769=VERTEX_POINT('',#6230);
#1770=VERTEX_POINT('',#6231);
#1771=VERTEX_POINT('',#6236);
#1772=VERTEX_POINT('',#6240);
#1773=VERTEX_POINT('',#6244);
#1774=VERTEX_POINT('',#6247);
#1775=VERTEX_POINT('',#6249);
#1776=VERTEX_POINT('',#6251);
#1777=VERTEX_POINT('',#6253);
#1778=VERTEX_POINT('',#6255);
#1779=VERTEX_POINT('',#6257);
#1780=VERTEX_POINT('',#6259);
#1781=VERTEX_POINT('',#6261);
#1782=VERTEX_POINT('',#6263);
#1783=VERTEX_POINT('',#6265);
#1784=VERTEX_POINT('',#6267);
#1785=VERTEX_POINT('',#6269);
#1786=VERTEX_POINT('',#6272);
#1787=VERTEX_POINT('',#6275);
#1788=VERTEX_POINT('',#6278);
#1789=VERTEX_POINT('',#6281);
#1790=VERTEX_POINT('',#6284);
#1791=VERTEX_POINT('',#6287);
#1792=VERTEX_POINT('',#6290);
#1793=VERTEX_POINT('',#6293);
#1794=VERTEX_POINT('',#6295);
#1795=VERTEX_POINT('',#6297);
#1796=VERTEX_POINT('',#6299);
#1797=VERTEX_POINT('',#6301);
#1798=VERTEX_POINT('',#6303);
#1799=VERTEX_POINT('',#6305);
#1800=VERTEX_POINT('',#6307);
#1801=VERTEX_POINT('',#6309);
#1802=VERTEX_POINT('',#6310);
#1803=VERTEX_POINT('',#6312);
#1804=VERTEX_POINT('',#6314);
#1805=VERTEX_POINT('',#6316);
#1806=VERTEX_POINT('',#6318);
#1807=VERTEX_POINT('',#6320);
#1808=VERTEX_POINT('',#6322);
#1809=VERTEX_POINT('',#6324);
#1810=VERTEX_POINT('',#6326);
#1811=VERTEX_POINT('',#6328);
#1812=VERTEX_POINT('',#6330);
#1813=VERTEX_POINT('',#6332);
#1814=VERTEX_POINT('',#6334);
#1815=VERTEX_POINT('',#6336);
#1816=VERTEX_POINT('',#6338);
#1817=VERTEX_POINT('',#6356);
#1818=VERTEX_POINT('',#6357);
#1819=VERTEX_POINT('',#6360);
#1820=VERTEX_POINT('',#6362);
#1821=VERTEX_POINT('',#6364);
#1822=VERTEX_POINT('',#6366);
#1823=VERTEX_POINT('',#6379);
#1824=VERTEX_POINT('',#6381);
#1825=VERTEX_POINT('',#6383);
#1826=VERTEX_POINT('',#6394);
#1827=VERTEX_POINT('',#6396);
#1828=VERTEX_POINT('',#6407);
#1829=VERTEX_POINT('',#6409);
#1830=VERTEX_POINT('',#6413);
#1831=VERTEX_POINT('',#6417);
#1832=VERTEX_POINT('',#6419);
#1833=VERTEX_POINT('',#6423);
#1834=VERTEX_POINT('',#6424);
#1835=VERTEX_POINT('',#6427);
#1836=VERTEX_POINT('',#6429);
#1837=VERTEX_POINT('',#6431);
#1838=VERTEX_POINT('',#6444);
#1839=VERTEX_POINT('',#6448);
#1840=VERTEX_POINT('',#6450);
#1841=VERTEX_POINT('',#6452);
#1842=VERTEX_POINT('',#6456);
#1843=VERTEX_POINT('',#6458);
#1844=VERTEX_POINT('',#6460);
#1845=VERTEX_POINT('',#6462);
#1846=VERTEX_POINT('',#6466);
#1847=VERTEX_POINT('',#6467);
#1848=VERTEX_POINT('',#6469);
#1849=VERTEX_POINT('',#6471);
#1850=VERTEX_POINT('',#6483);
#1851=VERTEX_POINT('',#6484);
#1852=VERTEX_POINT('',#6489);
#1853=VERTEX_POINT('',#6490);
#1854=VERTEX_POINT('',#6503);
#1855=VERTEX_POINT('',#6504);
#1856=VERTEX_POINT('',#6509);
#1857=VERTEX_POINT('',#6510);
#1858=VERTEX_POINT('',#6515);
#1859=VERTEX_POINT('',#6517);
#1860=VERTEX_POINT('',#6519);
#1861=VERTEX_POINT('',#6524);
#1862=VERTEX_POINT('',#6528);
#1863=VERTEX_POINT('',#6532);
#1864=VERTEX_POINT('',#6536);
#1865=VERTEX_POINT('',#6538);
#1866=VERTEX_POINT('',#6540);
#1867=VERTEX_POINT('',#6543);
#1868=VERTEX_POINT('',#6547);
#1869=VERTEX_POINT('',#6548);
#1870=VERTEX_POINT('',#6550);
#1871=VERTEX_POINT('',#6552);
#1872=VERTEX_POINT('',#6557);
#1873=VERTEX_POINT('',#6560);
#1874=VERTEX_POINT('',#6564);
#1875=VERTEX_POINT('',#6565);
#1876=VERTEX_POINT('',#6567);
#1877=VERTEX_POINT('',#6569);
#1878=VERTEX_POINT('',#6573);
#1879=VERTEX_POINT('',#6575);
#1880=VERTEX_POINT('',#6577);
#1881=VERTEX_POINT('',#6579);
#1882=VERTEX_POINT('',#6581);
#1883=VERTEX_POINT('',#6583);
#1884=VERTEX_POINT('',#6585);
#1885=VERTEX_POINT('',#6587);
#1886=VERTEX_POINT('',#6589);
#1887=VERTEX_POINT('',#6591);
#1888=VERTEX_POINT('',#6593);
#1889=VERTEX_POINT('',#6595);
#1890=VERTEX_POINT('',#6598);
#1891=VERTEX_POINT('',#6600);
#1892=VERTEX_POINT('',#6602);
#1893=VERTEX_POINT('',#6604);
#1894=VERTEX_POINT('',#6606);
#1895=VERTEX_POINT('',#6608);
#1896=VERTEX_POINT('',#6610);
#1897=VERTEX_POINT('',#6612);
#1898=VERTEX_POINT('',#6614);
#1899=VERTEX_POINT('',#6616);
#1900=VERTEX_POINT('',#6618);
#1901=VERTEX_POINT('',#6620);
#1902=VERTEX_POINT('',#6622);
#1903=VERTEX_POINT('',#6624);
#1904=VERTEX_POINT('',#6626);
#1905=VERTEX_POINT('',#6629);
#1906=VERTEX_POINT('',#6631);
#1907=VERTEX_POINT('',#6634);
#1908=VERTEX_POINT('',#6635);
#1909=VERTEX_POINT('',#6637);
#1910=VERTEX_POINT('',#6639);
#1911=VERTEX_POINT('',#6644);
#1912=VERTEX_POINT('',#6646);
#1913=VERTEX_POINT('',#6650);
#1914=VERTEX_POINT('',#6652);
#1915=VERTEX_POINT('',#6656);
#1916=VERTEX_POINT('',#6660);
#1917=VERTEX_POINT('',#6662);
#1918=VERTEX_POINT('',#6666);
#1919=VERTEX_POINT('',#6670);
#1920=VERTEX_POINT('',#6677);
#1921=VERTEX_POINT('',#6681);
#1922=VERTEX_POINT('',#6687);
#1923=VERTEX_POINT('',#6726);
#1924=VERTEX_POINT('',#6727);
#1925=VERTEX_POINT('',#6729);
#1926=VERTEX_POINT('',#6733);
#1927=VERTEX_POINT('',#6734);
#1928=VERTEX_POINT('',#6744);
#1929=VERTEX_POINT('',#6745);
#1930=VERTEX_POINT('',#6750);
#1931=VERTEX_POINT('',#6751);
#1932=VERTEX_POINT('',#6761);
#1933=VERTEX_POINT('',#6762);
#1934=VERTEX_POINT('',#6764);
#1935=VERTEX_POINT('',#6768);
#1936=VERTEX_POINT('',#6769);
#1937=VERTEX_POINT('',#6771);
#1938=VERTEX_POINT('',#6778);
#1939=VERTEX_POINT('',#6779);
#1940=VERTEX_POINT('',#6784);
#1941=VERTEX_POINT('',#6785);
#1942=VERTEX_POINT('',#6796);
#1943=VERTEX_POINT('',#6802);
#1944=VERTEX_POINT('',#6804);
#1945=VERTEX_POINT('',#6809);
#1946=VERTEX_POINT('',#6811);
#1947=VERTEX_POINT('',#6823);
#1948=VERTEX_POINT('',#6825);
#1949=VERTEX_POINT('',#6829);
#1950=VERTEX_POINT('',#6831);
#1951=VERTEX_POINT('',#6835);
#1952=VERTEX_POINT('',#6837);
#1953=VERTEX_POINT('',#6841);
#1954=VERTEX_POINT('',#6843);
#1955=VERTEX_POINT('',#6847);
#1956=VERTEX_POINT('',#6850);
#1957=VERTEX_POINT('',#6853);
#1958=VERTEX_POINT('',#6856);
#1959=VERTEX_POINT('',#6879);
#1960=VERTEX_POINT('',#6881);
#1961=VERTEX_POINT('',#6883);
#1962=VERTEX_POINT('',#6885);
#1963=VERTEX_POINT('',#6889);
#1964=VERTEX_POINT('',#6891);
#1965=VERTEX_POINT('',#6895);
#1966=VERTEX_POINT('',#6897);
#1967=VERTEX_POINT('',#6899);
#1968=VERTEX_POINT('',#6904);
#1969=VERTEX_POINT('',#6906);
#1970=VERTEX_POINT('',#6908);
#1971=VERTEX_POINT('',#6910);
#1972=VERTEX_POINT('',#6918);
#1973=VERTEX_POINT('',#6920);
#1974=VERTEX_POINT('',#6922);
#1975=VERTEX_POINT('',#6925);
#1976=VERTEX_POINT('',#6934);
#1977=VERTEX_POINT('',#6949);
#1978=VERTEX_POINT('',#6953);
#1979=VERTEX_POINT('',#6954);
#1980=VERTEX_POINT('',#6968);
#1981=VERTEX_POINT('',#6978);
#1982=VERTEX_POINT('',#6984);
#1983=VERTEX_POINT('',#6985);
#1984=VERTEX_POINT('',#6987);
#1985=VERTEX_POINT('',#6994);
#1986=VERTEX_POINT('',#6998);
#1987=VERTEX_POINT('',#6999);
#1988=VERTEX_POINT('',#7014);
#1989=VERTEX_POINT('',#7015);
#1990=VERTEX_POINT('',#7017);
#1991=VERTEX_POINT('',#7019);
#1992=VERTEX_POINT('',#7021);
#1993=VERTEX_POINT('',#7023);
#1994=VERTEX_POINT('',#7025);
#1995=VERTEX_POINT('',#7027);
#1996=VERTEX_POINT('',#7029);
#1997=VERTEX_POINT('',#7031);
#1998=VERTEX_POINT('',#7033);
#1999=VERTEX_POINT('',#7035);
#2000=VERTEX_POINT('',#7037);
#2001=VERTEX_POINT('',#7039);
#2002=VERTEX_POINT('',#7041);
#2003=VERTEX_POINT('',#7043);
#2004=VERTEX_POINT('',#7046);
#2005=VERTEX_POINT('',#7048);
#2006=VERTEX_POINT('',#7050);
#2007=VERTEX_POINT('',#7054);
#2008=VERTEX_POINT('',#7056);
#2009=VERTEX_POINT('',#7060);
#2010=VERTEX_POINT('',#7064);
#2011=VERTEX_POINT('',#7068);
#2012=VERTEX_POINT('',#7072);
#2013=VERTEX_POINT('',#7076);
#2014=VERTEX_POINT('',#7080);
#2015=VERTEX_POINT('',#7084);
#2016=VERTEX_POINT('',#7088);
#2017=VERTEX_POINT('',#7092);
#2018=VERTEX_POINT('',#7096);
#2019=VERTEX_POINT('',#7100);
#2020=VERTEX_POINT('',#7104);
#2021=VERTEX_POINT('',#7108);
#2022=VERTEX_POINT('',#7112);
#2023=VERTEX_POINT('',#7119);
#2024=VERTEX_POINT('',#7124);
#2025=VERTEX_POINT('',#7132);
#2026=VERTEX_POINT('',#7136);
#2027=VERTEX_POINT('',#7138);
#2028=VERTEX_POINT('',#7142);
#2029=VERTEX_POINT('',#7146);
#2030=VERTEX_POINT('',#7153);
#2031=VERTEX_POINT('',#7155);
#2032=VERTEX_POINT('',#7157);
#2033=VERTEX_POINT('',#7162);
#2034=VERTEX_POINT('',#7166);
#2035=VERTEX_POINT('',#7173);
#2036=VERTEX_POINT('',#7175);
#2037=VERTEX_POINT('',#7179);
#2038=VERTEX_POINT('',#7181);
#2039=VERTEX_POINT('',#7186);
#2040=VERTEX_POINT('',#7193);
#2041=VERTEX_POINT('',#7200);
#2042=VERTEX_POINT('',#7204);
#2043=VERTEX_POINT('',#7208);
#2044=VERTEX_POINT('',#7212);
#2045=VERTEX_POINT('',#7216);
#2046=VERTEX_POINT('',#7219);
#2047=VERTEX_POINT('',#7222);
#2048=VERTEX_POINT('',#7225);
#2049=EDGE_CURVE('',#1657,#1658,#867,.T.);
#2050=EDGE_CURVE('',#1657,#1659,#868,.T.);
#2051=EDGE_CURVE('',#1660,#1659,#869,.F.);
#2052=EDGE_CURVE('',#1658,#1660,#870,.F.);
#2053=EDGE_CURVE('',#1659,#1661,#871,.T.);
#2054=EDGE_CURVE('',#1661,#1662,#872,.T.);
#2055=EDGE_CURVE('',#1662,#1660,#873,.T.);
#2056=EDGE_CURVE('',#1663,#1664,#874,.T.);
#2057=EDGE_CURVE('',#1665,#1664,#195,.T.);
#2058=EDGE_CURVE('',#1665,#1666,#875,.T.);
#2059=EDGE_CURVE('',#1667,#1666,#196,.T.);
#2060=EDGE_CURVE('',#1667,#1668,#876,.T.);
#2061=EDGE_CURVE('',#1669,#1668,#197,.T.);
#2062=EDGE_CURVE('',#1669,#1670,#877,.T.);
#2063=EDGE_CURVE('',#1663,#1670,#198,.T.);
#2064=EDGE_CURVE('',#1671,#1657,#878,.T.);
#2065=EDGE_CURVE('',#1658,#1672,#879,.T.);
#2066=EDGE_CURVE('',#1673,#1672,#199,.T.);
#2067=EDGE_CURVE('',#1673,#1674,#880,.T.);
#2068=EDGE_CURVE('',#1675,#1674,#200,.T.);
#2069=EDGE_CURVE('',#1675,#1676,#881,.T.);
#2070=EDGE_CURVE('',#1677,#1676,#201,.T.);
#2071=EDGE_CURVE('',#1677,#1678,#882,.T.);
#2072=EDGE_CURVE('',#1678,#1679,#883,.T.);
#2073=EDGE_CURVE('',#1679,#1680,#884,.T.);
#2074=EDGE_CURVE('',#1681,#1680,#202,.T.);
#2075=EDGE_CURVE('',#1681,#1682,#885,.T.);
#2076=EDGE_CURVE('',#1683,#1682,#203,.T.);
#2077=EDGE_CURVE('',#1683,#1684,#886,.T.);
#2078=EDGE_CURVE('',#1685,#1684,#204,.T.);
#2079=EDGE_CURVE('',#1685,#1686,#887,.T.);
#2080=EDGE_CURVE('',#1686,#1687,#888,.T.);
#2081=EDGE_CURVE('',#1687,#1688,#889,.T.);
#2082=EDGE_CURVE('',#1689,#1688,#205,.T.);
#2083=EDGE_CURVE('',#1689,#1690,#890,.T.);
#2084=EDGE_CURVE('',#1691,#1690,#206,.T.);
#2085=EDGE_CURVE('',#1691,#1692,#891,.T.);
#2086=EDGE_CURVE('',#1692,#1693,#892,.T.);
#2087=EDGE_CURVE('',#1693,#1694,#893,.T.);
#2088=EDGE_CURVE('',#1695,#1694,#207,.T.);
#2089=EDGE_CURVE('',#1695,#1696,#894,.T.);
#2090=EDGE_CURVE('',#1697,#1696,#208,.T.);
#2091=EDGE_CURVE('',#1697,#1698,#895,.T.);
#2092=EDGE_CURVE('',#1698,#1699,#896,.T.);
#2093=EDGE_CURVE('',#1699,#1700,#897,.T.);
#2094=EDGE_CURVE('',#1701,#1700,#209,.T.);
#2095=EDGE_CURVE('',#1701,#1702,#898,.T.);
#2096=EDGE_CURVE('',#1703,#1702,#210,.T.);
#2097=EDGE_CURVE('',#1703,#1704,#899,.T.);
#2098=EDGE_CURVE('',#1705,#1704,#211,.T.);
#2099=EDGE_CURVE('',#1705,#1706,#900,.T.);
#2100=EDGE_CURVE('',#1706,#1707,#901,.T.);
#2101=EDGE_CURVE('',#1707,#1708,#902,.T.);
#2102=EDGE_CURVE('',#1709,#1708,#212,.T.);
#2103=EDGE_CURVE('',#1709,#1710,#903,.T.);
#2104=EDGE_CURVE('',#1711,#1710,#213,.T.);
#2105=EDGE_CURVE('',#1711,#1712,#904,.T.);
#2106=EDGE_CURVE('',#1713,#1712,#214,.T.);
#2107=EDGE_CURVE('',#1713,#1714,#905,.T.);
#2108=EDGE_CURVE('',#1714,#1715,#906,.T.);
#2109=EDGE_CURVE('',#1715,#1716,#907,.T.);
#2110=EDGE_CURVE('',#1717,#1716,#215,.T.);
#2111=EDGE_CURVE('',#1717,#1718,#908,.T.);
#2112=EDGE_CURVE('',#1671,#1718,#216,.T.);
#2113=EDGE_CURVE('',#1686,#1719,#909,.T.);
#2114=EDGE_CURVE('',#1720,#1719,#910,.F.);
#2115=EDGE_CURVE('',#1687,#1720,#911,.F.);
#2116=EDGE_CURVE('',#1719,#1721,#912,.T.);
#2117=EDGE_CURVE('',#1721,#1722,#913,.T.);
#2118=EDGE_CURVE('',#1722,#1720,#914,.T.);
#2119=EDGE_CURVE('',#1706,#1723,#915,.T.);
#2120=EDGE_CURVE('',#1724,#1723,#916,.F.);
#2121=EDGE_CURVE('',#1707,#1724,#917,.F.);
#2122=EDGE_CURVE('',#1723,#1725,#918,.T.);
#2123=EDGE_CURVE('',#1725,#1726,#919,.T.);
#2124=EDGE_CURVE('',#1726,#1724,#920,.T.);
#2125=EDGE_CURVE('',#1727,#1728,#921,.F.);
#2126=EDGE_CURVE('',#1728,#1729,#922,.T.);
#2127=EDGE_CURVE('',#1729,#1730,#923,.T.);
#2128=EDGE_CURVE('',#1730,#1727,#924,.T.);
#2129=EDGE_CURVE('',#1714,#1728,#925,.T.);
#2130=EDGE_CURVE('',#1715,#1727,#926,.F.);
#2131=EDGE_CURVE('',#1698,#1731,#927,.T.);
#2132=EDGE_CURVE('',#1732,#1731,#928,.F.);
#2133=EDGE_CURVE('',#1699,#1732,#929,.F.);
#2134=EDGE_CURVE('',#1731,#1733,#930,.T.);
#2135=EDGE_CURVE('',#1733,#1734,#931,.T.);
#2136=EDGE_CURVE('',#1734,#1732,#932,.T.);
#2137=EDGE_CURVE('',#1735,#1736,#933,.F.);
#2138=EDGE_CURVE('',#1736,#1737,#934,.T.);
#2139=EDGE_CURVE('',#1737,#1738,#935,.T.);
#2140=EDGE_CURVE('',#1738,#1735,#936,.T.);
#2141=EDGE_CURVE('',#1678,#1736,#937,.T.);
#2142=EDGE_CURVE('',#1679,#1735,#938,.F.);
#2143=EDGE_CURVE('',#1739,#1740,#939,.F.);
#2144=EDGE_CURVE('',#1740,#1741,#940,.T.);
#2145=EDGE_CURVE('',#1741,#1742,#941,.T.);
#2146=EDGE_CURVE('',#1742,#1739,#942,.T.);
#2147=EDGE_CURVE('',#1692,#1740,#943,.T.);
#2148=EDGE_CURVE('',#1693,#1739,#944,.F.);
#2149=EDGE_CURVE('',#1743,#1744,#217,.T.);
#2150=EDGE_CURVE('',#1743,#1709,#945,.T.);
#2151=EDGE_CURVE('',#1708,#1744,#946,.T.);
#2152=EDGE_CURVE('',#1743,#1745,#947,.T.);
#2153=EDGE_CURVE('',#1710,#1745,#948,.T.);
#2154=EDGE_CURVE('',#1746,#1747,#218,.T.);
#2155=EDGE_CURVE('',#1746,#1705,#949,.T.);
#2156=EDGE_CURVE('',#1704,#1747,#950,.T.);
#2157=EDGE_CURVE('',#1746,#1748,#951,.T.);
#2158=EDGE_CURVE('',#1725,#1748,#952,.T.);
#2159=EDGE_CURVE('',#1749,#1750,#219,.T.);
#2160=EDGE_CURVE('',#1749,#1713,#953,.T.);
#2161=EDGE_CURVE('',#1712,#1750,#954,.T.);
#2162=EDGE_CURVE('',#1749,#1751,#955,.T.);
#2163=EDGE_CURVE('',#1729,#1751,#956,.T.);
#2164=EDGE_CURVE('',#1752,#1753,#220,.T.);
#2165=EDGE_CURVE('',#1752,#1717,#957,.T.);
#2166=EDGE_CURVE('',#1716,#1753,#958,.T.);
#2167=EDGE_CURVE('',#1752,#1754,#959,.T.);
#2168=EDGE_CURVE('',#1718,#1754,#960,.T.);
#2169=EDGE_CURVE('',#1755,#1754,#221,.T.);
#2170=EDGE_CURVE('',#1755,#1671,#961,.T.);
#2171=EDGE_CURVE('',#1755,#1756,#962,.T.);
#2172=EDGE_CURVE('',#1661,#1756,#963,.T.);
#2173=EDGE_CURVE('',#1757,#1758,#222,.T.);
#2174=EDGE_CURVE('',#1757,#1673,#964,.T.);
#2175=EDGE_CURVE('',#1672,#1758,#965,.T.);
#2176=EDGE_CURVE('',#1757,#1759,#966,.T.);
#2177=EDGE_CURVE('',#1674,#1759,#967,.T.);
#2178=EDGE_CURVE('',#1760,#1761,#223,.T.);
#2179=EDGE_CURVE('',#1760,#1681,#968,.T.);
#2180=EDGE_CURVE('',#1680,#1761,#969,.T.);
#2181=EDGE_CURVE('',#1760,#1762,#970,.T.);
#2182=EDGE_CURVE('',#1682,#1762,#971,.T.);
#2183=EDGE_CURVE('',#1763,#1764,#224,.T.);
#2184=EDGE_CURVE('',#1763,#1677,#972,.T.);
#2185=EDGE_CURVE('',#1676,#1764,#973,.T.);
#2186=EDGE_CURVE('',#1763,#1765,#974,.T.);
#2187=EDGE_CURVE('',#1737,#1765,#975,.T.);
#2188=EDGE_CURVE('',#1766,#1767,#225,.T.);
#2189=EDGE_CURVE('',#1766,#1685,#976,.T.);
#2190=EDGE_CURVE('',#1684,#1767,#977,.T.);
#2191=EDGE_CURVE('',#1766,#1768,#978,.T.);
#2192=EDGE_CURVE('',#1721,#1768,#979,.T.);
#2193=EDGE_CURVE('',#1769,#1770,#226,.T.);
#2194=EDGE_CURVE('',#1769,#1689,#980,.T.);
#2195=EDGE_CURVE('',#1688,#1770,#981,.T.);
#2196=EDGE_CURVE('',#1769,#1771,#982,.T.);
#2197=EDGE_CURVE('',#1690,#1771,#983,.T.);
#2198=EDGE_CURVE('',#1772,#1771,#227,.T.);
#2199=EDGE_CURVE('',#1772,#1691,#984,.T.);
#2200=EDGE_CURVE('',#1773,#1744,#985,.T.);
#2201=EDGE_CURVE('',#1748,#1773,#986,.T.);
#2202=EDGE_CURVE('',#1774,#1747,#987,.T.);
#2203=EDGE_CURVE('',#1774,#1775,#228,.T.);
#2204=EDGE_CURVE('',#1776,#1775,#988,.T.);
#2205=EDGE_CURVE('',#1776,#1777,#229,.T.);
#2206=EDGE_CURVE('',#1778,#1777,#989,.T.);
#2207=EDGE_CURVE('',#1779,#1778,#990,.T.);
#2208=EDGE_CURVE('',#1780,#1779,#991,.T.);
#2209=EDGE_CURVE('',#1780,#1781,#230,.T.);
#2210=EDGE_CURVE('',#1782,#1781,#992,.T.);
#2211=EDGE_CURVE('',#1782,#1783,#231,.T.);
#2212=EDGE_CURVE('',#1784,#1783,#993,.T.);
#2213=EDGE_CURVE('',#1785,#1784,#994,.T.);
#2214=EDGE_CURVE('',#1772,#1785,#995,.T.);
#2215=EDGE_CURVE('',#1786,#1770,#996,.T.);
#2216=EDGE_CURVE('',#1768,#1786,#997,.T.);
#2217=EDGE_CURVE('',#1787,#1767,#998,.T.);
#2218=EDGE_CURVE('',#1787,#1762,#232,.T.);
#2219=EDGE_CURVE('',#1788,#1761,#999,.T.);
#2220=EDGE_CURVE('',#1765,#1788,#1000,.T.);
#2221=EDGE_CURVE('',#1789,#1764,#1001,.T.);
#2222=EDGE_CURVE('',#1789,#1759,#233,.T.);
#2223=EDGE_CURVE('',#1790,#1758,#1002,.T.);
#2224=EDGE_CURVE('',#1756,#1790,#1003,.T.);
#2225=EDGE_CURVE('',#1791,#1753,#1004,.T.);
#2226=EDGE_CURVE('',#1751,#1791,#1005,.T.);
#2227=EDGE_CURVE('',#1792,#1750,#1006,.T.);
#2228=EDGE_CURVE('',#1792,#1745,#234,.T.);
#2229=EDGE_CURVE('',#1793,#1793,#235,.T.);
#2230=EDGE_CURVE('',#1794,#1794,#236,.T.);
#2231=EDGE_CURVE('',#1795,#1795,#237,.T.);
#2232=EDGE_CURVE('',#1796,#1796,#238,.T.);
#2233=EDGE_CURVE('',#1797,#1797,#239,.T.);
#2234=EDGE_CURVE('',#1798,#1798,#240,.T.);
#2235=EDGE_CURVE('',#1799,#1799,#241,.T.);
#2236=EDGE_CURVE('',#1800,#1800,#242,.T.);
#2237=EDGE_CURVE('',#1801,#1802,#243,.T.);
#2238=EDGE_CURVE('',#1803,#1801,#1007,.T.);
#2239=EDGE_CURVE('',#1804,#1803,#244,.T.);
#2240=EDGE_CURVE('',#1805,#1804,#1008,.T.);
#2241=EDGE_CURVE('',#1806,#1805,#245,.T.);
#2242=EDGE_CURVE('',#1807,#1806,#1009,.T.);
#2243=EDGE_CURVE('',#1808,#1807,#246,.T.);
#2244=EDGE_CURVE('',#1809,#1808,#1010,.T.);
#2245=EDGE_CURVE('',#1810,#1809,#247,.T.);
#2246=EDGE_CURVE('',#1811,#1810,#1011,.T.);
#2247=EDGE_CURVE('',#1812,#1811,#248,.T.);
#2248=EDGE_CURVE('',#1812,#1813,#1012,.T.);
#2249=EDGE_CURVE('',#1814,#1813,#249,.T.);
#2250=EDGE_CURVE('',#1814,#1815,#1013,.T.);
#2251=EDGE_CURVE('',#1816,#1815,#250,.T.);
#2252=EDGE_CURVE('',#1816,#1802,#1014,.T.);
#2253=EDGE_CURVE('',#1782,#1695,#1015,.T.);
#2254=EDGE_CURVE('',#1694,#1783,#1016,.T.);
#2255=EDGE_CURVE('',#1742,#1784,#1017,.T.);
#2256=EDGE_CURVE('',#1776,#1701,#1018,.T.);
#2257=EDGE_CURVE('',#1700,#1777,#1019,.T.);
#2258=EDGE_CURVE('',#1734,#1778,#1020,.T.);
#2259=EDGE_CURVE('',#1780,#1697,#1021,.T.);
#2260=EDGE_CURVE('',#1696,#1781,#1022,.T.);
#2261=EDGE_CURVE('',#1817,#1818,#251,.T.);
#2262=EDGE_CURVE('',#1817,#1806,#1023,.T.);
#2263=EDGE_CURVE('',#1805,#1819,#1024,.T.);
#2264=EDGE_CURVE('',#1820,#1819,#252,.T.);
#2265=EDGE_CURVE('',#1821,#1820,#43,.T.);
#2266=EDGE_CURVE('',#1822,#1821,#35,.T.);
#2267=EDGE_CURVE('',#1818,#1822,#44,.T.);
#2268=EDGE_CURVE('',#1817,#1823,#1025,.T.);
#2269=EDGE_CURVE('',#1823,#1824,#1026,.T.);
#2270=EDGE_CURVE('',#1825,#1824,#36,.F.);
#2271=EDGE_CURVE('',#1825,#1826,#1027,.T.);
#2272=EDGE_CURVE('',#1827,#1826,#37,.F.);
#2273=EDGE_CURVE('',#1828,#1827,#1028,.T.);
#2274=EDGE_CURVE('',#1828,#1829,#1029,.T.);
#2275=EDGE_CURVE('',#1807,#1829,#1030,.T.);
#2276=EDGE_CURVE('',#1830,#1818,#1031,.T.);
#2277=EDGE_CURVE('',#1830,#1823,#1032,.T.);
#2278=EDGE_CURVE('',#1831,#1822,#1033,.T.);
#2279=EDGE_CURVE('',#1831,#1832,#1034,.T.);
#2280=EDGE_CURVE('',#1832,#1830,#1035,.T.);
#2281=EDGE_CURVE('',#1833,#1834,#253,.T.);
#2282=EDGE_CURVE('',#1833,#1808,#1036,.T.);
#2283=EDGE_CURVE('',#1835,#1829,#254,.T.);
#2284=EDGE_CURVE('',#1836,#1835,#45,.T.);
#2285=EDGE_CURVE('',#1837,#1836,#38,.T.);
#2286=EDGE_CURVE('',#1834,#1837,#46,.T.);
#2287=EDGE_CURVE('',#1833,#1838,#1037,.T.);
#2288=EDGE_CURVE('',#1809,#1838,#1038,.T.);
#2289=EDGE_CURVE('',#1839,#1834,#1039,.T.);
#2290=EDGE_CURVE('',#1840,#1839,#47,.T.);
#2291=EDGE_CURVE('',#1841,#1840,#1040,.T.);
#2292=EDGE_CURVE('',#1841,#1838,#255,.T.);
#2293=EDGE_CURVE('',#1842,#1837,#1041,.T.);
#2294=EDGE_CURVE('',#1842,#1843,#1042,.T.);
#2295=EDGE_CURVE('',#1844,#1843,#48,.T.);
#2296=EDGE_CURVE('',#1844,#1845,#1043,.T.);
#2297=EDGE_CURVE('',#1839,#1845,#1044,.T.);
#2298=EDGE_CURVE('',#1846,#1847,#256,.F.);
#2299=EDGE_CURVE('',#1846,#1848,#1045,.T.);
#2300=EDGE_CURVE('',#1848,#1849,#257,.T.);
#2301=EDGE_CURVE('',#1849,#1847,#1046,.T.);
#2302=EDGE_CURVE('',#1850,#1851,#258,.T.);
#2303=EDGE_CURVE('',#1851,#1849,#259,.T.);
#2304=EDGE_CURVE('',#1848,#1850,#260,.T.);
#2305=EDGE_CURVE('',#1852,#1853,#261,.T.);
#2306=EDGE_CURVE('',#1853,#1851,#1047,.T.);
#2307=EDGE_CURVE('',#1850,#1852,#1048,.T.);
#2308=EDGE_CURVE('',#1854,#1855,#262,.T.);
#2309=EDGE_CURVE('',#1855,#1853,#263,.T.);
#2310=EDGE_CURVE('',#1852,#1854,#264,.T.);
#2311=EDGE_CURVE('',#1856,#1857,#265,.T.);
#2312=EDGE_CURVE('',#1857,#1855,#1049,.T.);
#2313=EDGE_CURVE('',#1854,#1856,#1050,.T.);
#2314=EDGE_CURVE('',#1858,#1856,#1051,.T.);
#2315=EDGE_CURVE('',#1859,#1854,#1052,.T.);
#2316=EDGE_CURVE('',#1860,#1859,#1053,.T.);
#2317=EDGE_CURVE('',#1824,#1860,#266,.T.);
#2318=EDGE_CURVE('',#1858,#1832,#1054,.T.);
#2319=EDGE_CURVE('',#1852,#1861,#1055,.T.);
#2320=EDGE_CURVE('',#1861,#1859,#267,.F.);
#2321=EDGE_CURVE('',#1862,#1850,#1056,.T.);
#2322=EDGE_CURVE('',#1861,#1862,#1057,.T.);
#2323=EDGE_CURVE('',#1848,#1863,#1058,.T.);
#2324=EDGE_CURVE('',#1863,#1862,#268,.F.);
#2325=EDGE_CURVE('',#1846,#1864,#1059,.T.);
#2326=EDGE_CURVE('',#1865,#1864,#1060,.T.);
#2327=EDGE_CURVE('',#1866,#1865,#1061,.T.);
#2328=EDGE_CURVE('',#1828,#1866,#1062,.T.);
#2329=EDGE_CURVE('',#1867,#1827,#269,.T.);
#2330=EDGE_CURVE('',#1863,#1867,#1063,.T.);
#2331=EDGE_CURVE('',#1868,#1869,#270,.T.);
#2332=EDGE_CURVE('',#1868,#1870,#1064,.T.);
#2333=EDGE_CURVE('',#1870,#1871,#271,.T.);
#2334=EDGE_CURVE('',#1871,#1869,#1065,.T.);
#2335=EDGE_CURVE('',#1864,#1870,#1066,.T.);
#2336=EDGE_CURVE('',#1868,#1872,#1067,.T.);
#2337=EDGE_CURVE('',#1843,#1872,#1068,.T.);
#2338=EDGE_CURVE('',#1873,#1842,#49,.T.);
#2339=EDGE_CURVE('',#1865,#1873,#1069,.T.);
#2340=EDGE_CURVE('',#1874,#1875,#272,.T.);
#2341=EDGE_CURVE('',#1874,#1876,#1070,.T.);
#2342=EDGE_CURVE('',#1876,#1877,#273,.T.);
#2343=EDGE_CURVE('',#1877,#1875,#1071,.T.);
#2344=EDGE_CURVE('',#1869,#1878,#1072,.T.);
#2345=EDGE_CURVE('',#1878,#1879,#1073,.T.);
#2346=EDGE_CURVE('',#1879,#1880,#1074,.T.);
#2347=EDGE_CURVE('',#1880,#1881,#1075,.T.);
#2348=EDGE_CURVE('',#1881,#1882,#274,.T.);
#2349=EDGE_CURVE('',#1882,#1883,#1076,.T.);
#2350=EDGE_CURVE('',#1883,#1884,#1077,.T.);
#2351=EDGE_CURVE('',#1884,#1885,#1078,.T.);
#2352=EDGE_CURVE('',#1885,#1886,#275,.T.);
#2353=EDGE_CURVE('',#1886,#1887,#1079,.T.);
#2354=EDGE_CURVE('',#1887,#1888,#1080,.T.);
#2355=EDGE_CURVE('',#1888,#1889,#1081,.T.);
#2356=EDGE_CURVE('',#1889,#1874,#1082,.T.);
#2357=EDGE_CURVE('',#1890,#1875,#1083,.T.);
#2358=EDGE_CURVE('',#1890,#1891,#276,.T.);
#2359=EDGE_CURVE('',#1891,#1892,#1084,.T.);
#2360=EDGE_CURVE('',#1893,#1892,#1085,.T.);
#2361=EDGE_CURVE('',#1894,#1893,#1086,.F.);
#2362=EDGE_CURVE('',#1894,#1895,#50,.T.);
#2363=EDGE_CURVE('',#1896,#1895,#1087,.F.);
#2364=EDGE_CURVE('',#1897,#1896,#51,.F.);
#2365=EDGE_CURVE('',#1898,#1897,#1088,.T.);
#2366=EDGE_CURVE('',#1898,#1899,#52,.T.);
#2367=EDGE_CURVE('',#1900,#1899,#1089,.T.);
#2368=EDGE_CURVE('',#1900,#1901,#53,.T.);
#2369=EDGE_CURVE('',#1902,#1901,#1090,.T.);
#2370=EDGE_CURVE('',#1903,#1902,#54,.F.);
#2371=EDGE_CURVE('',#1904,#1903,#1091,.F.);
#2372=EDGE_CURVE('',#1904,#1841,#55,.T.);
#2373=EDGE_CURVE('',#1905,#1840,#1092,.T.);
#2374=EDGE_CURVE('',#1905,#1906,#1093,.T.);
#2375=EDGE_CURVE('',#1906,#1872,#277,.T.);
#2376=EDGE_CURVE('',#1907,#1908,#1094,.T.);
#2377=EDGE_CURVE('',#1908,#1909,#1095,.T.);
#2378=EDGE_CURVE('',#1909,#1910,#1096,.T.);
#2379=EDGE_CURVE('',#1910,#1907,#1097,.T.);
#2380=EDGE_CURVE('',#1877,#1858,#1098,.T.);
#2381=EDGE_CURVE('',#1911,#1831,#56,.T.);
#2382=EDGE_CURVE('',#1912,#1911,#1099,.T.);
#2383=EDGE_CURVE('',#1890,#1912,#1100,.T.);
#2384=EDGE_CURVE('',#1885,#1913,#1101,.T.);
#2385=EDGE_CURVE('',#1913,#1914,#278,.T.);
#2386=EDGE_CURVE('',#1914,#1886,#1102,.T.);
#2387=EDGE_CURVE('',#1915,#1884,#1103,.T.);
#2388=EDGE_CURVE('',#1913,#1915,#1104,.T.);
#2389=EDGE_CURVE('',#1881,#1916,#1105,.T.);
#2390=EDGE_CURVE('',#1916,#1917,#279,.T.);
#2391=EDGE_CURVE('',#1917,#1882,#1106,.T.);
#2392=EDGE_CURVE('',#1880,#1918,#1107,.T.);
#2393=EDGE_CURVE('',#1916,#1918,#1108,.T.);
#2394=EDGE_CURVE('',#1919,#1894,#280,.T.);
#2395=EDGE_CURVE('',#1919,#1804,#1109,.T.);
#2396=EDGE_CURVE('',#1803,#1895,#1110,.T.);
#2397=EDGE_CURVE('',#1919,#1819,#1111,.T.);
#2398=EDGE_CURVE('',#1920,#1893,#57,.T.);
#2399=EDGE_CURVE('',#1820,#1920,#1112,.T.);
#2400=EDGE_CURVE('',#1912,#1921,#58,.T.);
#2401=EDGE_CURVE('',#1921,#1891,#1113,.T.);
#2402=EDGE_CURVE('',#1821,#1911,#1114,.T.);
#2403=EDGE_CURVE('',#1892,#1922,#59,.T.);
#2404=EDGE_CURVE('',#1922,#1920,#1115,.T.);
#2405=EDGE_CURVE('',#1789,#1675,#1116,.T.);
#2406=EDGE_CURVE('',#1787,#1683,#1117,.T.);
#2407=EDGE_CURVE('',#1774,#1703,#1118,.T.);
#2408=EDGE_CURVE('',#1702,#1775,#1119,.T.);
#2409=EDGE_CURVE('',#1792,#1711,#1120,.T.);
#2410=EDGE_CURVE('',#1802,#1897,#1121,.T.);
#2411=EDGE_CURVE('',#1896,#1801,#1122,.T.);
#2412=EDGE_CURVE('',#1898,#1816,#1123,.T.);
#2413=EDGE_CURVE('',#1815,#1899,#1124,.T.);
#2414=EDGE_CURVE('',#1900,#1814,#1125,.T.);
#2415=EDGE_CURVE('',#1813,#1901,#1126,.T.);
#2416=EDGE_CURVE('',#1902,#1812,#1127,.T.);
#2417=EDGE_CURVE('',#1811,#1903,#1128,.T.);
#2418=EDGE_CURVE('',#1904,#1810,#1129,.T.);
#2419=EDGE_CURVE('',#1845,#1905,#60,.T.);
#2420=EDGE_CURVE('',#1836,#1873,#1130,.T.);
#2421=EDGE_CURVE('',#1906,#1844,#1131,.T.);
#2422=EDGE_CURVE('',#1923,#1924,#281,.F.);
#2423=EDGE_CURVE('',#1925,#1923,#282,.F.);
#2424=EDGE_CURVE('',#1924,#1925,#283,.F.);
#2425=EDGE_CURVE('',#1926,#1927,#39,.F.);
#2426=EDGE_CURVE('',#1927,#1924,#1132,.T.);
#2427=EDGE_CURVE('',#1925,#1926,#1133,.T.);
#2428=EDGE_CURVE('',#1928,#1929,#284,.T.);
#2429=EDGE_CURVE('',#1929,#1923,#1134,.T.);
#2430=EDGE_CURVE('',#1924,#1928,#1135,.T.);
#2431=EDGE_CURVE('',#1930,#1931,#40,.F.);
#2432=EDGE_CURVE('',#1931,#1929,#285,.T.);
#2433=EDGE_CURVE('',#1928,#1930,#286,.T.);
#2434=EDGE_CURVE('',#1932,#1933,#287,.F.);
#2435=EDGE_CURVE('',#1934,#1932,#288,.F.);
#2436=EDGE_CURVE('',#1933,#1934,#289,.F.);
#2437=EDGE_CURVE('',#1935,#1936,#290,.F.);
#2438=EDGE_CURVE('',#1937,#1935,#291,.F.);
#2439=EDGE_CURVE('',#1936,#1937,#292,.F.);
#2440=EDGE_CURVE('',#1666,#1937,#1136,.T.);
#2441=EDGE_CURVE('',#1935,#1667,#1137,.T.);
#2442=EDGE_CURVE('',#1938,#1939,#293,.T.);
#2443=EDGE_CURVE('',#1939,#1936,#1138,.T.);
#2444=EDGE_CURVE('',#1937,#1938,#1139,.T.);
#2445=EDGE_CURVE('',#1940,#1941,#294,.T.);
#2446=EDGE_CURVE('',#1941,#1939,#295,.T.);
#2447=EDGE_CURVE('',#1938,#1940,#296,.T.);
#2448=EDGE_CURVE('',#1934,#1941,#1140,.T.);
#2449=EDGE_CURVE('',#1940,#1933,#1141,.T.);
#2450=EDGE_CURVE('',#1664,#1932,#1142,.T.);
#2451=EDGE_CURVE('',#1933,#1665,#1143,.T.);
#2452=EDGE_CURVE('',#1941,#1942,#1144,.T.);
#2453=EDGE_CURVE('',#1942,#1927,#297,.F.);
#2454=EDGE_CURVE('',#1926,#1939,#1145,.T.);
#2455=EDGE_CURVE('',#1943,#1943,#298,.T.);
#2456=EDGE_CURVE('',#1943,#1944,#1146,.T.);
#2457=EDGE_CURVE('',#1944,#1944,#299,.T.);
#2458=EDGE_CURVE('',#1945,#1945,#300,.T.);
#2459=EDGE_CURVE('',#1945,#1946,#1147,.T.);
#2460=EDGE_CURVE('',#1946,#1946,#301,.T.);
#2461=EDGE_CURVE('',#1922,#1921,#1148,.T.);
#2462=EDGE_CURVE('',#1942,#1930,#1149,.T.);
#2463=EDGE_CURVE('',#1738,#1788,#1150,.T.);
#2464=EDGE_CURVE('',#1947,#1947,#61,.T.);
#2465=EDGE_CURVE('',#1947,#1948,#1151,.T.);
#2466=EDGE_CURVE('',#1948,#1948,#302,.T.);
#2467=EDGE_CURVE('',#1949,#1949,#62,.T.);
#2468=EDGE_CURVE('',#1949,#1950,#1152,.T.);
#2469=EDGE_CURVE('',#1950,#1950,#303,.T.);
#2470=EDGE_CURVE('',#1951,#1951,#63,.T.);
#2471=EDGE_CURVE('',#1951,#1952,#1153,.T.);
#2472=EDGE_CURVE('',#1952,#1952,#304,.T.);
#2473=EDGE_CURVE('',#1953,#1953,#64,.T.);
#2474=EDGE_CURVE('',#1953,#1954,#1154,.T.);
#2475=EDGE_CURVE('',#1954,#1954,#305,.T.);
#2476=EDGE_CURVE('',#1955,#1955,#306,.T.);
#2477=EDGE_CURVE('',#1956,#1956,#307,.T.);
#2478=EDGE_CURVE('',#1957,#1957,#308,.T.);
#2479=EDGE_CURVE('',#1958,#1958,#309,.T.);
#2480=EDGE_CURVE('',#1800,#1955,#1155,.T.);
#2481=EDGE_CURVE('',#1799,#1956,#1156,.T.);
#2482=EDGE_CURVE('',#1798,#1957,#1157,.T.);
#2483=EDGE_CURVE('',#1797,#1958,#1158,.T.);
#2484=EDGE_CURVE('',#1722,#1786,#1159,.T.);
#2485=EDGE_CURVE('',#1662,#1790,#1160,.T.);
#2486=EDGE_CURVE('',#1730,#1791,#1161,.T.);
#2487=EDGE_CURVE('',#1923,#1959,#1162,.T.);
#2488=EDGE_CURVE('',#1959,#1960,#1163,.T.);
#2489=EDGE_CURVE('',#1960,#1961,#1164,.T.);
#2490=EDGE_CURVE('',#1961,#1962,#310,.F.);
#2491=EDGE_CURVE('',#1962,#1925,#1165,.T.);
#2492=EDGE_CURVE('',#1963,#1929,#1166,.T.);
#2493=EDGE_CURVE('',#1964,#1963,#1167,.T.);
#2494=EDGE_CURVE('',#1959,#1964,#311,.T.);
#2495=EDGE_CURVE('',#1931,#1965,#1168,.T.);
#2496=EDGE_CURVE('',#1966,#1965,#312,.T.);
#2497=EDGE_CURVE('',#1966,#1967,#1169,.T.);
#2498=EDGE_CURVE('',#1826,#1967,#313,.T.);
#2499=EDGE_CURVE('',#1963,#1825,#314,.T.);
#2500=EDGE_CURVE('',#1968,#1934,#1170,.T.);
#2501=EDGE_CURVE('',#1969,#1968,#1171,.T.);
#2502=EDGE_CURVE('',#1970,#1969,#1172,.T.);
#2503=EDGE_CURVE('',#1971,#1970,#1173,.T.);
#2504=EDGE_CURVE('',#1965,#1971,#41,.F.);
#2505=EDGE_CURVE('',#1972,#1972,#65,.T.);
#2506=EDGE_CURVE('',#1973,#1973,#66,.T.);
#2507=EDGE_CURVE('',#1974,#1974,#67,.T.);
#2508=EDGE_CURVE('',#1932,#1975,#1174,.T.);
#2509=EDGE_CURVE('',#1975,#1968,#315,.F.);
#2510=EDGE_CURVE('',#1975,#1663,#1175,.T.);
#2511=EDGE_CURVE('',#1959,#1861,#316,.T.);
#2512=EDGE_CURVE('',#1859,#1964,#317,.T.);
#2513=EDGE_CURVE('',#1976,#1960,#318,.T.);
#2514=EDGE_CURVE('',#1862,#1960,#319,.T.);
#2515=EDGE_CURVE('',#1976,#1863,#320,.T.);
#2516=EDGE_CURVE('',#1867,#1967,#321,.T.);
#2517=EDGE_CURVE('',#1967,#1976,#1176,.T.);
#2518=EDGE_CURVE('',#1860,#1963,#322,.T.);
#2519=EDGE_CURVE('',#1847,#1857,#1177,.T.);
#2520=EDGE_CURVE('',#1977,#1961,#323,.F.);
#2521=EDGE_CURVE('',#1962,#1977,#324,.F.);
#2522=EDGE_CURVE('',#1978,#1979,#42,.F.);
#2523=EDGE_CURVE('',#1979,#1962,#1178,.T.);
#2524=EDGE_CURVE('',#1977,#1978,#1179,.T.);
#2525=EDGE_CURVE('',#1966,#1980,#325,.T.);
#2526=EDGE_CURVE('',#1980,#1977,#1180,.T.);
#2527=EDGE_CURVE('',#1961,#1966,#1181,.T.);
#2528=EDGE_CURVE('',#1971,#1980,#326,.T.);
#2529=EDGE_CURVE('',#1978,#1970,#327,.F.);
#2530=EDGE_CURVE('',#1981,#1975,#328,.F.);
#2531=EDGE_CURVE('',#1968,#1981,#329,.F.);
#2532=EDGE_CURVE('',#1670,#1981,#1182,.T.);
#2533=EDGE_CURVE('',#1982,#1983,#330,.F.);
#2534=EDGE_CURVE('',#1984,#1982,#331,.F.);
#2535=EDGE_CURVE('',#1983,#1984,#332,.F.);
#2536=EDGE_CURVE('',#1936,#1984,#1183,.T.);
#2537=EDGE_CURVE('',#1982,#1935,#1184,.T.);
#2538=EDGE_CURVE('',#1985,#1969,#333,.T.);
#2539=EDGE_CURVE('',#1981,#1985,#1185,.T.);
#2540=EDGE_CURVE('',#1986,#1987,#334,.T.);
#2541=EDGE_CURVE('',#1987,#1969,#335,.T.);
#2542=EDGE_CURVE('',#1985,#1986,#336,.T.);
#2543=EDGE_CURVE('',#1984,#1987,#1186,.T.);
#2544=EDGE_CURVE('',#1986,#1983,#1187,.T.);
#2545=EDGE_CURVE('',#1668,#1982,#1188,.T.);
#2546=EDGE_CURVE('',#1983,#1669,#1189,.T.);
#2547=EDGE_CURVE('',#1987,#1979,#1190,.T.);
#2548=EDGE_CURVE('',#1988,#1989,#337,.T.);
#2549=EDGE_CURVE('',#1989,#1990,#338,.T.);
#2550=EDGE_CURVE('',#1990,#1991,#339,.T.);
#2551=EDGE_CURVE('',#1991,#1992,#1191,.T.);
#2552=EDGE_CURVE('',#1992,#1993,#340,.T.);
#2553=EDGE_CURVE('',#1993,#1994,#341,.T.);
#2554=EDGE_CURVE('',#1994,#1995,#342,.T.);
#2555=EDGE_CURVE('',#1995,#1996,#1192,.T.);
#2556=EDGE_CURVE('',#1996,#1997,#343,.T.);
#2557=EDGE_CURVE('',#1997,#1998,#344,.T.);
#2558=EDGE_CURVE('',#1998,#1999,#345,.T.);
#2559=EDGE_CURVE('',#1999,#2000,#1193,.T.);
#2560=EDGE_CURVE('',#2000,#2001,#346,.T.);
#2561=EDGE_CURVE('',#2001,#2002,#347,.T.);
#2562=EDGE_CURVE('',#2002,#2003,#348,.T.);
#2563=EDGE_CURVE('',#2003,#1988,#1194,.T.);
#2564=EDGE_CURVE('',#2004,#2004,#349,.T.);
#2565=EDGE_CURVE('',#2005,#2005,#350,.T.);
#2566=EDGE_CURVE('',#2006,#2006,#68,.T.);
#2567=EDGE_CURVE('',#1988,#2007,#1195,.T.);
#2568=EDGE_CURVE('',#2007,#2008,#351,.T.);
#2569=EDGE_CURVE('',#1989,#2008,#1196,.T.);
#2570=EDGE_CURVE('',#2003,#2009,#1197,.T.);
#2571=EDGE_CURVE('',#2009,#2007,#1198,.T.);
#2572=EDGE_CURVE('',#2002,#2010,#1199,.T.);
#2573=EDGE_CURVE('',#2010,#2009,#352,.T.);
#2574=EDGE_CURVE('',#2001,#2011,#1200,.T.);
#2575=EDGE_CURVE('',#2011,#2010,#353,.T.);
#2576=EDGE_CURVE('',#2000,#2012,#1201,.T.);
#2577=EDGE_CURVE('',#2012,#2011,#354,.T.);
#2578=EDGE_CURVE('',#1999,#2013,#1202,.T.);
#2579=EDGE_CURVE('',#2013,#2012,#1203,.T.);
#2580=EDGE_CURVE('',#1998,#2014,#1204,.T.);
#2581=EDGE_CURVE('',#2014,#2013,#355,.T.);
#2582=EDGE_CURVE('',#1997,#2015,#1205,.T.);
#2583=EDGE_CURVE('',#2015,#2014,#356,.T.);
#2584=EDGE_CURVE('',#1996,#2016,#1206,.T.);
#2585=EDGE_CURVE('',#2016,#2015,#357,.T.);
#2586=EDGE_CURVE('',#1995,#2017,#1207,.T.);
#2587=EDGE_CURVE('',#2017,#2016,#1208,.T.);
#2588=EDGE_CURVE('',#1994,#2018,#1209,.T.);
#2589=EDGE_CURVE('',#2018,#2017,#358,.T.);
#2590=EDGE_CURVE('',#1993,#2019,#1210,.T.);
#2591=EDGE_CURVE('',#2019,#2018,#359,.T.);
#2592=EDGE_CURVE('',#1992,#2020,#1211,.T.);
#2593=EDGE_CURVE('',#2020,#2019,#360,.T.);
#2594=EDGE_CURVE('',#1991,#2021,#1212,.T.);
#2595=EDGE_CURVE('',#2021,#2020,#1213,.T.);
#2596=EDGE_CURVE('',#1990,#2022,#1214,.T.);
#2597=EDGE_CURVE('',#2022,#2021,#361,.T.);
#2598=EDGE_CURVE('',#2008,#2022,#362,.T.);
#2599=EDGE_CURVE('',#2004,#2023,#1215,.T.);
#2600=EDGE_CURVE('',#2023,#2023,#363,.T.);
#2601=EDGE_CURVE('',#2005,#2024,#1216,.T.);
#2602=EDGE_CURVE('',#2024,#2024,#364,.T.);
#2603=EDGE_CURVE('',#1835,#1866,#1217,.T.);
#2604=EDGE_CURVE('',#2025,#1914,#1218,.T.);
#2605=EDGE_CURVE('',#1887,#2025,#1219,.F.);
#2606=EDGE_CURVE('',#1907,#2026,#1220,.F.);
#2607=EDGE_CURVE('',#2027,#2026,#1221,.T.);
#2608=EDGE_CURVE('',#1908,#2027,#1222,.T.);
#2609=EDGE_CURVE('',#2028,#2027,#1223,.F.);
#2610=EDGE_CURVE('',#1909,#2028,#1224,.F.);
#2611=EDGE_CURVE('',#2029,#2028,#1225,.T.);
#2612=EDGE_CURVE('',#1910,#2029,#1226,.T.);
#2613=EDGE_CURVE('',#2026,#2029,#1227,.F.);
#2614=EDGE_CURVE('',#1889,#2030,#1228,.T.);
#2615=EDGE_CURVE('',#2031,#2030,#1229,.F.);
#2616=EDGE_CURVE('',#2032,#2031,#1230,.F.);
#2617=EDGE_CURVE('',#1876,#2032,#1231,.F.);
#2618=EDGE_CURVE('',#2025,#2032,#1232,.T.);
#2619=EDGE_CURVE('',#2033,#2031,#1233,.T.);
#2620=EDGE_CURVE('',#2025,#2033,#1234,.T.);
#2621=EDGE_CURVE('',#2034,#2033,#1235,.F.);
#2622=EDGE_CURVE('',#1888,#2034,#1236,.F.);
#2623=EDGE_CURVE('',#2030,#2034,#1237,.T.);
#2624=EDGE_CURVE('',#1879,#2035,#1238,.T.);
#2625=EDGE_CURVE('',#2036,#2035,#1239,.F.);
#2626=EDGE_CURVE('',#1918,#2036,#1240,.F.);
#2627=EDGE_CURVE('',#2037,#1918,#1241,.T.);
#2628=EDGE_CURVE('',#2038,#2036,#1242,.T.);
#2629=EDGE_CURVE('',#2037,#2038,#1243,.T.);
#2630=EDGE_CURVE('',#2037,#1871,#1244,.F.);
#2631=EDGE_CURVE('',#2039,#2038,#1245,.F.);
#2632=EDGE_CURVE('',#1878,#2039,#1246,.F.);
#2633=EDGE_CURVE('',#2035,#2039,#1247,.T.);
#2634=EDGE_CURVE('',#1915,#2040,#1248,.T.);
#2635=EDGE_CURVE('',#2040,#1917,#1249,.T.);
#2636=EDGE_CURVE('',#2040,#1883,#1250,.T.);
#2637=EDGE_CURVE('',#1972,#2041,#1251,.T.);
#2638=EDGE_CURVE('',#2041,#2041,#365,.T.);
#2639=EDGE_CURVE('',#1973,#2042,#1252,.T.);
#2640=EDGE_CURVE('',#2042,#2042,#366,.T.);
#2641=EDGE_CURVE('',#1974,#2043,#1253,.T.);
#2642=EDGE_CURVE('',#2043,#2043,#367,.T.);
#2643=EDGE_CURVE('',#2006,#2044,#1254,.T.);
#2644=EDGE_CURVE('',#2044,#2044,#368,.T.);
#2645=EDGE_CURVE('',#2045,#2045,#369,.T.);
#2646=EDGE_CURVE('',#2046,#2046,#370,.T.);
#2647=EDGE_CURVE('',#2047,#2047,#371,.T.);
#2648=EDGE_CURVE('',#2048,#2048,#372,.T.);
#2649=EDGE_CURVE('',#1793,#2045,#1255,.T.);
#2650=EDGE_CURVE('',#1794,#2046,#1256,.T.);
#2651=EDGE_CURVE('',#1795,#2047,#1257,.T.);
#2652=EDGE_CURVE('',#1796,#2048,#1258,.T.);
#2653=EDGE_CURVE('',#1726,#1773,#1259,.T.);
#2654=EDGE_CURVE('',#1733,#1779,#1260,.T.);
#2655=EDGE_CURVE('',#1741,#1785,#1261,.T.);
#2656=ORIENTED_EDGE('',*,*,#2049,.F.);
#2657=ORIENTED_EDGE('',*,*,#2050,.T.);
#2658=ORIENTED_EDGE('',*,*,#2051,.F.);
#2659=ORIENTED_EDGE('',*,*,#2052,.F.);
#2660=ORIENTED_EDGE('',*,*,#2051,.T.);
#2661=ORIENTED_EDGE('',*,*,#2053,.T.);
#2662=ORIENTED_EDGE('',*,*,#2054,.T.);
#2663=ORIENTED_EDGE('',*,*,#2055,.T.);
#2664=ORIENTED_EDGE('',*,*,#2056,.T.);
#2665=ORIENTED_EDGE('',*,*,#2057,.F.);
#2666=ORIENTED_EDGE('',*,*,#2058,.T.);
#2667=ORIENTED_EDGE('',*,*,#2059,.F.);
#2668=ORIENTED_EDGE('',*,*,#2060,.T.);
#2669=ORIENTED_EDGE('',*,*,#2061,.F.);
#2670=ORIENTED_EDGE('',*,*,#2062,.T.);
#2671=ORIENTED_EDGE('',*,*,#2063,.F.);
#2672=ORIENTED_EDGE('',*,*,#2064,.T.);
#2673=ORIENTED_EDGE('',*,*,#2049,.T.);
#2674=ORIENTED_EDGE('',*,*,#2065,.T.);
#2675=ORIENTED_EDGE('',*,*,#2066,.F.);
#2676=ORIENTED_EDGE('',*,*,#2067,.T.);
#2677=ORIENTED_EDGE('',*,*,#2068,.F.);
#2678=ORIENTED_EDGE('',*,*,#2069,.T.);
#2679=ORIENTED_EDGE('',*,*,#2070,.F.);
#2680=ORIENTED_EDGE('',*,*,#2071,.T.);
#2681=ORIENTED_EDGE('',*,*,#2072,.T.);
#2682=ORIENTED_EDGE('',*,*,#2073,.T.);
#2683=ORIENTED_EDGE('',*,*,#2074,.F.);
#2684=ORIENTED_EDGE('',*,*,#2075,.T.);
#2685=ORIENTED_EDGE('',*,*,#2076,.F.);
#2686=ORIENTED_EDGE('',*,*,#2077,.T.);
#2687=ORIENTED_EDGE('',*,*,#2078,.F.);
#2688=ORIENTED_EDGE('',*,*,#2079,.T.);
#2689=ORIENTED_EDGE('',*,*,#2080,.T.);
#2690=ORIENTED_EDGE('',*,*,#2081,.T.);
#2691=ORIENTED_EDGE('',*,*,#2082,.F.);
#2692=ORIENTED_EDGE('',*,*,#2083,.T.);
#2693=ORIENTED_EDGE('',*,*,#2084,.F.);
#2694=ORIENTED_EDGE('',*,*,#2085,.T.);
#2695=ORIENTED_EDGE('',*,*,#2086,.T.);
#2696=ORIENTED_EDGE('',*,*,#2087,.T.);
#2697=ORIENTED_EDGE('',*,*,#2088,.F.);
#2698=ORIENTED_EDGE('',*,*,#2089,.T.);
#2699=ORIENTED_EDGE('',*,*,#2090,.F.);
#2700=ORIENTED_EDGE('',*,*,#2091,.T.);
#2701=ORIENTED_EDGE('',*,*,#2092,.T.);
#2702=ORIENTED_EDGE('',*,*,#2093,.T.);
#2703=ORIENTED_EDGE('',*,*,#2094,.F.);
#2704=ORIENTED_EDGE('',*,*,#2095,.T.);
#2705=ORIENTED_EDGE('',*,*,#2096,.F.);
#2706=ORIENTED_EDGE('',*,*,#2097,.T.);
#2707=ORIENTED_EDGE('',*,*,#2098,.F.);
#2708=ORIENTED_EDGE('',*,*,#2099,.T.);
#2709=ORIENTED_EDGE('',*,*,#2100,.T.);
#2710=ORIENTED_EDGE('',*,*,#2101,.T.);
#2711=ORIENTED_EDGE('',*,*,#2102,.F.);
#2712=ORIENTED_EDGE('',*,*,#2103,.T.);
#2713=ORIENTED_EDGE('',*,*,#2104,.F.);
#2714=ORIENTED_EDGE('',*,*,#2105,.T.);
#2715=ORIENTED_EDGE('',*,*,#2106,.F.);
#2716=ORIENTED_EDGE('',*,*,#2107,.T.);
#2717=ORIENTED_EDGE('',*,*,#2108,.T.);
#2718=ORIENTED_EDGE('',*,*,#2109,.T.);
#2719=ORIENTED_EDGE('',*,*,#2110,.F.);
#2720=ORIENTED_EDGE('',*,*,#2111,.T.);
#2721=ORIENTED_EDGE('',*,*,#2112,.F.);
#2722=ORIENTED_EDGE('',*,*,#2080,.F.);
#2723=ORIENTED_EDGE('',*,*,#2113,.T.);
#2724=ORIENTED_EDGE('',*,*,#2114,.F.);
#2725=ORIENTED_EDGE('',*,*,#2115,.F.);
#2726=ORIENTED_EDGE('',*,*,#2114,.T.);
#2727=ORIENTED_EDGE('',*,*,#2116,.T.);
#2728=ORIENTED_EDGE('',*,*,#2117,.T.);
#2729=ORIENTED_EDGE('',*,*,#2118,.T.);
#2730=ORIENTED_EDGE('',*,*,#2100,.F.);
#2731=ORIENTED_EDGE('',*,*,#2119,.T.);
#2732=ORIENTED_EDGE('',*,*,#2120,.F.);
#2733=ORIENTED_EDGE('',*,*,#2121,.F.);
#2734=ORIENTED_EDGE('',*,*,#2120,.T.);
#2735=ORIENTED_EDGE('',*,*,#2122,.T.);
#2736=ORIENTED_EDGE('',*,*,#2123,.T.);
#2737=ORIENTED_EDGE('',*,*,#2124,.T.);
#2738=ORIENTED_EDGE('',*,*,#2125,.T.);
#2739=ORIENTED_EDGE('',*,*,#2126,.T.);
#2740=ORIENTED_EDGE('',*,*,#2127,.T.);
#2741=ORIENTED_EDGE('',*,*,#2128,.T.);
#2742=ORIENTED_EDGE('',*,*,#2108,.F.);
#2743=ORIENTED_EDGE('',*,*,#2129,.T.);
#2744=ORIENTED_EDGE('',*,*,#2125,.F.);
#2745=ORIENTED_EDGE('',*,*,#2130,.F.);
#2746=ORIENTED_EDGE('',*,*,#2092,.F.);
#2747=ORIENTED_EDGE('',*,*,#2131,.T.);
#2748=ORIENTED_EDGE('',*,*,#2132,.F.);
#2749=ORIENTED_EDGE('',*,*,#2133,.F.);
#2750=ORIENTED_EDGE('',*,*,#2132,.T.);
#2751=ORIENTED_EDGE('',*,*,#2134,.T.);
#2752=ORIENTED_EDGE('',*,*,#2135,.T.);
#2753=ORIENTED_EDGE('',*,*,#2136,.T.);
#2754=ORIENTED_EDGE('',*,*,#2137,.T.);
#2755=ORIENTED_EDGE('',*,*,#2138,.T.);
#2756=ORIENTED_EDGE('',*,*,#2139,.T.);
#2757=ORIENTED_EDGE('',*,*,#2140,.T.);
#2758=ORIENTED_EDGE('',*,*,#2072,.F.);
#2759=ORIENTED_EDGE('',*,*,#2141,.T.);
#2760=ORIENTED_EDGE('',*,*,#2137,.F.);
#2761=ORIENTED_EDGE('',*,*,#2142,.F.);
#2762=ORIENTED_EDGE('',*,*,#2143,.T.);
#2763=ORIENTED_EDGE('',*,*,#2144,.T.);
#2764=ORIENTED_EDGE('',*,*,#2145,.T.);
#2765=ORIENTED_EDGE('',*,*,#2146,.T.);
#2766=ORIENTED_EDGE('',*,*,#2086,.F.);
#2767=ORIENTED_EDGE('',*,*,#2147,.T.);
#2768=ORIENTED_EDGE('',*,*,#2143,.F.);
#2769=ORIENTED_EDGE('',*,*,#2148,.F.);
#2770=ORIENTED_EDGE('',*,*,#2149,.F.);
#2771=ORIENTED_EDGE('',*,*,#2150,.T.);
#2772=ORIENTED_EDGE('',*,*,#2102,.T.);
#2773=ORIENTED_EDGE('',*,*,#2151,.T.);
#2774=ORIENTED_EDGE('',*,*,#2150,.F.);
#2775=ORIENTED_EDGE('',*,*,#2152,.T.);
#2776=ORIENTED_EDGE('',*,*,#2153,.F.);
#2777=ORIENTED_EDGE('',*,*,#2103,.F.);
#2778=ORIENTED_EDGE('',*,*,#2154,.F.);
#2779=ORIENTED_EDGE('',*,*,#2155,.T.);
#2780=ORIENTED_EDGE('',*,*,#2098,.T.);
#2781=ORIENTED_EDGE('',*,*,#2156,.T.);
#2782=ORIENTED_EDGE('',*,*,#2155,.F.);
#2783=ORIENTED_EDGE('',*,*,#2157,.T.);
#2784=ORIENTED_EDGE('',*,*,#2158,.F.);
#2785=ORIENTED_EDGE('',*,*,#2122,.F.);
#2786=ORIENTED_EDGE('',*,*,#2119,.F.);
#2787=ORIENTED_EDGE('',*,*,#2099,.F.);
#2788=ORIENTED_EDGE('',*,*,#2159,.F.);
#2789=ORIENTED_EDGE('',*,*,#2160,.T.);
#2790=ORIENTED_EDGE('',*,*,#2106,.T.);
#2791=ORIENTED_EDGE('',*,*,#2161,.T.);
#2792=ORIENTED_EDGE('',*,*,#2160,.F.);
#2793=ORIENTED_EDGE('',*,*,#2162,.T.);
#2794=ORIENTED_EDGE('',*,*,#2163,.F.);
#2795=ORIENTED_EDGE('',*,*,#2126,.F.);
#2796=ORIENTED_EDGE('',*,*,#2129,.F.);
#2797=ORIENTED_EDGE('',*,*,#2107,.F.);
#2798=ORIENTED_EDGE('',*,*,#2164,.F.);
#2799=ORIENTED_EDGE('',*,*,#2165,.T.);
#2800=ORIENTED_EDGE('',*,*,#2110,.T.);
#2801=ORIENTED_EDGE('',*,*,#2166,.T.);
#2802=ORIENTED_EDGE('',*,*,#2165,.F.);
#2803=ORIENTED_EDGE('',*,*,#2167,.T.);
#2804=ORIENTED_EDGE('',*,*,#2168,.F.);
#2805=ORIENTED_EDGE('',*,*,#2111,.F.);
#2806=ORIENTED_EDGE('',*,*,#2169,.F.);
#2807=ORIENTED_EDGE('',*,*,#2170,.T.);
#2808=ORIENTED_EDGE('',*,*,#2112,.T.);
#2809=ORIENTED_EDGE('',*,*,#2168,.T.);
#2810=ORIENTED_EDGE('',*,*,#2170,.F.);
#2811=ORIENTED_EDGE('',*,*,#2171,.T.);
#2812=ORIENTED_EDGE('',*,*,#2172,.F.);
#2813=ORIENTED_EDGE('',*,*,#2053,.F.);
#2814=ORIENTED_EDGE('',*,*,#2050,.F.);
#2815=ORIENTED_EDGE('',*,*,#2064,.F.);
#2816=ORIENTED_EDGE('',*,*,#2173,.F.);
#2817=ORIENTED_EDGE('',*,*,#2174,.T.);
#2818=ORIENTED_EDGE('',*,*,#2066,.T.);
#2819=ORIENTED_EDGE('',*,*,#2175,.T.);
#2820=ORIENTED_EDGE('',*,*,#2174,.F.);
#2821=ORIENTED_EDGE('',*,*,#2176,.T.);
#2822=ORIENTED_EDGE('',*,*,#2177,.F.);
#2823=ORIENTED_EDGE('',*,*,#2067,.F.);
#2824=ORIENTED_EDGE('',*,*,#2178,.F.);
#2825=ORIENTED_EDGE('',*,*,#2179,.T.);
#2826=ORIENTED_EDGE('',*,*,#2074,.T.);
#2827=ORIENTED_EDGE('',*,*,#2180,.T.);
#2828=ORIENTED_EDGE('',*,*,#2179,.F.);
#2829=ORIENTED_EDGE('',*,*,#2181,.T.);
#2830=ORIENTED_EDGE('',*,*,#2182,.F.);
#2831=ORIENTED_EDGE('',*,*,#2075,.F.);
#2832=ORIENTED_EDGE('',*,*,#2183,.F.);
#2833=ORIENTED_EDGE('',*,*,#2184,.T.);
#2834=ORIENTED_EDGE('',*,*,#2070,.T.);
#2835=ORIENTED_EDGE('',*,*,#2185,.T.);
#2836=ORIENTED_EDGE('',*,*,#2184,.F.);
#2837=ORIENTED_EDGE('',*,*,#2186,.T.);
#2838=ORIENTED_EDGE('',*,*,#2187,.F.);
#2839=ORIENTED_EDGE('',*,*,#2138,.F.);
#2840=ORIENTED_EDGE('',*,*,#2141,.F.);
#2841=ORIENTED_EDGE('',*,*,#2071,.F.);
#2842=ORIENTED_EDGE('',*,*,#2188,.F.);
#2843=ORIENTED_EDGE('',*,*,#2189,.T.);
#2844=ORIENTED_EDGE('',*,*,#2078,.T.);
#2845=ORIENTED_EDGE('',*,*,#2190,.T.);
#2846=ORIENTED_EDGE('',*,*,#2189,.F.);
#2847=ORIENTED_EDGE('',*,*,#2191,.T.);
#2848=ORIENTED_EDGE('',*,*,#2192,.F.);
#2849=ORIENTED_EDGE('',*,*,#2116,.F.);
#2850=ORIENTED_EDGE('',*,*,#2113,.F.);
#2851=ORIENTED_EDGE('',*,*,#2079,.F.);
#2852=ORIENTED_EDGE('',*,*,#2193,.F.);
#2853=ORIENTED_EDGE('',*,*,#2194,.T.);
#2854=ORIENTED_EDGE('',*,*,#2082,.T.);
#2855=ORIENTED_EDGE('',*,*,#2195,.T.);
#2856=ORIENTED_EDGE('',*,*,#2194,.F.);
#2857=ORIENTED_EDGE('',*,*,#2196,.T.);
#2858=ORIENTED_EDGE('',*,*,#2197,.F.);
#2859=ORIENTED_EDGE('',*,*,#2083,.F.);
#2860=ORIENTED_EDGE('',*,*,#2198,.F.);
#2861=ORIENTED_EDGE('',*,*,#2199,.T.);
#2862=ORIENTED_EDGE('',*,*,#2084,.T.);
#2863=ORIENTED_EDGE('',*,*,#2197,.T.);
#2864=ORIENTED_EDGE('',*,*,#2149,.T.);
#2865=ORIENTED_EDGE('',*,*,#2200,.F.);
#2866=ORIENTED_EDGE('',*,*,#2201,.F.);
#2867=ORIENTED_EDGE('',*,*,#2157,.F.);
#2868=ORIENTED_EDGE('',*,*,#2154,.T.);
#2869=ORIENTED_EDGE('',*,*,#2202,.F.);
#2870=ORIENTED_EDGE('',*,*,#2203,.T.);
#2871=ORIENTED_EDGE('',*,*,#2204,.F.);
#2872=ORIENTED_EDGE('',*,*,#2205,.T.);
#2873=ORIENTED_EDGE('',*,*,#2206,.F.);
#2874=ORIENTED_EDGE('',*,*,#2207,.F.);
#2875=ORIENTED_EDGE('',*,*,#2208,.F.);
#2876=ORIENTED_EDGE('',*,*,#2209,.T.);
#2877=ORIENTED_EDGE('',*,*,#2210,.F.);
#2878=ORIENTED_EDGE('',*,*,#2211,.T.);
#2879=ORIENTED_EDGE('',*,*,#2212,.F.);
#2880=ORIENTED_EDGE('',*,*,#2213,.F.);
#2881=ORIENTED_EDGE('',*,*,#2214,.F.);
#2882=ORIENTED_EDGE('',*,*,#2198,.T.);
#2883=ORIENTED_EDGE('',*,*,#2196,.F.);
#2884=ORIENTED_EDGE('',*,*,#2193,.T.);
#2885=ORIENTED_EDGE('',*,*,#2215,.F.);
#2886=ORIENTED_EDGE('',*,*,#2216,.F.);
#2887=ORIENTED_EDGE('',*,*,#2191,.F.);
#2888=ORIENTED_EDGE('',*,*,#2188,.T.);
#2889=ORIENTED_EDGE('',*,*,#2217,.F.);
#2890=ORIENTED_EDGE('',*,*,#2218,.T.);
#2891=ORIENTED_EDGE('',*,*,#2181,.F.);
#2892=ORIENTED_EDGE('',*,*,#2178,.T.);
#2893=ORIENTED_EDGE('',*,*,#2219,.F.);
#2894=ORIENTED_EDGE('',*,*,#2220,.F.);
#2895=ORIENTED_EDGE('',*,*,#2186,.F.);
#2896=ORIENTED_EDGE('',*,*,#2183,.T.);
#2897=ORIENTED_EDGE('',*,*,#2221,.F.);
#2898=ORIENTED_EDGE('',*,*,#2222,.T.);
#2899=ORIENTED_EDGE('',*,*,#2176,.F.);
#2900=ORIENTED_EDGE('',*,*,#2173,.T.);
#2901=ORIENTED_EDGE('',*,*,#2223,.F.);
#2902=ORIENTED_EDGE('',*,*,#2224,.F.);
#2903=ORIENTED_EDGE('',*,*,#2171,.F.);
#2904=ORIENTED_EDGE('',*,*,#2169,.T.);
#2905=ORIENTED_EDGE('',*,*,#2167,.F.);
#2906=ORIENTED_EDGE('',*,*,#2164,.T.);
#2907=ORIENTED_EDGE('',*,*,#2225,.F.);
#2908=ORIENTED_EDGE('',*,*,#2226,.F.);
#2909=ORIENTED_EDGE('',*,*,#2162,.F.);
#2910=ORIENTED_EDGE('',*,*,#2159,.T.);
#2911=ORIENTED_EDGE('',*,*,#2227,.F.);
#2912=ORIENTED_EDGE('',*,*,#2228,.T.);
#2913=ORIENTED_EDGE('',*,*,#2152,.F.);
#2914=ORIENTED_EDGE('',*,*,#2229,.F.);
#2915=ORIENTED_EDGE('',*,*,#2230,.F.);
#2916=ORIENTED_EDGE('',*,*,#2231,.F.);
#2917=ORIENTED_EDGE('',*,*,#2232,.F.);
#2918=ORIENTED_EDGE('',*,*,#2233,.F.);
#2919=ORIENTED_EDGE('',*,*,#2234,.F.);
#2920=ORIENTED_EDGE('',*,*,#2235,.F.);
#2921=ORIENTED_EDGE('',*,*,#2236,.F.);
#2922=ORIENTED_EDGE('',*,*,#2237,.F.);
#2923=ORIENTED_EDGE('',*,*,#2238,.F.);
#2924=ORIENTED_EDGE('',*,*,#2239,.F.);
#2925=ORIENTED_EDGE('',*,*,#2240,.F.);
#2926=ORIENTED_EDGE('',*,*,#2241,.F.);
#2927=ORIENTED_EDGE('',*,*,#2242,.F.);
#2928=ORIENTED_EDGE('',*,*,#2243,.F.);
#2929=ORIENTED_EDGE('',*,*,#2244,.F.);
#2930=ORIENTED_EDGE('',*,*,#2245,.F.);
#2931=ORIENTED_EDGE('',*,*,#2246,.F.);
#2932=ORIENTED_EDGE('',*,*,#2247,.F.);
#2933=ORIENTED_EDGE('',*,*,#2248,.T.);
#2934=ORIENTED_EDGE('',*,*,#2249,.F.);
#2935=ORIENTED_EDGE('',*,*,#2250,.T.);
#2936=ORIENTED_EDGE('',*,*,#2251,.F.);
#2937=ORIENTED_EDGE('',*,*,#2252,.T.);
#2938=ORIENTED_EDGE('',*,*,#2211,.F.);
#2939=ORIENTED_EDGE('',*,*,#2253,.T.);
#2940=ORIENTED_EDGE('',*,*,#2088,.T.);
#2941=ORIENTED_EDGE('',*,*,#2254,.T.);
#2942=ORIENTED_EDGE('',*,*,#2254,.F.);
#2943=ORIENTED_EDGE('',*,*,#2087,.F.);
#2944=ORIENTED_EDGE('',*,*,#2148,.T.);
#2945=ORIENTED_EDGE('',*,*,#2146,.F.);
#2946=ORIENTED_EDGE('',*,*,#2255,.T.);
#2947=ORIENTED_EDGE('',*,*,#2212,.T.);
#2948=ORIENTED_EDGE('',*,*,#2205,.F.);
#2949=ORIENTED_EDGE('',*,*,#2256,.T.);
#2950=ORIENTED_EDGE('',*,*,#2094,.T.);
#2951=ORIENTED_EDGE('',*,*,#2257,.T.);
#2952=ORIENTED_EDGE('',*,*,#2257,.F.);
#2953=ORIENTED_EDGE('',*,*,#2093,.F.);
#2954=ORIENTED_EDGE('',*,*,#2133,.T.);
#2955=ORIENTED_EDGE('',*,*,#2136,.F.);
#2956=ORIENTED_EDGE('',*,*,#2258,.T.);
#2957=ORIENTED_EDGE('',*,*,#2206,.T.);
#2958=ORIENTED_EDGE('',*,*,#2209,.F.);
#2959=ORIENTED_EDGE('',*,*,#2259,.T.);
#2960=ORIENTED_EDGE('',*,*,#2090,.T.);
#2961=ORIENTED_EDGE('',*,*,#2260,.T.);
#2962=ORIENTED_EDGE('',*,*,#2253,.F.);
#2963=ORIENTED_EDGE('',*,*,#2210,.T.);
#2964=ORIENTED_EDGE('',*,*,#2260,.F.);
#2965=ORIENTED_EDGE('',*,*,#2089,.F.);
#2966=ORIENTED_EDGE('',*,*,#2261,.F.);
#2967=ORIENTED_EDGE('',*,*,#2262,.T.);
#2968=ORIENTED_EDGE('',*,*,#2241,.T.);
#2969=ORIENTED_EDGE('',*,*,#2263,.T.);
#2970=ORIENTED_EDGE('',*,*,#2264,.F.);
#2971=ORIENTED_EDGE('',*,*,#2265,.F.);
#2972=ORIENTED_EDGE('',*,*,#2266,.F.);
#2973=ORIENTED_EDGE('',*,*,#2267,.F.);
#2974=ORIENTED_EDGE('',*,*,#2262,.F.);
#2975=ORIENTED_EDGE('',*,*,#2268,.T.);
#2976=ORIENTED_EDGE('',*,*,#2269,.T.);
#2977=ORIENTED_EDGE('',*,*,#2270,.F.);
#2978=ORIENTED_EDGE('',*,*,#2271,.T.);
#2979=ORIENTED_EDGE('',*,*,#2272,.F.);
#2980=ORIENTED_EDGE('',*,*,#2273,.F.);
#2981=ORIENTED_EDGE('',*,*,#2274,.T.);
#2982=ORIENTED_EDGE('',*,*,#2275,.F.);
#2983=ORIENTED_EDGE('',*,*,#2242,.T.);
#2984=ORIENTED_EDGE('',*,*,#2261,.T.);
#2985=ORIENTED_EDGE('',*,*,#2276,.F.);
#2986=ORIENTED_EDGE('',*,*,#2277,.T.);
#2987=ORIENTED_EDGE('',*,*,#2268,.F.);
#2988=ORIENTED_EDGE('',*,*,#2267,.T.);
#2989=ORIENTED_EDGE('',*,*,#2278,.F.);
#2990=ORIENTED_EDGE('',*,*,#2279,.T.);
#2991=ORIENTED_EDGE('',*,*,#2280,.T.);
#2992=ORIENTED_EDGE('',*,*,#2276,.T.);
#2993=ORIENTED_EDGE('',*,*,#2281,.F.);
#2994=ORIENTED_EDGE('',*,*,#2282,.T.);
#2995=ORIENTED_EDGE('',*,*,#2243,.T.);
#2996=ORIENTED_EDGE('',*,*,#2275,.T.);
#2997=ORIENTED_EDGE('',*,*,#2283,.F.);
#2998=ORIENTED_EDGE('',*,*,#2284,.F.);
#2999=ORIENTED_EDGE('',*,*,#2285,.F.);
#3000=ORIENTED_EDGE('',*,*,#2286,.F.);
#3001=ORIENTED_EDGE('',*,*,#2282,.F.);
#3002=ORIENTED_EDGE('',*,*,#2287,.T.);
#3003=ORIENTED_EDGE('',*,*,#2288,.F.);
#3004=ORIENTED_EDGE('',*,*,#2244,.T.);
#3005=ORIENTED_EDGE('',*,*,#2281,.T.);
#3006=ORIENTED_EDGE('',*,*,#2289,.F.);
#3007=ORIENTED_EDGE('',*,*,#2290,.F.);
#3008=ORIENTED_EDGE('',*,*,#2291,.F.);
#3009=ORIENTED_EDGE('',*,*,#2292,.T.);
#3010=ORIENTED_EDGE('',*,*,#2287,.F.);
#3011=ORIENTED_EDGE('',*,*,#2286,.T.);
#3012=ORIENTED_EDGE('',*,*,#2293,.F.);
#3013=ORIENTED_EDGE('',*,*,#2294,.T.);
#3014=ORIENTED_EDGE('',*,*,#2295,.F.);
#3015=ORIENTED_EDGE('',*,*,#2296,.T.);
#3016=ORIENTED_EDGE('',*,*,#2297,.F.);
#3017=ORIENTED_EDGE('',*,*,#2289,.T.);
#3018=ORIENTED_EDGE('',*,*,#2298,.F.);
#3019=ORIENTED_EDGE('',*,*,#2299,.T.);
#3020=ORIENTED_EDGE('',*,*,#2300,.T.);
#3021=ORIENTED_EDGE('',*,*,#2301,.T.);
#3022=ORIENTED_EDGE('',*,*,#2302,.T.);
#3023=ORIENTED_EDGE('',*,*,#2303,.T.);
#3024=ORIENTED_EDGE('',*,*,#2300,.F.);
#3025=ORIENTED_EDGE('',*,*,#2304,.T.);
#3026=ORIENTED_EDGE('',*,*,#2305,.T.);
#3027=ORIENTED_EDGE('',*,*,#2306,.T.);
#3028=ORIENTED_EDGE('',*,*,#2302,.F.);
#3029=ORIENTED_EDGE('',*,*,#2307,.T.);
#3030=ORIENTED_EDGE('',*,*,#2308,.T.);
#3031=ORIENTED_EDGE('',*,*,#2309,.T.);
#3032=ORIENTED_EDGE('',*,*,#2305,.F.);
#3033=ORIENTED_EDGE('',*,*,#2310,.T.);
#3034=ORIENTED_EDGE('',*,*,#2311,.T.);
#3035=ORIENTED_EDGE('',*,*,#2312,.T.);
#3036=ORIENTED_EDGE('',*,*,#2308,.F.);
#3037=ORIENTED_EDGE('',*,*,#2313,.T.);
#3038=ORIENTED_EDGE('',*,*,#2314,.T.);
#3039=ORIENTED_EDGE('',*,*,#2313,.F.);
#3040=ORIENTED_EDGE('',*,*,#2315,.F.);
#3041=ORIENTED_EDGE('',*,*,#2316,.F.);
#3042=ORIENTED_EDGE('',*,*,#2317,.F.);
#3043=ORIENTED_EDGE('',*,*,#2269,.F.);
#3044=ORIENTED_EDGE('',*,*,#2277,.F.);
#3045=ORIENTED_EDGE('',*,*,#2280,.F.);
#3046=ORIENTED_EDGE('',*,*,#2318,.F.);
#3047=ORIENTED_EDGE('',*,*,#2310,.F.);
#3048=ORIENTED_EDGE('',*,*,#2319,.T.);
#3049=ORIENTED_EDGE('',*,*,#2320,.T.);
#3050=ORIENTED_EDGE('',*,*,#2315,.T.);
#3051=ORIENTED_EDGE('',*,*,#2307,.F.);
#3052=ORIENTED_EDGE('',*,*,#2321,.F.);
#3053=ORIENTED_EDGE('',*,*,#2322,.F.);
#3054=ORIENTED_EDGE('',*,*,#2319,.F.);
#3055=ORIENTED_EDGE('',*,*,#2304,.F.);
#3056=ORIENTED_EDGE('',*,*,#2323,.T.);
#3057=ORIENTED_EDGE('',*,*,#2324,.T.);
#3058=ORIENTED_EDGE('',*,*,#2321,.T.);
#3059=ORIENTED_EDGE('',*,*,#2299,.F.);
#3060=ORIENTED_EDGE('',*,*,#2325,.T.);
#3061=ORIENTED_EDGE('',*,*,#2326,.F.);
#3062=ORIENTED_EDGE('',*,*,#2327,.F.);
#3063=ORIENTED_EDGE('',*,*,#2328,.F.);
#3064=ORIENTED_EDGE('',*,*,#2273,.T.);
#3065=ORIENTED_EDGE('',*,*,#2329,.F.);
#3066=ORIENTED_EDGE('',*,*,#2330,.F.);
#3067=ORIENTED_EDGE('',*,*,#2323,.F.);
#3068=ORIENTED_EDGE('',*,*,#2331,.F.);
#3069=ORIENTED_EDGE('',*,*,#2332,.T.);
#3070=ORIENTED_EDGE('',*,*,#2333,.T.);
#3071=ORIENTED_EDGE('',*,*,#2334,.T.);
#3072=ORIENTED_EDGE('',*,*,#2335,.T.);
#3073=ORIENTED_EDGE('',*,*,#2332,.F.);
#3074=ORIENTED_EDGE('',*,*,#2336,.T.);
#3075=ORIENTED_EDGE('',*,*,#2337,.F.);
#3076=ORIENTED_EDGE('',*,*,#2294,.F.);
#3077=ORIENTED_EDGE('',*,*,#2338,.F.);
#3078=ORIENTED_EDGE('',*,*,#2339,.F.);
#3079=ORIENTED_EDGE('',*,*,#2326,.T.);
#3080=ORIENTED_EDGE('',*,*,#2340,.F.);
#3081=ORIENTED_EDGE('',*,*,#2341,.T.);
#3082=ORIENTED_EDGE('',*,*,#2342,.T.);
#3083=ORIENTED_EDGE('',*,*,#2343,.T.);
#3084=ORIENTED_EDGE('',*,*,#2331,.T.);
#3085=ORIENTED_EDGE('',*,*,#2344,.T.);
#3086=ORIENTED_EDGE('',*,*,#2345,.T.);
#3087=ORIENTED_EDGE('',*,*,#2346,.T.);
#3088=ORIENTED_EDGE('',*,*,#2347,.T.);
#3089=ORIENTED_EDGE('',*,*,#2348,.T.);
#3090=ORIENTED_EDGE('',*,*,#2349,.T.);
#3091=ORIENTED_EDGE('',*,*,#2350,.T.);
#3092=ORIENTED_EDGE('',*,*,#2351,.T.);
#3093=ORIENTED_EDGE('',*,*,#2352,.T.);
#3094=ORIENTED_EDGE('',*,*,#2353,.T.);
#3095=ORIENTED_EDGE('',*,*,#2354,.T.);
#3096=ORIENTED_EDGE('',*,*,#2355,.T.);
#3097=ORIENTED_EDGE('',*,*,#2356,.T.);
#3098=ORIENTED_EDGE('',*,*,#2340,.T.);
#3099=ORIENTED_EDGE('',*,*,#2357,.F.);
#3100=ORIENTED_EDGE('',*,*,#2358,.T.);
#3101=ORIENTED_EDGE('',*,*,#2359,.T.);
#3102=ORIENTED_EDGE('',*,*,#2360,.F.);
#3103=ORIENTED_EDGE('',*,*,#2361,.F.);
#3104=ORIENTED_EDGE('',*,*,#2362,.T.);
#3105=ORIENTED_EDGE('',*,*,#2363,.F.);
#3106=ORIENTED_EDGE('',*,*,#2364,.F.);
#3107=ORIENTED_EDGE('',*,*,#2365,.F.);
#3108=ORIENTED_EDGE('',*,*,#2366,.T.);
#3109=ORIENTED_EDGE('',*,*,#2367,.F.);
#3110=ORIENTED_EDGE('',*,*,#2368,.T.);
#3111=ORIENTED_EDGE('',*,*,#2369,.F.);
#3112=ORIENTED_EDGE('',*,*,#2370,.F.);
#3113=ORIENTED_EDGE('',*,*,#2371,.F.);
#3114=ORIENTED_EDGE('',*,*,#2372,.T.);
#3115=ORIENTED_EDGE('',*,*,#2291,.T.);
#3116=ORIENTED_EDGE('',*,*,#2373,.F.);
#3117=ORIENTED_EDGE('',*,*,#2374,.T.);
#3118=ORIENTED_EDGE('',*,*,#2375,.T.);
#3119=ORIENTED_EDGE('',*,*,#2336,.F.);
#3120=ORIENTED_EDGE('',*,*,#2376,.T.);
#3121=ORIENTED_EDGE('',*,*,#2377,.T.);
#3122=ORIENTED_EDGE('',*,*,#2378,.T.);
#3123=ORIENTED_EDGE('',*,*,#2379,.T.);
#3124=ORIENTED_EDGE('',*,*,#2343,.F.);
#3125=ORIENTED_EDGE('',*,*,#2380,.T.);
#3126=ORIENTED_EDGE('',*,*,#2318,.T.);
#3127=ORIENTED_EDGE('',*,*,#2279,.F.);
#3128=ORIENTED_EDGE('',*,*,#2381,.F.);
#3129=ORIENTED_EDGE('',*,*,#2382,.F.);
#3130=ORIENTED_EDGE('',*,*,#2383,.F.);
#3131=ORIENTED_EDGE('',*,*,#2357,.T.);
#3132=ORIENTED_EDGE('',*,*,#2352,.F.);
#3133=ORIENTED_EDGE('',*,*,#2384,.T.);
#3134=ORIENTED_EDGE('',*,*,#2385,.T.);
#3135=ORIENTED_EDGE('',*,*,#2386,.T.);
#3136=ORIENTED_EDGE('',*,*,#2384,.F.);
#3137=ORIENTED_EDGE('',*,*,#2351,.F.);
#3138=ORIENTED_EDGE('',*,*,#2387,.F.);
#3139=ORIENTED_EDGE('',*,*,#2388,.F.);
#3140=ORIENTED_EDGE('',*,*,#2348,.F.);
#3141=ORIENTED_EDGE('',*,*,#2389,.T.);
#3142=ORIENTED_EDGE('',*,*,#2390,.T.);
#3143=ORIENTED_EDGE('',*,*,#2391,.T.);
#3144=ORIENTED_EDGE('',*,*,#2389,.F.);
#3145=ORIENTED_EDGE('',*,*,#2347,.F.);
#3146=ORIENTED_EDGE('',*,*,#2392,.T.);
#3147=ORIENTED_EDGE('',*,*,#2393,.F.);
#3148=ORIENTED_EDGE('',*,*,#2394,.F.);
#3149=ORIENTED_EDGE('',*,*,#2395,.T.);
#3150=ORIENTED_EDGE('',*,*,#2239,.T.);
#3151=ORIENTED_EDGE('',*,*,#2396,.T.);
#3152=ORIENTED_EDGE('',*,*,#2362,.F.);
#3153=ORIENTED_EDGE('',*,*,#2263,.F.);
#3154=ORIENTED_EDGE('',*,*,#2240,.T.);
#3155=ORIENTED_EDGE('',*,*,#2395,.F.);
#3156=ORIENTED_EDGE('',*,*,#2397,.T.);
#3157=ORIENTED_EDGE('',*,*,#2264,.T.);
#3158=ORIENTED_EDGE('',*,*,#2397,.F.);
#3159=ORIENTED_EDGE('',*,*,#2394,.T.);
#3160=ORIENTED_EDGE('',*,*,#2361,.T.);
#3161=ORIENTED_EDGE('',*,*,#2398,.F.);
#3162=ORIENTED_EDGE('',*,*,#2399,.F.);
#3163=ORIENTED_EDGE('',*,*,#2358,.F.);
#3164=ORIENTED_EDGE('',*,*,#2383,.T.);
#3165=ORIENTED_EDGE('',*,*,#2400,.T.);
#3166=ORIENTED_EDGE('',*,*,#2401,.T.);
#3167=ORIENTED_EDGE('',*,*,#2266,.T.);
#3168=ORIENTED_EDGE('',*,*,#2402,.T.);
#3169=ORIENTED_EDGE('',*,*,#2381,.T.);
#3170=ORIENTED_EDGE('',*,*,#2278,.T.);
#3171=ORIENTED_EDGE('',*,*,#2398,.T.);
#3172=ORIENTED_EDGE('',*,*,#2360,.T.);
#3173=ORIENTED_EDGE('',*,*,#2403,.T.);
#3174=ORIENTED_EDGE('',*,*,#2404,.T.);
#3175=ORIENTED_EDGE('',*,*,#2222,.F.);
#3176=ORIENTED_EDGE('',*,*,#2405,.T.);
#3177=ORIENTED_EDGE('',*,*,#2068,.T.);
#3178=ORIENTED_EDGE('',*,*,#2177,.T.);
#3179=ORIENTED_EDGE('',*,*,#2218,.F.);
#3180=ORIENTED_EDGE('',*,*,#2406,.T.);
#3181=ORIENTED_EDGE('',*,*,#2076,.T.);
#3182=ORIENTED_EDGE('',*,*,#2182,.T.);
#3183=ORIENTED_EDGE('',*,*,#2203,.F.);
#3184=ORIENTED_EDGE('',*,*,#2407,.T.);
#3185=ORIENTED_EDGE('',*,*,#2096,.T.);
#3186=ORIENTED_EDGE('',*,*,#2408,.T.);
#3187=ORIENTED_EDGE('',*,*,#2256,.F.);
#3188=ORIENTED_EDGE('',*,*,#2204,.T.);
#3189=ORIENTED_EDGE('',*,*,#2408,.F.);
#3190=ORIENTED_EDGE('',*,*,#2095,.F.);
#3191=ORIENTED_EDGE('',*,*,#2228,.F.);
#3192=ORIENTED_EDGE('',*,*,#2409,.T.);
#3193=ORIENTED_EDGE('',*,*,#2104,.T.);
#3194=ORIENTED_EDGE('',*,*,#2153,.T.);
#3195=ORIENTED_EDGE('',*,*,#2237,.T.);
#3196=ORIENTED_EDGE('',*,*,#2410,.T.);
#3197=ORIENTED_EDGE('',*,*,#2364,.T.);
#3198=ORIENTED_EDGE('',*,*,#2411,.T.);
#3199=ORIENTED_EDGE('',*,*,#2396,.F.);
#3200=ORIENTED_EDGE('',*,*,#2238,.T.);
#3201=ORIENTED_EDGE('',*,*,#2411,.F.);
#3202=ORIENTED_EDGE('',*,*,#2363,.T.);
#3203=ORIENTED_EDGE('',*,*,#2366,.F.);
#3204=ORIENTED_EDGE('',*,*,#2412,.T.);
#3205=ORIENTED_EDGE('',*,*,#2251,.T.);
#3206=ORIENTED_EDGE('',*,*,#2413,.T.);
#3207=ORIENTED_EDGE('',*,*,#2410,.F.);
#3208=ORIENTED_EDGE('',*,*,#2252,.F.);
#3209=ORIENTED_EDGE('',*,*,#2412,.F.);
#3210=ORIENTED_EDGE('',*,*,#2365,.T.);
#3211=ORIENTED_EDGE('',*,*,#2368,.F.);
#3212=ORIENTED_EDGE('',*,*,#2414,.T.);
#3213=ORIENTED_EDGE('',*,*,#2249,.T.);
#3214=ORIENTED_EDGE('',*,*,#2415,.T.);
#3215=ORIENTED_EDGE('',*,*,#2415,.F.);
#3216=ORIENTED_EDGE('',*,*,#2248,.F.);
#3217=ORIENTED_EDGE('',*,*,#2416,.F.);
#3218=ORIENTED_EDGE('',*,*,#2369,.T.);
#3219=ORIENTED_EDGE('',*,*,#2247,.T.);
#3220=ORIENTED_EDGE('',*,*,#2417,.T.);
#3221=ORIENTED_EDGE('',*,*,#2370,.T.);
#3222=ORIENTED_EDGE('',*,*,#2416,.T.);
#3223=ORIENTED_EDGE('',*,*,#2372,.F.);
#3224=ORIENTED_EDGE('',*,*,#2418,.T.);
#3225=ORIENTED_EDGE('',*,*,#2245,.T.);
#3226=ORIENTED_EDGE('',*,*,#2288,.T.);
#3227=ORIENTED_EDGE('',*,*,#2292,.F.);
#3228=ORIENTED_EDGE('',*,*,#2417,.F.);
#3229=ORIENTED_EDGE('',*,*,#2246,.T.);
#3230=ORIENTED_EDGE('',*,*,#2418,.F.);
#3231=ORIENTED_EDGE('',*,*,#2371,.T.);
#3232=ORIENTED_EDGE('',*,*,#2419,.T.);
#3233=ORIENTED_EDGE('',*,*,#2373,.T.);
#3234=ORIENTED_EDGE('',*,*,#2290,.T.);
#3235=ORIENTED_EDGE('',*,*,#2297,.T.);
#3236=ORIENTED_EDGE('',*,*,#2285,.T.);
#3237=ORIENTED_EDGE('',*,*,#2420,.T.);
#3238=ORIENTED_EDGE('',*,*,#2338,.T.);
#3239=ORIENTED_EDGE('',*,*,#2293,.T.);
#3240=ORIENTED_EDGE('',*,*,#2375,.F.);
#3241=ORIENTED_EDGE('',*,*,#2421,.T.);
#3242=ORIENTED_EDGE('',*,*,#2295,.T.);
#3243=ORIENTED_EDGE('',*,*,#2337,.T.);
#3244=ORIENTED_EDGE('',*,*,#2421,.F.);
#3245=ORIENTED_EDGE('',*,*,#2374,.F.);
#3246=ORIENTED_EDGE('',*,*,#2419,.F.);
#3247=ORIENTED_EDGE('',*,*,#2296,.F.);
#3248=ORIENTED_EDGE('',*,*,#2422,.F.);
#3249=ORIENTED_EDGE('',*,*,#2423,.F.);
#3250=ORIENTED_EDGE('',*,*,#2424,.F.);
#3251=ORIENTED_EDGE('',*,*,#2425,.T.);
#3252=ORIENTED_EDGE('',*,*,#2426,.T.);
#3253=ORIENTED_EDGE('',*,*,#2424,.T.);
#3254=ORIENTED_EDGE('',*,*,#2427,.T.);
#3255=ORIENTED_EDGE('',*,*,#2428,.T.);
#3256=ORIENTED_EDGE('',*,*,#2429,.T.);
#3257=ORIENTED_EDGE('',*,*,#2422,.T.);
#3258=ORIENTED_EDGE('',*,*,#2430,.T.);
#3259=ORIENTED_EDGE('',*,*,#2431,.T.);
#3260=ORIENTED_EDGE('',*,*,#2432,.T.);
#3261=ORIENTED_EDGE('',*,*,#2428,.F.);
#3262=ORIENTED_EDGE('',*,*,#2433,.T.);
#3263=ORIENTED_EDGE('',*,*,#2434,.F.);
#3264=ORIENTED_EDGE('',*,*,#2435,.F.);
#3265=ORIENTED_EDGE('',*,*,#2436,.F.);
#3266=ORIENTED_EDGE('',*,*,#2437,.F.);
#3267=ORIENTED_EDGE('',*,*,#2438,.F.);
#3268=ORIENTED_EDGE('',*,*,#2439,.F.);
#3269=ORIENTED_EDGE('',*,*,#2059,.T.);
#3270=ORIENTED_EDGE('',*,*,#2440,.T.);
#3271=ORIENTED_EDGE('',*,*,#2438,.T.);
#3272=ORIENTED_EDGE('',*,*,#2441,.T.);
#3273=ORIENTED_EDGE('',*,*,#2442,.T.);
#3274=ORIENTED_EDGE('',*,*,#2443,.T.);
#3275=ORIENTED_EDGE('',*,*,#2439,.T.);
#3276=ORIENTED_EDGE('',*,*,#2444,.T.);
#3277=ORIENTED_EDGE('',*,*,#2445,.T.);
#3278=ORIENTED_EDGE('',*,*,#2446,.T.);
#3279=ORIENTED_EDGE('',*,*,#2442,.F.);
#3280=ORIENTED_EDGE('',*,*,#2447,.T.);
#3281=ORIENTED_EDGE('',*,*,#2436,.T.);
#3282=ORIENTED_EDGE('',*,*,#2448,.T.);
#3283=ORIENTED_EDGE('',*,*,#2445,.F.);
#3284=ORIENTED_EDGE('',*,*,#2449,.T.);
#3285=ORIENTED_EDGE('',*,*,#2057,.T.);
#3286=ORIENTED_EDGE('',*,*,#2450,.T.);
#3287=ORIENTED_EDGE('',*,*,#2434,.T.);
#3288=ORIENTED_EDGE('',*,*,#2451,.T.);
#3289=ORIENTED_EDGE('',*,*,#2446,.F.);
#3290=ORIENTED_EDGE('',*,*,#2452,.T.);
#3291=ORIENTED_EDGE('',*,*,#2453,.T.);
#3292=ORIENTED_EDGE('',*,*,#2425,.F.);
#3293=ORIENTED_EDGE('',*,*,#2454,.T.);
#3294=ORIENTED_EDGE('',*,*,#2451,.F.);
#3295=ORIENTED_EDGE('',*,*,#2449,.F.);
#3296=ORIENTED_EDGE('',*,*,#2447,.F.);
#3297=ORIENTED_EDGE('',*,*,#2444,.F.);
#3298=ORIENTED_EDGE('',*,*,#2440,.F.);
#3299=ORIENTED_EDGE('',*,*,#2058,.F.);
#3300=ORIENTED_EDGE('',*,*,#2455,.F.);
#3301=ORIENTED_EDGE('',*,*,#2456,.T.);
#3302=ORIENTED_EDGE('',*,*,#2457,.T.);
#3303=ORIENTED_EDGE('',*,*,#2456,.F.);
#3304=ORIENTED_EDGE('',*,*,#2457,.F.);
#3305=ORIENTED_EDGE('',*,*,#2458,.F.);
#3306=ORIENTED_EDGE('',*,*,#2459,.T.);
#3307=ORIENTED_EDGE('',*,*,#2460,.T.);
#3308=ORIENTED_EDGE('',*,*,#2459,.F.);
#3309=ORIENTED_EDGE('',*,*,#2460,.F.);
#3310=ORIENTED_EDGE('',*,*,#2265,.T.);
#3311=ORIENTED_EDGE('',*,*,#2399,.T.);
#3312=ORIENTED_EDGE('',*,*,#2404,.F.);
#3313=ORIENTED_EDGE('',*,*,#2461,.T.);
#3314=ORIENTED_EDGE('',*,*,#2400,.F.);
#3315=ORIENTED_EDGE('',*,*,#2382,.T.);
#3316=ORIENTED_EDGE('',*,*,#2402,.F.);
#3317=ORIENTED_EDGE('',*,*,#2401,.F.);
#3318=ORIENTED_EDGE('',*,*,#2461,.F.);
#3319=ORIENTED_EDGE('',*,*,#2403,.F.);
#3320=ORIENTED_EDGE('',*,*,#2359,.F.);
#3321=ORIENTED_EDGE('',*,*,#2426,.F.);
#3322=ORIENTED_EDGE('',*,*,#2453,.F.);
#3323=ORIENTED_EDGE('',*,*,#2462,.T.);
#3324=ORIENTED_EDGE('',*,*,#2433,.F.);
#3325=ORIENTED_EDGE('',*,*,#2430,.F.);
#3326=ORIENTED_EDGE('',*,*,#2180,.F.);
#3327=ORIENTED_EDGE('',*,*,#2073,.F.);
#3328=ORIENTED_EDGE('',*,*,#2142,.T.);
#3329=ORIENTED_EDGE('',*,*,#2140,.F.);
#3330=ORIENTED_EDGE('',*,*,#2463,.T.);
#3331=ORIENTED_EDGE('',*,*,#2219,.T.);
#3332=ORIENTED_EDGE('',*,*,#2464,.F.);
#3333=ORIENTED_EDGE('',*,*,#2465,.T.);
#3334=ORIENTED_EDGE('',*,*,#2466,.T.);
#3335=ORIENTED_EDGE('',*,*,#2465,.F.);
#3336=ORIENTED_EDGE('',*,*,#2467,.F.);
#3337=ORIENTED_EDGE('',*,*,#2468,.T.);
#3338=ORIENTED_EDGE('',*,*,#2469,.T.);
#3339=ORIENTED_EDGE('',*,*,#2468,.F.);
#3340=ORIENTED_EDGE('',*,*,#2470,.F.);
#3341=ORIENTED_EDGE('',*,*,#2471,.T.);
#3342=ORIENTED_EDGE('',*,*,#2472,.T.);
#3343=ORIENTED_EDGE('',*,*,#2471,.F.);
#3344=ORIENTED_EDGE('',*,*,#2473,.F.);
#3345=ORIENTED_EDGE('',*,*,#2474,.T.);
#3346=ORIENTED_EDGE('',*,*,#2475,.T.);
#3347=ORIENTED_EDGE('',*,*,#2474,.F.);
#3348=ORIENTED_EDGE('',*,*,#2469,.F.);
#3349=ORIENTED_EDGE('',*,*,#2476,.T.);
#3350=ORIENTED_EDGE('',*,*,#2472,.F.);
#3351=ORIENTED_EDGE('',*,*,#2477,.T.);
#3352=ORIENTED_EDGE('',*,*,#2475,.F.);
#3353=ORIENTED_EDGE('',*,*,#2478,.T.);
#3354=ORIENTED_EDGE('',*,*,#2466,.F.);
#3355=ORIENTED_EDGE('',*,*,#2479,.T.);
#3356=ORIENTED_EDGE('',*,*,#2236,.T.);
#3357=ORIENTED_EDGE('',*,*,#2480,.T.);
#3358=ORIENTED_EDGE('',*,*,#2476,.F.);
#3359=ORIENTED_EDGE('',*,*,#2480,.F.);
#3360=ORIENTED_EDGE('',*,*,#2235,.T.);
#3361=ORIENTED_EDGE('',*,*,#2481,.T.);
#3362=ORIENTED_EDGE('',*,*,#2477,.F.);
#3363=ORIENTED_EDGE('',*,*,#2481,.F.);
#3364=ORIENTED_EDGE('',*,*,#2234,.T.);
#3365=ORIENTED_EDGE('',*,*,#2482,.T.);
#3366=ORIENTED_EDGE('',*,*,#2478,.F.);
#3367=ORIENTED_EDGE('',*,*,#2482,.F.);
#3368=ORIENTED_EDGE('',*,*,#2233,.T.);
#3369=ORIENTED_EDGE('',*,*,#2483,.T.);
#3370=ORIENTED_EDGE('',*,*,#2479,.F.);
#3371=ORIENTED_EDGE('',*,*,#2483,.F.);
#3372=ORIENTED_EDGE('',*,*,#2195,.F.);
#3373=ORIENTED_EDGE('',*,*,#2081,.F.);
#3374=ORIENTED_EDGE('',*,*,#2115,.T.);
#3375=ORIENTED_EDGE('',*,*,#2118,.F.);
#3376=ORIENTED_EDGE('',*,*,#2484,.T.);
#3377=ORIENTED_EDGE('',*,*,#2215,.T.);
#3378=ORIENTED_EDGE('',*,*,#2192,.T.);
#3379=ORIENTED_EDGE('',*,*,#2216,.T.);
#3380=ORIENTED_EDGE('',*,*,#2484,.F.);
#3381=ORIENTED_EDGE('',*,*,#2117,.F.);
#3382=ORIENTED_EDGE('',*,*,#2190,.F.);
#3383=ORIENTED_EDGE('',*,*,#2077,.F.);
#3384=ORIENTED_EDGE('',*,*,#2406,.F.);
#3385=ORIENTED_EDGE('',*,*,#2217,.T.);
#3386=ORIENTED_EDGE('',*,*,#2185,.F.);
#3387=ORIENTED_EDGE('',*,*,#2069,.F.);
#3388=ORIENTED_EDGE('',*,*,#2405,.F.);
#3389=ORIENTED_EDGE('',*,*,#2221,.T.);
#3390=ORIENTED_EDGE('',*,*,#2175,.F.);
#3391=ORIENTED_EDGE('',*,*,#2065,.F.);
#3392=ORIENTED_EDGE('',*,*,#2052,.T.);
#3393=ORIENTED_EDGE('',*,*,#2055,.F.);
#3394=ORIENTED_EDGE('',*,*,#2485,.T.);
#3395=ORIENTED_EDGE('',*,*,#2223,.T.);
#3396=ORIENTED_EDGE('',*,*,#2172,.T.);
#3397=ORIENTED_EDGE('',*,*,#2224,.T.);
#3398=ORIENTED_EDGE('',*,*,#2485,.F.);
#3399=ORIENTED_EDGE('',*,*,#2054,.F.);
#3400=ORIENTED_EDGE('',*,*,#2166,.F.);
#3401=ORIENTED_EDGE('',*,*,#2109,.F.);
#3402=ORIENTED_EDGE('',*,*,#2130,.T.);
#3403=ORIENTED_EDGE('',*,*,#2128,.F.);
#3404=ORIENTED_EDGE('',*,*,#2486,.T.);
#3405=ORIENTED_EDGE('',*,*,#2225,.T.);
#3406=ORIENTED_EDGE('',*,*,#2163,.T.);
#3407=ORIENTED_EDGE('',*,*,#2226,.T.);
#3408=ORIENTED_EDGE('',*,*,#2486,.F.);
#3409=ORIENTED_EDGE('',*,*,#2127,.F.);
#3410=ORIENTED_EDGE('',*,*,#2187,.T.);
#3411=ORIENTED_EDGE('',*,*,#2220,.T.);
#3412=ORIENTED_EDGE('',*,*,#2463,.F.);
#3413=ORIENTED_EDGE('',*,*,#2139,.F.);
#3414=ORIENTED_EDGE('',*,*,#2487,.T.);
#3415=ORIENTED_EDGE('',*,*,#2488,.T.);
#3416=ORIENTED_EDGE('',*,*,#2489,.T.);
#3417=ORIENTED_EDGE('',*,*,#2490,.T.);
#3418=ORIENTED_EDGE('',*,*,#2491,.T.);
#3419=ORIENTED_EDGE('',*,*,#2423,.T.);
#3420=ORIENTED_EDGE('',*,*,#2492,.F.);
#3421=ORIENTED_EDGE('',*,*,#2493,.F.);
#3422=ORIENTED_EDGE('',*,*,#2494,.F.);
#3423=ORIENTED_EDGE('',*,*,#2487,.F.);
#3424=ORIENTED_EDGE('',*,*,#2429,.F.);
#3425=ORIENTED_EDGE('',*,*,#2495,.T.);
#3426=ORIENTED_EDGE('',*,*,#2496,.F.);
#3427=ORIENTED_EDGE('',*,*,#2497,.T.);
#3428=ORIENTED_EDGE('',*,*,#2498,.F.);
#3429=ORIENTED_EDGE('',*,*,#2271,.F.);
#3430=ORIENTED_EDGE('',*,*,#2499,.F.);
#3431=ORIENTED_EDGE('',*,*,#2492,.T.);
#3432=ORIENTED_EDGE('',*,*,#2432,.F.);
#3433=ORIENTED_EDGE('',*,*,#2500,.F.);
#3434=ORIENTED_EDGE('',*,*,#2501,.F.);
#3435=ORIENTED_EDGE('',*,*,#2502,.F.);
#3436=ORIENTED_EDGE('',*,*,#2503,.F.);
#3437=ORIENTED_EDGE('',*,*,#2504,.F.);
#3438=ORIENTED_EDGE('',*,*,#2495,.F.);
#3439=ORIENTED_EDGE('',*,*,#2431,.F.);
#3440=ORIENTED_EDGE('',*,*,#2462,.F.);
#3441=ORIENTED_EDGE('',*,*,#2452,.F.);
#3442=ORIENTED_EDGE('',*,*,#2448,.F.);
#3443=ORIENTED_EDGE('',*,*,#2464,.T.);
#3444=ORIENTED_EDGE('',*,*,#2505,.T.);
#3445=ORIENTED_EDGE('',*,*,#2506,.T.);
#3446=ORIENTED_EDGE('',*,*,#2507,.T.);
#3447=ORIENTED_EDGE('',*,*,#2508,.T.);
#3448=ORIENTED_EDGE('',*,*,#2509,.T.);
#3449=ORIENTED_EDGE('',*,*,#2500,.T.);
#3450=ORIENTED_EDGE('',*,*,#2435,.T.);
#3451=ORIENTED_EDGE('',*,*,#2056,.F.);
#3452=ORIENTED_EDGE('',*,*,#2510,.F.);
#3453=ORIENTED_EDGE('',*,*,#2508,.F.);
#3454=ORIENTED_EDGE('',*,*,#2450,.F.);
#3455=ORIENTED_EDGE('',*,*,#2320,.F.);
#3456=ORIENTED_EDGE('',*,*,#2511,.F.);
#3457=ORIENTED_EDGE('',*,*,#2494,.T.);
#3458=ORIENTED_EDGE('',*,*,#2512,.F.);
#3459=ORIENTED_EDGE('',*,*,#2513,.T.);
#3460=ORIENTED_EDGE('',*,*,#2514,.F.);
#3461=ORIENTED_EDGE('',*,*,#2324,.F.);
#3462=ORIENTED_EDGE('',*,*,#2515,.F.);
#3463=ORIENTED_EDGE('',*,*,#2514,.T.);
#3464=ORIENTED_EDGE('',*,*,#2488,.F.);
#3465=ORIENTED_EDGE('',*,*,#2511,.T.);
#3466=ORIENTED_EDGE('',*,*,#2322,.T.);
#3467=ORIENTED_EDGE('',*,*,#2516,.T.);
#3468=ORIENTED_EDGE('',*,*,#2517,.T.);
#3469=ORIENTED_EDGE('',*,*,#2515,.T.);
#3470=ORIENTED_EDGE('',*,*,#2330,.T.);
#3471=ORIENTED_EDGE('',*,*,#2272,.T.);
#3472=ORIENTED_EDGE('',*,*,#2498,.T.);
#3473=ORIENTED_EDGE('',*,*,#2516,.F.);
#3474=ORIENTED_EDGE('',*,*,#2329,.T.);
#3475=ORIENTED_EDGE('',*,*,#2518,.T.);
#3476=ORIENTED_EDGE('',*,*,#2499,.T.);
#3477=ORIENTED_EDGE('',*,*,#2270,.T.);
#3478=ORIENTED_EDGE('',*,*,#2317,.T.);
#3479=ORIENTED_EDGE('',*,*,#2512,.T.);
#3480=ORIENTED_EDGE('',*,*,#2493,.T.);
#3481=ORIENTED_EDGE('',*,*,#2518,.F.);
#3482=ORIENTED_EDGE('',*,*,#2316,.T.);
#3483=ORIENTED_EDGE('',*,*,#2312,.F.);
#3484=ORIENTED_EDGE('',*,*,#2519,.F.);
#3485=ORIENTED_EDGE('',*,*,#2301,.F.);
#3486=ORIENTED_EDGE('',*,*,#2303,.F.);
#3487=ORIENTED_EDGE('',*,*,#2306,.F.);
#3488=ORIENTED_EDGE('',*,*,#2309,.F.);
#3489=ORIENTED_EDGE('',*,*,#2520,.F.);
#3490=ORIENTED_EDGE('',*,*,#2521,.F.);
#3491=ORIENTED_EDGE('',*,*,#2490,.F.);
#3492=ORIENTED_EDGE('',*,*,#2522,.T.);
#3493=ORIENTED_EDGE('',*,*,#2523,.T.);
#3494=ORIENTED_EDGE('',*,*,#2521,.T.);
#3495=ORIENTED_EDGE('',*,*,#2524,.T.);
#3496=ORIENTED_EDGE('',*,*,#2525,.T.);
#3497=ORIENTED_EDGE('',*,*,#2526,.T.);
#3498=ORIENTED_EDGE('',*,*,#2520,.T.);
#3499=ORIENTED_EDGE('',*,*,#2527,.T.);
#3500=ORIENTED_EDGE('',*,*,#2504,.T.);
#3501=ORIENTED_EDGE('',*,*,#2528,.T.);
#3502=ORIENTED_EDGE('',*,*,#2525,.F.);
#3503=ORIENTED_EDGE('',*,*,#2496,.T.);
#3504=ORIENTED_EDGE('',*,*,#2524,.F.);
#3505=ORIENTED_EDGE('',*,*,#2526,.F.);
#3506=ORIENTED_EDGE('',*,*,#2528,.F.);
#3507=ORIENTED_EDGE('',*,*,#2503,.T.);
#3508=ORIENTED_EDGE('',*,*,#2529,.F.);
#3509=ORIENTED_EDGE('',*,*,#2517,.F.);
#3510=ORIENTED_EDGE('',*,*,#2497,.F.);
#3511=ORIENTED_EDGE('',*,*,#2527,.F.);
#3512=ORIENTED_EDGE('',*,*,#2489,.F.);
#3513=ORIENTED_EDGE('',*,*,#2513,.F.);
#3514=ORIENTED_EDGE('',*,*,#2509,.F.);
#3515=ORIENTED_EDGE('',*,*,#2530,.F.);
#3516=ORIENTED_EDGE('',*,*,#2531,.F.);
#3517=ORIENTED_EDGE('',*,*,#2063,.T.);
#3518=ORIENTED_EDGE('',*,*,#2532,.T.);
#3519=ORIENTED_EDGE('',*,*,#2530,.T.);
#3520=ORIENTED_EDGE('',*,*,#2510,.T.);
#3521=ORIENTED_EDGE('',*,*,#2533,.F.);
#3522=ORIENTED_EDGE('',*,*,#2534,.F.);
#3523=ORIENTED_EDGE('',*,*,#2535,.F.);
#3524=ORIENTED_EDGE('',*,*,#2536,.T.);
#3525=ORIENTED_EDGE('',*,*,#2534,.T.);
#3526=ORIENTED_EDGE('',*,*,#2537,.T.);
#3527=ORIENTED_EDGE('',*,*,#2437,.T.);
#3528=ORIENTED_EDGE('',*,*,#2538,.T.);
#3529=ORIENTED_EDGE('',*,*,#2501,.T.);
#3530=ORIENTED_EDGE('',*,*,#2531,.T.);
#3531=ORIENTED_EDGE('',*,*,#2539,.T.);
#3532=ORIENTED_EDGE('',*,*,#2540,.T.);
#3533=ORIENTED_EDGE('',*,*,#2541,.T.);
#3534=ORIENTED_EDGE('',*,*,#2538,.F.);
#3535=ORIENTED_EDGE('',*,*,#2542,.T.);
#3536=ORIENTED_EDGE('',*,*,#2535,.T.);
#3537=ORIENTED_EDGE('',*,*,#2543,.T.);
#3538=ORIENTED_EDGE('',*,*,#2540,.F.);
#3539=ORIENTED_EDGE('',*,*,#2544,.T.);
#3540=ORIENTED_EDGE('',*,*,#2061,.T.);
#3541=ORIENTED_EDGE('',*,*,#2545,.T.);
#3542=ORIENTED_EDGE('',*,*,#2533,.T.);
#3543=ORIENTED_EDGE('',*,*,#2546,.T.);
#3544=ORIENTED_EDGE('',*,*,#2537,.F.);
#3545=ORIENTED_EDGE('',*,*,#2545,.F.);
#3546=ORIENTED_EDGE('',*,*,#2060,.F.);
#3547=ORIENTED_EDGE('',*,*,#2441,.F.);
#3548=ORIENTED_EDGE('',*,*,#2413,.F.);
#3549=ORIENTED_EDGE('',*,*,#2250,.F.);
#3550=ORIENTED_EDGE('',*,*,#2414,.F.);
#3551=ORIENTED_EDGE('',*,*,#2367,.T.);
#3552=ORIENTED_EDGE('',*,*,#2161,.F.);
#3553=ORIENTED_EDGE('',*,*,#2105,.F.);
#3554=ORIENTED_EDGE('',*,*,#2409,.F.);
#3555=ORIENTED_EDGE('',*,*,#2227,.T.);
#3556=ORIENTED_EDGE('',*,*,#2491,.F.);
#3557=ORIENTED_EDGE('',*,*,#2523,.F.);
#3558=ORIENTED_EDGE('',*,*,#2547,.F.);
#3559=ORIENTED_EDGE('',*,*,#2543,.F.);
#3560=ORIENTED_EDGE('',*,*,#2536,.F.);
#3561=ORIENTED_EDGE('',*,*,#2443,.F.);
#3562=ORIENTED_EDGE('',*,*,#2454,.F.);
#3563=ORIENTED_EDGE('',*,*,#2427,.F.);
#3564=ORIENTED_EDGE('',*,*,#2467,.T.);
#3565=ORIENTED_EDGE('',*,*,#2470,.T.);
#3566=ORIENTED_EDGE('',*,*,#2473,.T.);
#3567=ORIENTED_EDGE('',*,*,#2458,.T.);
#3568=ORIENTED_EDGE('',*,*,#2455,.T.);
#3569=ORIENTED_EDGE('',*,*,#2548,.T.);
#3570=ORIENTED_EDGE('',*,*,#2549,.T.);
#3571=ORIENTED_EDGE('',*,*,#2550,.T.);
#3572=ORIENTED_EDGE('',*,*,#2551,.T.);
#3573=ORIENTED_EDGE('',*,*,#2552,.T.);
#3574=ORIENTED_EDGE('',*,*,#2553,.T.);
#3575=ORIENTED_EDGE('',*,*,#2554,.T.);
#3576=ORIENTED_EDGE('',*,*,#2555,.T.);
#3577=ORIENTED_EDGE('',*,*,#2556,.T.);
#3578=ORIENTED_EDGE('',*,*,#2557,.T.);
#3579=ORIENTED_EDGE('',*,*,#2558,.T.);
#3580=ORIENTED_EDGE('',*,*,#2559,.T.);
#3581=ORIENTED_EDGE('',*,*,#2560,.T.);
#3582=ORIENTED_EDGE('',*,*,#2561,.T.);
#3583=ORIENTED_EDGE('',*,*,#2562,.T.);
#3584=ORIENTED_EDGE('',*,*,#2563,.T.);
#3585=ORIENTED_EDGE('',*,*,#2564,.T.);
#3586=ORIENTED_EDGE('',*,*,#2565,.T.);
#3587=ORIENTED_EDGE('',*,*,#2566,.T.);
#3588=ORIENTED_EDGE('',*,*,#2541,.F.);
#3589=ORIENTED_EDGE('',*,*,#2547,.T.);
#3590=ORIENTED_EDGE('',*,*,#2522,.F.);
#3591=ORIENTED_EDGE('',*,*,#2529,.T.);
#3592=ORIENTED_EDGE('',*,*,#2502,.T.);
#3593=ORIENTED_EDGE('',*,*,#2548,.F.);
#3594=ORIENTED_EDGE('',*,*,#2567,.T.);
#3595=ORIENTED_EDGE('',*,*,#2568,.T.);
#3596=ORIENTED_EDGE('',*,*,#2569,.F.);
#3597=ORIENTED_EDGE('',*,*,#2563,.F.);
#3598=ORIENTED_EDGE('',*,*,#2570,.T.);
#3599=ORIENTED_EDGE('',*,*,#2571,.T.);
#3600=ORIENTED_EDGE('',*,*,#2567,.F.);
#3601=ORIENTED_EDGE('',*,*,#2562,.F.);
#3602=ORIENTED_EDGE('',*,*,#2572,.T.);
#3603=ORIENTED_EDGE('',*,*,#2573,.T.);
#3604=ORIENTED_EDGE('',*,*,#2570,.F.);
#3605=ORIENTED_EDGE('',*,*,#2561,.F.);
#3606=ORIENTED_EDGE('',*,*,#2574,.T.);
#3607=ORIENTED_EDGE('',*,*,#2575,.T.);
#3608=ORIENTED_EDGE('',*,*,#2572,.F.);
#3609=ORIENTED_EDGE('',*,*,#2560,.F.);
#3610=ORIENTED_EDGE('',*,*,#2576,.T.);
#3611=ORIENTED_EDGE('',*,*,#2577,.T.);
#3612=ORIENTED_EDGE('',*,*,#2574,.F.);
#3613=ORIENTED_EDGE('',*,*,#2559,.F.);
#3614=ORIENTED_EDGE('',*,*,#2578,.T.);
#3615=ORIENTED_EDGE('',*,*,#2579,.T.);
#3616=ORIENTED_EDGE('',*,*,#2576,.F.);
#3617=ORIENTED_EDGE('',*,*,#2558,.F.);
#3618=ORIENTED_EDGE('',*,*,#2580,.T.);
#3619=ORIENTED_EDGE('',*,*,#2581,.T.);
#3620=ORIENTED_EDGE('',*,*,#2578,.F.);
#3621=ORIENTED_EDGE('',*,*,#2557,.F.);
#3622=ORIENTED_EDGE('',*,*,#2582,.T.);
#3623=ORIENTED_EDGE('',*,*,#2583,.T.);
#3624=ORIENTED_EDGE('',*,*,#2580,.F.);
#3625=ORIENTED_EDGE('',*,*,#2556,.F.);
#3626=ORIENTED_EDGE('',*,*,#2584,.T.);
#3627=ORIENTED_EDGE('',*,*,#2585,.T.);
#3628=ORIENTED_EDGE('',*,*,#2582,.F.);
#3629=ORIENTED_EDGE('',*,*,#2555,.F.);
#3630=ORIENTED_EDGE('',*,*,#2586,.T.);
#3631=ORIENTED_EDGE('',*,*,#2587,.T.);
#3632=ORIENTED_EDGE('',*,*,#2584,.F.);
#3633=ORIENTED_EDGE('',*,*,#2554,.F.);
#3634=ORIENTED_EDGE('',*,*,#2588,.T.);
#3635=ORIENTED_EDGE('',*,*,#2589,.T.);
#3636=ORIENTED_EDGE('',*,*,#2586,.F.);
#3637=ORIENTED_EDGE('',*,*,#2553,.F.);
#3638=ORIENTED_EDGE('',*,*,#2590,.T.);
#3639=ORIENTED_EDGE('',*,*,#2591,.T.);
#3640=ORIENTED_EDGE('',*,*,#2588,.F.);
#3641=ORIENTED_EDGE('',*,*,#2552,.F.);
#3642=ORIENTED_EDGE('',*,*,#2592,.T.);
#3643=ORIENTED_EDGE('',*,*,#2593,.T.);
#3644=ORIENTED_EDGE('',*,*,#2590,.F.);
#3645=ORIENTED_EDGE('',*,*,#2551,.F.);
#3646=ORIENTED_EDGE('',*,*,#2594,.T.);
#3647=ORIENTED_EDGE('',*,*,#2595,.T.);
#3648=ORIENTED_EDGE('',*,*,#2592,.F.);
#3649=ORIENTED_EDGE('',*,*,#2550,.F.);
#3650=ORIENTED_EDGE('',*,*,#2596,.T.);
#3651=ORIENTED_EDGE('',*,*,#2597,.T.);
#3652=ORIENTED_EDGE('',*,*,#2594,.F.);
#3653=ORIENTED_EDGE('',*,*,#2549,.F.);
#3654=ORIENTED_EDGE('',*,*,#2569,.T.);
#3655=ORIENTED_EDGE('',*,*,#2598,.T.);
#3656=ORIENTED_EDGE('',*,*,#2596,.F.);
#3657=ORIENTED_EDGE('',*,*,#2598,.F.);
#3658=ORIENTED_EDGE('',*,*,#2568,.F.);
#3659=ORIENTED_EDGE('',*,*,#2571,.F.);
#3660=ORIENTED_EDGE('',*,*,#2573,.F.);
#3661=ORIENTED_EDGE('',*,*,#2575,.F.);
#3662=ORIENTED_EDGE('',*,*,#2577,.F.);
#3663=ORIENTED_EDGE('',*,*,#2579,.F.);
#3664=ORIENTED_EDGE('',*,*,#2581,.F.);
#3665=ORIENTED_EDGE('',*,*,#2583,.F.);
#3666=ORIENTED_EDGE('',*,*,#2585,.F.);
#3667=ORIENTED_EDGE('',*,*,#2587,.F.);
#3668=ORIENTED_EDGE('',*,*,#2589,.F.);
#3669=ORIENTED_EDGE('',*,*,#2591,.F.);
#3670=ORIENTED_EDGE('',*,*,#2593,.F.);
#3671=ORIENTED_EDGE('',*,*,#2595,.F.);
#3672=ORIENTED_EDGE('',*,*,#2597,.F.);
#3673=ORIENTED_EDGE('',*,*,#2564,.F.);
#3674=ORIENTED_EDGE('',*,*,#2599,.T.);
#3675=ORIENTED_EDGE('',*,*,#2600,.T.);
#3676=ORIENTED_EDGE('',*,*,#2599,.F.);
#3677=ORIENTED_EDGE('',*,*,#2600,.F.);
#3678=ORIENTED_EDGE('',*,*,#2565,.F.);
#3679=ORIENTED_EDGE('',*,*,#2601,.T.);
#3680=ORIENTED_EDGE('',*,*,#2602,.T.);
#3681=ORIENTED_EDGE('',*,*,#2601,.F.);
#3682=ORIENTED_EDGE('',*,*,#2602,.F.);
#3683=ORIENTED_EDGE('',*,*,#2284,.T.);
#3684=ORIENTED_EDGE('',*,*,#2603,.T.);
#3685=ORIENTED_EDGE('',*,*,#2327,.T.);
#3686=ORIENTED_EDGE('',*,*,#2339,.T.);
#3687=ORIENTED_EDGE('',*,*,#2420,.F.);
#3688=ORIENTED_EDGE('',*,*,#2283,.T.);
#3689=ORIENTED_EDGE('',*,*,#2274,.F.);
#3690=ORIENTED_EDGE('',*,*,#2328,.T.);
#3691=ORIENTED_EDGE('',*,*,#2603,.F.);
#3692=ORIENTED_EDGE('',*,*,#2386,.F.);
#3693=ORIENTED_EDGE('',*,*,#2604,.F.);
#3694=ORIENTED_EDGE('',*,*,#2605,.F.);
#3695=ORIENTED_EDGE('',*,*,#2353,.F.);
#3696=ORIENTED_EDGE('',*,*,#2376,.F.);
#3697=ORIENTED_EDGE('',*,*,#2606,.T.);
#3698=ORIENTED_EDGE('',*,*,#2607,.F.);
#3699=ORIENTED_EDGE('',*,*,#2608,.F.);
#3700=ORIENTED_EDGE('',*,*,#2377,.F.);
#3701=ORIENTED_EDGE('',*,*,#2608,.T.);
#3702=ORIENTED_EDGE('',*,*,#2609,.F.);
#3703=ORIENTED_EDGE('',*,*,#2610,.F.);
#3704=ORIENTED_EDGE('',*,*,#2378,.F.);
#3705=ORIENTED_EDGE('',*,*,#2610,.T.);
#3706=ORIENTED_EDGE('',*,*,#2611,.F.);
#3707=ORIENTED_EDGE('',*,*,#2612,.F.);
#3708=ORIENTED_EDGE('',*,*,#2379,.F.);
#3709=ORIENTED_EDGE('',*,*,#2612,.T.);
#3710=ORIENTED_EDGE('',*,*,#2613,.F.);
#3711=ORIENTED_EDGE('',*,*,#2606,.F.);
#3712=ORIENTED_EDGE('',*,*,#2613,.T.);
#3713=ORIENTED_EDGE('',*,*,#2611,.T.);
#3714=ORIENTED_EDGE('',*,*,#2609,.T.);
#3715=ORIENTED_EDGE('',*,*,#2607,.T.);
#3716=ORIENTED_EDGE('',*,*,#2341,.F.);
#3717=ORIENTED_EDGE('',*,*,#2356,.F.);
#3718=ORIENTED_EDGE('',*,*,#2614,.T.);
#3719=ORIENTED_EDGE('',*,*,#2615,.F.);
#3720=ORIENTED_EDGE('',*,*,#2616,.F.);
#3721=ORIENTED_EDGE('',*,*,#2617,.F.);
#3722=ORIENTED_EDGE('',*,*,#2618,.T.);
#3723=ORIENTED_EDGE('',*,*,#2616,.T.);
#3724=ORIENTED_EDGE('',*,*,#2619,.F.);
#3725=ORIENTED_EDGE('',*,*,#2620,.F.);
#3726=ORIENTED_EDGE('',*,*,#2354,.F.);
#3727=ORIENTED_EDGE('',*,*,#2605,.T.);
#3728=ORIENTED_EDGE('',*,*,#2620,.T.);
#3729=ORIENTED_EDGE('',*,*,#2621,.F.);
#3730=ORIENTED_EDGE('',*,*,#2622,.F.);
#3731=ORIENTED_EDGE('',*,*,#2355,.F.);
#3732=ORIENTED_EDGE('',*,*,#2622,.T.);
#3733=ORIENTED_EDGE('',*,*,#2623,.F.);
#3734=ORIENTED_EDGE('',*,*,#2614,.F.);
#3735=ORIENTED_EDGE('',*,*,#2623,.T.);
#3736=ORIENTED_EDGE('',*,*,#2621,.T.);
#3737=ORIENTED_EDGE('',*,*,#2619,.T.);
#3738=ORIENTED_EDGE('',*,*,#2615,.T.);
#3739=ORIENTED_EDGE('',*,*,#2346,.F.);
#3740=ORIENTED_EDGE('',*,*,#2624,.T.);
#3741=ORIENTED_EDGE('',*,*,#2625,.F.);
#3742=ORIENTED_EDGE('',*,*,#2626,.F.);
#3743=ORIENTED_EDGE('',*,*,#2392,.F.);
#3744=ORIENTED_EDGE('',*,*,#2627,.T.);
#3745=ORIENTED_EDGE('',*,*,#2626,.T.);
#3746=ORIENTED_EDGE('',*,*,#2628,.F.);
#3747=ORIENTED_EDGE('',*,*,#2629,.F.);
#3748=ORIENTED_EDGE('',*,*,#2334,.F.);
#3749=ORIENTED_EDGE('',*,*,#2630,.F.);
#3750=ORIENTED_EDGE('',*,*,#2629,.T.);
#3751=ORIENTED_EDGE('',*,*,#2631,.F.);
#3752=ORIENTED_EDGE('',*,*,#2632,.F.);
#3753=ORIENTED_EDGE('',*,*,#2344,.F.);
#3754=ORIENTED_EDGE('',*,*,#2345,.F.);
#3755=ORIENTED_EDGE('',*,*,#2632,.T.);
#3756=ORIENTED_EDGE('',*,*,#2633,.F.);
#3757=ORIENTED_EDGE('',*,*,#2624,.F.);
#3758=ORIENTED_EDGE('',*,*,#2633,.T.);
#3759=ORIENTED_EDGE('',*,*,#2631,.T.);
#3760=ORIENTED_EDGE('',*,*,#2628,.T.);
#3761=ORIENTED_EDGE('',*,*,#2625,.T.);
#3762=ORIENTED_EDGE('',*,*,#2634,.T.);
#3763=ORIENTED_EDGE('',*,*,#2635,.T.);
#3764=ORIENTED_EDGE('',*,*,#2390,.F.);
#3765=ORIENTED_EDGE('',*,*,#2393,.T.);
#3766=ORIENTED_EDGE('',*,*,#2627,.F.);
#3767=ORIENTED_EDGE('',*,*,#2630,.T.);
#3768=ORIENTED_EDGE('',*,*,#2333,.F.);
#3769=ORIENTED_EDGE('',*,*,#2335,.F.);
#3770=ORIENTED_EDGE('',*,*,#2325,.F.);
#3771=ORIENTED_EDGE('',*,*,#2298,.T.);
#3772=ORIENTED_EDGE('',*,*,#2519,.T.);
#3773=ORIENTED_EDGE('',*,*,#2311,.F.);
#3774=ORIENTED_EDGE('',*,*,#2314,.F.);
#3775=ORIENTED_EDGE('',*,*,#2380,.F.);
#3776=ORIENTED_EDGE('',*,*,#2342,.F.);
#3777=ORIENTED_EDGE('',*,*,#2617,.T.);
#3778=ORIENTED_EDGE('',*,*,#2618,.F.);
#3779=ORIENTED_EDGE('',*,*,#2604,.T.);
#3780=ORIENTED_EDGE('',*,*,#2385,.F.);
#3781=ORIENTED_EDGE('',*,*,#2388,.T.);
#3782=ORIENTED_EDGE('',*,*,#2391,.F.);
#3783=ORIENTED_EDGE('',*,*,#2635,.F.);
#3784=ORIENTED_EDGE('',*,*,#2636,.T.);
#3785=ORIENTED_EDGE('',*,*,#2349,.F.);
#3786=ORIENTED_EDGE('',*,*,#2387,.T.);
#3787=ORIENTED_EDGE('',*,*,#2350,.F.);
#3788=ORIENTED_EDGE('',*,*,#2636,.F.);
#3789=ORIENTED_EDGE('',*,*,#2634,.F.);
#3790=ORIENTED_EDGE('',*,*,#2505,.F.);
#3791=ORIENTED_EDGE('',*,*,#2637,.T.);
#3792=ORIENTED_EDGE('',*,*,#2638,.T.);
#3793=ORIENTED_EDGE('',*,*,#2637,.F.);
#3794=ORIENTED_EDGE('',*,*,#2506,.F.);
#3795=ORIENTED_EDGE('',*,*,#2639,.T.);
#3796=ORIENTED_EDGE('',*,*,#2640,.T.);
#3797=ORIENTED_EDGE('',*,*,#2639,.F.);
#3798=ORIENTED_EDGE('',*,*,#2507,.F.);
#3799=ORIENTED_EDGE('',*,*,#2641,.T.);
#3800=ORIENTED_EDGE('',*,*,#2642,.T.);
#3801=ORIENTED_EDGE('',*,*,#2641,.F.);
#3802=ORIENTED_EDGE('',*,*,#2566,.F.);
#3803=ORIENTED_EDGE('',*,*,#2643,.T.);
#3804=ORIENTED_EDGE('',*,*,#2644,.T.);
#3805=ORIENTED_EDGE('',*,*,#2643,.F.);
#3806=ORIENTED_EDGE('',*,*,#2644,.F.);
#3807=ORIENTED_EDGE('',*,*,#2645,.T.);
#3808=ORIENTED_EDGE('',*,*,#2642,.F.);
#3809=ORIENTED_EDGE('',*,*,#2646,.T.);
#3810=ORIENTED_EDGE('',*,*,#2640,.F.);
#3811=ORIENTED_EDGE('',*,*,#2647,.T.);
#3812=ORIENTED_EDGE('',*,*,#2638,.F.);
#3813=ORIENTED_EDGE('',*,*,#2648,.T.);
#3814=ORIENTED_EDGE('',*,*,#2229,.T.);
#3815=ORIENTED_EDGE('',*,*,#2649,.T.);
#3816=ORIENTED_EDGE('',*,*,#2645,.F.);
#3817=ORIENTED_EDGE('',*,*,#2649,.F.);
#3818=ORIENTED_EDGE('',*,*,#2230,.T.);
#3819=ORIENTED_EDGE('',*,*,#2650,.T.);
#3820=ORIENTED_EDGE('',*,*,#2646,.F.);
#3821=ORIENTED_EDGE('',*,*,#2650,.F.);
#3822=ORIENTED_EDGE('',*,*,#2231,.T.);
#3823=ORIENTED_EDGE('',*,*,#2651,.T.);
#3824=ORIENTED_EDGE('',*,*,#2647,.F.);
#3825=ORIENTED_EDGE('',*,*,#2651,.F.);
#3826=ORIENTED_EDGE('',*,*,#2232,.T.);
#3827=ORIENTED_EDGE('',*,*,#2652,.T.);
#3828=ORIENTED_EDGE('',*,*,#2648,.F.);
#3829=ORIENTED_EDGE('',*,*,#2652,.F.);
#3830=ORIENTED_EDGE('',*,*,#2532,.F.);
#3831=ORIENTED_EDGE('',*,*,#2062,.F.);
#3832=ORIENTED_EDGE('',*,*,#2546,.F.);
#3833=ORIENTED_EDGE('',*,*,#2544,.F.);
#3834=ORIENTED_EDGE('',*,*,#2542,.F.);
#3835=ORIENTED_EDGE('',*,*,#2539,.F.);
#3836=ORIENTED_EDGE('',*,*,#2151,.F.);
#3837=ORIENTED_EDGE('',*,*,#2101,.F.);
#3838=ORIENTED_EDGE('',*,*,#2121,.T.);
#3839=ORIENTED_EDGE('',*,*,#2124,.F.);
#3840=ORIENTED_EDGE('',*,*,#2653,.T.);
#3841=ORIENTED_EDGE('',*,*,#2200,.T.);
#3842=ORIENTED_EDGE('',*,*,#2158,.T.);
#3843=ORIENTED_EDGE('',*,*,#2201,.T.);
#3844=ORIENTED_EDGE('',*,*,#2653,.F.);
#3845=ORIENTED_EDGE('',*,*,#2123,.F.);
#3846=ORIENTED_EDGE('',*,*,#2156,.F.);
#3847=ORIENTED_EDGE('',*,*,#2097,.F.);
#3848=ORIENTED_EDGE('',*,*,#2407,.F.);
#3849=ORIENTED_EDGE('',*,*,#2202,.T.);
#3850=ORIENTED_EDGE('',*,*,#2654,.T.);
#3851=ORIENTED_EDGE('',*,*,#2207,.T.);
#3852=ORIENTED_EDGE('',*,*,#2258,.F.);
#3853=ORIENTED_EDGE('',*,*,#2135,.F.);
#3854=ORIENTED_EDGE('',*,*,#2259,.F.);
#3855=ORIENTED_EDGE('',*,*,#2208,.T.);
#3856=ORIENTED_EDGE('',*,*,#2654,.F.);
#3857=ORIENTED_EDGE('',*,*,#2134,.F.);
#3858=ORIENTED_EDGE('',*,*,#2131,.F.);
#3859=ORIENTED_EDGE('',*,*,#2091,.F.);
#3860=ORIENTED_EDGE('',*,*,#2655,.T.);
#3861=ORIENTED_EDGE('',*,*,#2213,.T.);
#3862=ORIENTED_EDGE('',*,*,#2255,.F.);
#3863=ORIENTED_EDGE('',*,*,#2145,.F.);
#3864=ORIENTED_EDGE('',*,*,#2199,.F.);
#3865=ORIENTED_EDGE('',*,*,#2214,.T.);
#3866=ORIENTED_EDGE('',*,*,#2655,.F.);
#3867=ORIENTED_EDGE('',*,*,#2144,.F.);
#3868=ORIENTED_EDGE('',*,*,#2147,.F.);
#3869=ORIENTED_EDGE('',*,*,#2085,.F.);
#3870=PLANE('',#4237);
#3871=PLANE('',#4238);
#3872=PLANE('',#4239);
#3873=PLANE('',#4262);
#3874=PLANE('',#4263);
#3875=PLANE('',#4264);
#3876=PLANE('',#4265);
#3877=PLANE('',#4266);
#3878=PLANE('',#4267);
#3879=PLANE('',#4268);
#3880=PLANE('',#4269);
#3881=PLANE('',#4270);
#3882=PLANE('',#4271);
#3883=PLANE('',#4272);
#3884=PLANE('',#4273);
#3885=PLANE('',#4276);
#3886=PLANE('',#4279);
#3887=PLANE('',#4282);
#3888=PLANE('',#4285);
#3889=PLANE('',#4288);
#3890=PLANE('',#4291);
#3891=PLANE('',#4294);
#3892=PLANE('',#4297);
#3893=PLANE('',#4300);
#3894=PLANE('',#4303);
#3895=PLANE('',#4306);
#3896=PLANE('',#4331);
#3897=PLANE('',#4333);
#3898=PLANE('',#4335);
#3899=PLANE('',#4341);
#3900=PLANE('',#4342);
#3901=PLANE('',#4343);
#3902=PLANE('',#4349);
#3903=PLANE('',#4350);
#3904=PLANE('',#4353);
#3905=PLANE('',#4368);
#3906=PLANE('',#4372);
#3907=PLANE('',#4375);
#3908=PLANE('',#4380);
#3909=PLANE('',#4385);
#3910=PLANE('',#4396);
#3911=PLANE('',#4400);
#3912=PLANE('',#4403);
#3913=PLANE('',#4406);
#3914=PLANE('',#4407);
#3915=PLANE('',#4417);
#3916=PLANE('',#4420);
#3917=PLANE('',#4422);
#3918=PLANE('',#4424);
#3919=PLANE('',#4427);
#3920=PLANE('',#4432);
#3921=PLANE('',#4462);
#3922=PLANE('',#4466);
#3923=PLANE('',#4470);
#3924=PLANE('',#4471);
#3925=PLANE('',#4472);
#3926=PLANE('',#4473);
#3927=PLANE('',#4474);
#3928=PLANE('',#4487);
#3929=PLANE('',#4489);
#3930=PLANE('',#4491);
#3931=PLANE('',#4493);
#3932=PLANE('',#4499);
#3933=PLANE('',#4500);
#3934=PLANE('',#4501);
#3935=PLANE('',#4502);
#3936=PLANE('',#4503);
#3937=PLANE('',#4504);
#3938=PLANE('',#4505);
#3939=PLANE('',#4506);
#3940=PLANE('',#4507);
#3941=PLANE('',#4510);
#3942=PLANE('',#4516);
#3943=PLANE('',#4522);
#3944=PLANE('',#4537);
#3945=PLANE('',#4546);
#3946=PLANE('',#4548);
#3947=PLANE('',#4566);
#3948=PLANE('',#4567);
#3949=PLANE('',#4568);
#3950=PLANE('',#4569);
#3951=PLANE('',#4588);
#3952=PLANE('',#4595);
#3953=PLANE('',#4602);
#3954=PLANE('',#4609);
#3955=PLANE('',#4614);
#3956=PLANE('',#4617);
#3957=PLANE('',#4620);
#3958=PLANE('',#4621);
#3959=PLANE('',#4622);
#3960=PLANE('',#4623);
#3961=PLANE('',#4624);
#3962=PLANE('',#4625);
#3963=PLANE('',#4626);
#3964=PLANE('',#4627);
#3965=PLANE('',#4628);
#3966=PLANE('',#4629);
#3967=PLANE('',#4630);
#3968=PLANE('',#4631);
#3969=PLANE('',#4632);
#3970=PLANE('',#4633);
#3971=PLANE('',#4634);
#3972=PLANE('',#4635);
#3973=PLANE('',#4636);
#3974=PLANE('',#4637);
#3975=PLANE('',#4638);
#3976=PLANE('',#4639);
#3977=PLANE('',#4640);
#3978=PLANE('',#4641);
#3979=PLANE('',#4650);
#3980=PLANE('',#4652);
#3981=PLANE('',#4654);
#3982=PLANE('',#4656);
#3983=PLANE('',#4662);
#3984=PLANE('',#4663);
#3985=PLANE('',#4664);
#3986=PLANE('',#4665);
#3987=PLANE('',#4666);
#3988=PLANE('',#4667);
#3989=PLANE('',#4668);
#3990=PLANE('',#4669);
#3991=ADVANCED_FACE('',(#373),#3870,.T.);
#3992=ADVANCED_FACE('',(#374),#3871,.T.);
#3993=ADVANCED_FACE('',(#375,#163),#3872,.T.);
#3994=ADVANCED_FACE('',(#376),#3873,.T.);
#3995=ADVANCED_FACE('',(#377),#3874,.T.);
#3996=ADVANCED_FACE('',(#378),#3875,.T.);
#3997=ADVANCED_FACE('',(#379),#3876,.T.);
#3998=ADVANCED_FACE('',(#380),#3877,.T.);
#3999=ADVANCED_FACE('',(#381),#3878,.T.);
#4000=ADVANCED_FACE('',(#382),#3879,.T.);
#4001=ADVANCED_FACE('',(#383),#3880,.T.);
#4002=ADVANCED_FACE('',(#384),#3881,.T.);
#4003=ADVANCED_FACE('',(#385),#3882,.T.);
#4004=ADVANCED_FACE('',(#386),#3883,.T.);
#4005=ADVANCED_FACE('',(#387),#3884,.T.);
#4006=ADVANCED_FACE('',(#388),#69,.F.);
#4007=ADVANCED_FACE('',(#389),#3885,.F.);
#4008=ADVANCED_FACE('',(#390),#70,.F.);
#4009=ADVANCED_FACE('',(#391),#3886,.F.);
#4010=ADVANCED_FACE('',(#392),#71,.F.);
#4011=ADVANCED_FACE('',(#393),#3887,.F.);
#4012=ADVANCED_FACE('',(#394),#72,.F.);
#4013=ADVANCED_FACE('',(#395),#3888,.F.);
#4014=ADVANCED_FACE('',(#396),#73,.F.);
#4015=ADVANCED_FACE('',(#397),#3889,.F.);
#4016=ADVANCED_FACE('',(#398),#74,.F.);
#4017=ADVANCED_FACE('',(#399),#3890,.F.);
#4018=ADVANCED_FACE('',(#400),#75,.F.);
#4019=ADVANCED_FACE('',(#401),#3891,.F.);
#4020=ADVANCED_FACE('',(#402),#76,.F.);
#4021=ADVANCED_FACE('',(#403),#3892,.F.);
#4022=ADVANCED_FACE('',(#404),#77,.F.);
#4023=ADVANCED_FACE('',(#405),#3893,.F.);
#4024=ADVANCED_FACE('',(#406),#78,.F.);
#4025=ADVANCED_FACE('',(#407),#3894,.F.);
#4026=ADVANCED_FACE('',(#408),#79,.F.);
#4027=ADVANCED_FACE('',(#409,#164,#165,#166,#167,#168,#169,#170,#171,#172),
#3895,.T.);
#4028=ADVANCED_FACE('',(#410),#80,.F.);
#4029=ADVANCED_FACE('',(#411),#3896,.F.);
#4030=ADVANCED_FACE('',(#412),#81,.F.);
#4031=ADVANCED_FACE('',(#413),#3897,.F.);
#4032=ADVANCED_FACE('',(#414),#82,.F.);
#4033=ADVANCED_FACE('',(#415),#3898,.F.);
#4034=ADVANCED_FACE('',(#416),#83,.F.);
#4035=ADVANCED_FACE('',(#417),#3899,.T.);
#4036=ADVANCED_FACE('',(#418),#3900,.T.);
#4037=ADVANCED_FACE('',(#419),#3901,.T.);
#4038=ADVANCED_FACE('',(#420),#84,.F.);
#4039=ADVANCED_FACE('',(#421),#3902,.T.);
#4040=ADVANCED_FACE('',(#422),#3903,.T.);
#4041=ADVANCED_FACE('',(#423),#3904,.T.);
#4042=ADVANCED_FACE('',(#424),#85,.F.);
#4043=ADVANCED_FACE('',(#425),#33,.T.);
#4044=ADVANCED_FACE('',(#426),#86,.F.);
#4045=ADVANCED_FACE('',(#427),#34,.T.);
#4046=ADVANCED_FACE('',(#428),#87,.F.);
#4047=ADVANCED_FACE('',(#429),#3905,.T.);
#4048=ADVANCED_FACE('',(#430),#88,.F.);
#4049=ADVANCED_FACE('',(#431),#3906,.T.);
#4050=ADVANCED_FACE('',(#432),#89,.F.);
#4051=ADVANCED_FACE('',(#433),#3907,.T.);
#4052=ADVANCED_FACE('',(#434),#90,.F.);
#4053=ADVANCED_FACE('',(#435),#3908,.F.);
#4054=ADVANCED_FACE('',(#436),#91,.F.);
#4055=ADVANCED_FACE('',(#437,#173),#3909,.T.);
#4056=ADVANCED_FACE('',(#438),#3910,.F.);
#4057=ADVANCED_FACE('',(#439),#92,.F.);
#4058=ADVANCED_FACE('',(#440),#3911,.F.);
#4059=ADVANCED_FACE('',(#441),#93,.F.);
#4060=ADVANCED_FACE('',(#442),#3912,.T.);
#4061=ADVANCED_FACE('',(#443),#94,.F.);
#4062=ADVANCED_FACE('',(#444),#3913,.T.);
#4063=ADVANCED_FACE('',(#445),#3914,.T.);
#4064=ADVANCED_FACE('',(#446),#95,.F.);
#4065=ADVANCED_FACE('',(#447),#96,.F.);
#4066=ADVANCED_FACE('',(#448),#97,.F.);
#4067=ADVANCED_FACE('',(#449),#98,.F.);
#4068=ADVANCED_FACE('',(#450),#99,.F.);
#4069=ADVANCED_FACE('',(#451),#100,.F.);
#4070=ADVANCED_FACE('',(#452),#3915,.F.);
#4071=ADVANCED_FACE('',(#453),#101,.F.);
#4072=ADVANCED_FACE('',(#454),#102,.T.);
#4073=ADVANCED_FACE('',(#455),#3916,.T.);
#4074=ADVANCED_FACE('',(#456),#103,.F.);
#4075=ADVANCED_FACE('',(#457),#3917,.F.);
#4076=ADVANCED_FACE('',(#458),#104,.F.);
#4077=ADVANCED_FACE('',(#459),#3918,.F.);
#4078=ADVANCED_FACE('',(#460),#105,.T.);
#4079=ADVANCED_FACE('',(#461),#106,.F.);
#4080=ADVANCED_FACE('',(#462),#3919,.T.);
#4081=ADVANCED_FACE('',(#463),#107,.F.);
#4082=ADVANCED_FACE('',(#464),#108,.F.);
#4083=ADVANCED_FACE('',(#465),#109,.F.);
#4084=ADVANCED_FACE('',(#466),#3920,.T.);
#4085=ADVANCED_FACE('',(#467),#27,.T.);
#4086=ADVANCED_FACE('',(#468),#110,.T.);
#4087=ADVANCED_FACE('',(#469),#111,.T.);
#4088=ADVANCED_FACE('',(#470),#19,.T.);
#4089=ADVANCED_FACE('',(#471),#28,.T.);
#4090=ADVANCED_FACE('',(#472),#29,.T.);
#4091=ADVANCED_FACE('',(#473),#112,.T.);
#4092=ADVANCED_FACE('',(#474),#113,.T.);
#4093=ADVANCED_FACE('',(#475),#20,.T.);
#4094=ADVANCED_FACE('',(#476),#114,.T.);
#4095=ADVANCED_FACE('',(#477),#115,.T.);
#4096=ADVANCED_FACE('',(#478),#116,.T.);
#4097=ADVANCED_FACE('',(#479),#3921,.F.);
#4098=ADVANCED_FACE('',(#480),#117,.F.);
#4099=ADVANCED_FACE('',(#481),#3922,.T.);
#4100=ADVANCED_FACE('',(#482),#118,.F.);
#4101=ADVANCED_FACE('',(#483),#3923,.T.);
#4102=ADVANCED_FACE('',(#484),#3924,.T.);
#4103=ADVANCED_FACE('',(#485),#3925,.T.);
#4104=ADVANCED_FACE('',(#486),#3926,.F.);
#4105=ADVANCED_FACE('',(#487),#3927,.F.);
#4106=ADVANCED_FACE('',(#488),#119,.F.);
#4107=ADVANCED_FACE('',(#489),#120,.F.);
#4108=ADVANCED_FACE('',(#490),#121,.F.);
#4109=ADVANCED_FACE('',(#491),#122,.F.);
#4110=ADVANCED_FACE('',(#492,#174),#3928,.F.);
#4111=ADVANCED_FACE('',(#493,#175),#3929,.F.);
#4112=ADVANCED_FACE('',(#494,#176),#3930,.F.);
#4113=ADVANCED_FACE('',(#495,#177),#3931,.F.);
#4114=ADVANCED_FACE('',(#496),#123,.F.);
#4115=ADVANCED_FACE('',(#497),#124,.F.);
#4116=ADVANCED_FACE('',(#498),#125,.F.);
#4117=ADVANCED_FACE('',(#499),#126,.F.);
#4118=ADVANCED_FACE('',(#500),#3932,.F.);
#4119=ADVANCED_FACE('',(#501),#3933,.F.);
#4120=ADVANCED_FACE('',(#502),#3934,.F.);
#4121=ADVANCED_FACE('',(#503),#3935,.F.);
#4122=ADVANCED_FACE('',(#504),#3936,.F.);
#4123=ADVANCED_FACE('',(#505),#3937,.F.);
#4124=ADVANCED_FACE('',(#506),#3938,.F.);
#4125=ADVANCED_FACE('',(#507),#3939,.F.);
#4126=ADVANCED_FACE('',(#508),#3940,.F.);
#4127=ADVANCED_FACE('',(#509),#127,.T.);
#4128=ADVANCED_FACE('',(#510),#3941,.T.);
#4129=ADVANCED_FACE('',(#511),#128,.F.);
#4130=ADVANCED_FACE('',(#512,#178,#179,#180,#181),#3942,.T.);
#4131=ADVANCED_FACE('',(#513),#129,.T.);
#4132=ADVANCED_FACE('',(#514),#3943,.F.);
#4133=ADVANCED_FACE('',(#515),#21,.T.);
#4134=ADVANCED_FACE('',(#516),#22,.T.);
#4135=ADVANCED_FACE('',(#517),#130,.T.);
#4136=ADVANCED_FACE('',(#518),#131,.T.);
#4137=ADVANCED_FACE('',(#519),#23,.T.);
#4138=ADVANCED_FACE('',(#520),#24,.T.);
#4139=ADVANCED_FACE('',(#521),#132,.T.);
#4140=ADVANCED_FACE('',(#522),#3944,.F.);
#4141=ADVANCED_FACE('',(#523),#30,.T.);
#4142=ADVANCED_FACE('',(#524),#133,.T.);
#4143=ADVANCED_FACE('',(#525),#134,.T.);
#4144=ADVANCED_FACE('',(#526),#25,.T.);
#4145=ADVANCED_FACE('',(#527),#3945,.F.);
#4146=ADVANCED_FACE('',(#528),#3946,.T.);
#4147=ADVANCED_FACE('',(#529),#31,.T.);
#4148=ADVANCED_FACE('',(#530),#135,.T.);
#4149=ADVANCED_FACE('',(#531),#32,.T.);
#4150=ADVANCED_FACE('',(#532),#136,.T.);
#4151=ADVANCED_FACE('',(#533),#137,.T.);
#4152=ADVANCED_FACE('',(#534),#26,.T.);
#4153=ADVANCED_FACE('',(#535),#138,.T.);
#4154=ADVANCED_FACE('',(#536),#139,.T.);
#4155=ADVANCED_FACE('',(#537),#3947,.F.);
#4156=ADVANCED_FACE('',(#538),#3948,.F.);
#4157=ADVANCED_FACE('',(#539),#3949,.F.);
#4158=ADVANCED_FACE('',(#540,#182,#183,#184,#185,#186,#187,#188,#189,#190),
#3950,.F.);
#4159=ADVANCED_FACE('',(#541),#140,.T.);
#4160=ADVANCED_FACE('',(#542),#141,.F.);
#4161=ADVANCED_FACE('',(#543),#3951,.F.);
#4162=ADVANCED_FACE('',(#544),#142,.F.);
#4163=ADVANCED_FACE('',(#545),#143,.F.);
#4164=ADVANCED_FACE('',(#546),#144,.T.);
#4165=ADVANCED_FACE('',(#547),#3952,.F.);
#4166=ADVANCED_FACE('',(#548),#145,.T.);
#4167=ADVANCED_FACE('',(#549),#146,.F.);
#4168=ADVANCED_FACE('',(#550),#147,.F.);
#4169=ADVANCED_FACE('',(#551),#3953,.F.);
#4170=ADVANCED_FACE('',(#552),#148,.F.);
#4171=ADVANCED_FACE('',(#553),#149,.F.);
#4172=ADVANCED_FACE('',(#554),#150,.T.);
#4173=ADVANCED_FACE('',(#555),#3954,.F.);
#4174=ADVANCED_FACE('',(#556),#151,.T.);
#4175=ADVANCED_FACE('',(#557),#152,.F.);
#4176=ADVANCED_FACE('',(#558),#3955,.T.);
#4177=ADVANCED_FACE('',(#559),#153,.F.);
#4178=ADVANCED_FACE('',(#560),#3956,.T.);
#4179=ADVANCED_FACE('',(#561),#154,.F.);
#4180=ADVANCED_FACE('',(#562),#3957,.T.);
#4181=ADVANCED_FACE('',(#563),#3958,.T.);
#4182=ADVANCED_FACE('',(#564),#3959,.T.);
#4183=ADVANCED_FACE('',(#565),#3960,.T.);
#4184=ADVANCED_FACE('',(#566),#3961,.T.);
#4185=ADVANCED_FACE('',(#567),#3962,.T.);
#4186=ADVANCED_FACE('',(#568),#3963,.T.);
#4187=ADVANCED_FACE('',(#569),#3964,.T.);
#4188=ADVANCED_FACE('',(#570),#3965,.T.);
#4189=ADVANCED_FACE('',(#571),#3966,.T.);
#4190=ADVANCED_FACE('',(#572),#3967,.T.);
#4191=ADVANCED_FACE('',(#573),#3968,.T.);
#4192=ADVANCED_FACE('',(#574),#3969,.T.);
#4193=ADVANCED_FACE('',(#575),#3970,.T.);
#4194=ADVANCED_FACE('',(#576),#3971,.T.);
#4195=ADVANCED_FACE('',(#577),#3972,.T.);
#4196=ADVANCED_FACE('',(#578),#3973,.T.);
#4197=ADVANCED_FACE('',(#579),#3974,.T.);
#4198=ADVANCED_FACE('',(#580),#3975,.T.);
#4199=ADVANCED_FACE('',(#581),#3976,.T.);
#4200=ADVANCED_FACE('',(#582),#3977,.F.);
#4201=ADVANCED_FACE('',(#583),#3978,.F.);
#4202=ADVANCED_FACE('',(#584),#155,.F.);
#4203=ADVANCED_FACE('',(#585),#156,.F.);
#4204=ADVANCED_FACE('',(#586),#157,.F.);
#4205=ADVANCED_FACE('',(#587),#158,.F.);
#4206=ADVANCED_FACE('',(#588,#191),#3979,.F.);
#4207=ADVANCED_FACE('',(#589,#192),#3980,.F.);
#4208=ADVANCED_FACE('',(#590,#193),#3981,.F.);
#4209=ADVANCED_FACE('',(#591,#194),#3982,.F.);
#4210=ADVANCED_FACE('',(#592),#159,.F.);
#4211=ADVANCED_FACE('',(#593),#160,.F.);
#4212=ADVANCED_FACE('',(#594),#161,.F.);
#4213=ADVANCED_FACE('',(#595),#162,.F.);
#4214=ADVANCED_FACE('',(#596),#3983,.F.);
#4215=ADVANCED_FACE('',(#597),#3984,.F.);
#4216=ADVANCED_FACE('',(#598),#3985,.F.);
#4217=ADVANCED_FACE('',(#599),#3986,.F.);
#4218=ADVANCED_FACE('',(#600),#3987,.F.);
#4219=ADVANCED_FACE('',(#601),#3988,.F.);
#4220=ADVANCED_FACE('',(#602),#3989,.F.);
#4221=ADVANCED_FACE('',(#603),#3990,.F.);
#4222=CLOSED_SHELL('',(#3991,#3992,#3993,#3994,#3995,#3996,#3997,#3998,
#3999,#4000,#4001,#4002,#4003,#4004,#4005,#4006,#4007,#4008,#4009,#4010,
#4011,#4012,#4013,#4014,#4015,#4016,#4017,#4018,#4019,#4020,#4021,#4022,
#4023,#4024,#4025,#4026,#4027,#4028,#4029,#4030,#4031,#4032,#4033,#4034,
#4035,#4036,#4037,#4038,#4039,#4040,#4041,#4042,#4043,#4044,#4045,#4046,
#4047,#4048,#4049,#4050,#4051,#4052,#4053,#4054,#4055,#4056,#4057,#4058,
#4059,#4060,#4061,#4062,#4063,#4064,#4065,#4066,#4067,#4068,#4069,#4070,
#4071,#4072,#4073,#4074,#4075,#4076,#4077,#4078,#4079,#4080,#4081,#4082,
#4083,#4084,#4085,#4086,#4087,#4088,#4089,#4090,#4091,#4092,#4093,#4094,
#4095,#4096,#4097,#4098,#4099,#4100,#4101,#4102,#4103,#4104,#4105,#4106,
#4107,#4108,#4109,#4110,#4111,#4112,#4113,#4114,#4115,#4116,#4117,#4118,
#4119,#4120,#4121,#4122,#4123,#4124,#4125,#4126,#4127,#4128,#4129,#4130,
#4131,#4132,#4133,#4134,#4135,#4136,#4137,#4138,#4139,#4140,#4141,#4142,
#4143,#4144,#4145,#4146,#4147,#4148,#4149,#4150,#4151,#4152,#4153,#4154,
#4155,#4156,#4157,#4158,#4159,#4160,#4161,#4162,#4163,#4164,#4165,#4166,
#4167,#4168,#4169,#4170,#4171,#4172,#4173,#4174,#4175,#4176,#4177,#4178,
#4179,#4180,#4181,#4182,#4183,#4184,#4185,#4186,#4187,#4188,#4189,#4190,
#4191,#4192,#4193,#4194,#4195,#4196,#4197,#4198,#4199,#4200,#4201,#4202,
#4203,#4204,#4205,#4206,#4207,#4208,#4209,#4210,#4211,#4212,#4213,#4214,
#4215,#4216,#4217,#4218,#4219,#4220,#4221));
#4223=DERIVED_UNIT_ELEMENT(#4225,1.);
#4224=DERIVED_UNIT_ELEMENT(#7254,-3.);
#4225=(
MASS_UNIT()
NAMED_UNIT(*)
SI_UNIT(.KILO.,.GRAM.)
);
#4226=DERIVED_UNIT((#4223,#4224));
#4227=MEASURE_REPRESENTATION_ITEM('density measure',
POSITIVE_RATIO_MEASURE(7850.),#4226);
#4228=PROPERTY_DEFINITION_REPRESENTATION(#4233,#4230);
#4229=PROPERTY_DEFINITION_REPRESENTATION(#4234,#4231);
#4230=REPRESENTATION('material name',(#4232),#7251);
#4231=REPRESENTATION('density',(#4227),#7251);
#4232=DESCRIPTIVE_REPRESENTATION_ITEM('Steel','Steel');
#4233=PROPERTY_DEFINITION('material property','material name',#7266);
#4234=PROPERTY_DEFINITION('material property','density of part',#7266);
#4235=AXIS2_PLACEMENT_3D('',#5938,#4671,#4672);
#4236=AXIS2_PLACEMENT_3D('',#5939,#4673,#4674);
#4237=AXIS2_PLACEMENT_3D('',#5940,#4675,#4676);
#4238=AXIS2_PLACEMENT_3D('',#5949,#4681,#4682);
#4239=AXIS2_PLACEMENT_3D('',#5955,#4686,#4687);
#4240=AXIS2_PLACEMENT_3D('',#5960,#4689,#4690);
#4241=AXIS2_PLACEMENT_3D('',#5964,#4692,#4693);
#4242=AXIS2_PLACEMENT_3D('',#5968,#4695,#4696);
#4243=AXIS2_PLACEMENT_3D('',#5971,#4698,#4699);
#4244=AXIS2_PLACEMENT_3D('',#5977,#4702,#4703);
#4245=AXIS2_PLACEMENT_3D('',#5981,#4705,#4706);
#4246=AXIS2_PLACEMENT_3D('',#5985,#4708,#4709);
#4247=AXIS2_PLACEMENT_3D('',#5993,#4713,#4714);
#4248=AXIS2_PLACEMENT_3D('',#5997,#4716,#4717);
#4249=AXIS2_PLACEMENT_3D('',#6001,#4719,#4720);
#4250=AXIS2_PLACEMENT_3D('',#6009,#4724,#4725);
#4251=AXIS2_PLACEMENT_3D('',#6013,#4727,#4728);
#4252=AXIS2_PLACEMENT_3D('',#6021,#4732,#4733);
#4253=AXIS2_PLACEMENT_3D('',#6025,#4735,#4736);
#4254=AXIS2_PLACEMENT_3D('',#6033,#4740,#4741);
#4255=AXIS2_PLACEMENT_3D('',#6037,#4743,#4744);
#4256=AXIS2_PLACEMENT_3D('',#6041,#4746,#4747);
#4257=AXIS2_PLACEMENT_3D('',#6049,#4751,#4752);
#4258=AXIS2_PLACEMENT_3D('',#6053,#4754,#4755);
#4259=AXIS2_PLACEMENT_3D('',#6057,#4757,#4758);
#4260=AXIS2_PLACEMENT_3D('',#6065,#4762,#4763);
#4261=AXIS2_PLACEMENT_3D('',#6068,#4765,#4766);
#4262=AXIS2_PLACEMENT_3D('',#6069,#4767,#4768);
#4263=AXIS2_PLACEMENT_3D('',#6075,#4772,#4773);
#4264=AXIS2_PLACEMENT_3D('',#6081,#4777,#4778);
#4265=AXIS2_PLACEMENT_3D('',#6087,#4782,#4783);
#4266=AXIS2_PLACEMENT_3D('',#6093,#4787,#4788);
#4267=AXIS2_PLACEMENT_3D('',#6102,#4793,#4794);
#4268=AXIS2_PLACEMENT_3D('',#6105,#4797,#4798);
#4269=AXIS2_PLACEMENT_3D('',#6111,#4802,#4803);
#4270=AXIS2_PLACEMENT_3D('',#6117,#4807,#4808);
#4271=AXIS2_PLACEMENT_3D('',#6126,#4813,#4814);
#4272=AXIS2_PLACEMENT_3D('',#6129,#4817,#4818);
#4273=AXIS2_PLACEMENT_3D('',#6138,#4823,#4824);
#4274=AXIS2_PLACEMENT_3D('',#6141,#4827,#4828);
#4275=AXIS2_PLACEMENT_3D('',#6144,#4829,#4830);
#4276=AXIS2_PLACEMENT_3D('',#6147,#4833,#4834);
#4277=AXIS2_PLACEMENT_3D('',#6151,#4837,#4838);
#4278=AXIS2_PLACEMENT_3D('',#6154,#4839,#4840);
#4279=AXIS2_PLACEMENT_3D('',#6157,#4843,#4844);
#4280=AXIS2_PLACEMENT_3D('',#6161,#4847,#4848);
#4281=AXIS2_PLACEMENT_3D('',#6164,#4849,#4850);
#4282=AXIS2_PLACEMENT_3D('',#6167,#4853,#4854);
#4283=AXIS2_PLACEMENT_3D('',#6171,#4857,#4858);
#4284=AXIS2_PLACEMENT_3D('',#6174,#4859,#4860);
#4285=AXIS2_PLACEMENT_3D('',#6177,#4863,#4864);
#4286=AXIS2_PLACEMENT_3D('',#6181,#4867,#4868);
#4287=AXIS2_PLACEMENT_3D('',#6183,#4869,#4870);
#4288=AXIS2_PLACEMENT_3D('',#6185,#4872,#4873);
#4289=AXIS2_PLACEMENT_3D('',#6189,#4876,#4877);
#4290=AXIS2_PLACEMENT_3D('',#6192,#4878,#4879);
#4291=AXIS2_PLACEMENT_3D('',#6195,#4882,#4883);
#4292=AXIS2_PLACEMENT_3D('',#6199,#4886,#4887);
#4293=AXIS2_PLACEMENT_3D('',#6202,#4888,#4889);
#4294=AXIS2_PLACEMENT_3D('',#6205,#4892,#4893);
#4295=AXIS2_PLACEMENT_3D('',#6209,#4896,#4897);
#4296=AXIS2_PLACEMENT_3D('',#6212,#4898,#4899);
#4297=AXIS2_PLACEMENT_3D('',#6215,#4902,#4903);
#4298=AXIS2_PLACEMENT_3D('',#6219,#4906,#4907);
#4299=AXIS2_PLACEMENT_3D('',#6222,#4908,#4909);
#4300=AXIS2_PLACEMENT_3D('',#6225,#4912,#4913);
#4301=AXIS2_PLACEMENT_3D('',#6229,#4916,#4917);
#4302=AXIS2_PLACEMENT_3D('',#6232,#4918,#4919);
#4303=AXIS2_PLACEMENT_3D('',#6235,#4922,#4923);
#4304=AXIS2_PLACEMENT_3D('',#6239,#4926,#4927);
#4305=AXIS2_PLACEMENT_3D('',#6241,#4928,#4929);
#4306=AXIS2_PLACEMENT_3D('',#6243,#4931,#4932);
#4307=AXIS2_PLACEMENT_3D('',#6250,#4936,#4937);
#4308=AXIS2_PLACEMENT_3D('',#6254,#4939,#4940);
#4309=AXIS2_PLACEMENT_3D('',#6262,#4944,#4945);
#4310=AXIS2_PLACEMENT_3D('',#6266,#4947,#4948);
#4311=AXIS2_PLACEMENT_3D('',#6277,#4955,#4956);
#4312=AXIS2_PLACEMENT_3D('',#6283,#4960,#4961);
#4313=AXIS2_PLACEMENT_3D('',#6292,#4967,#4968);
#4314=AXIS2_PLACEMENT_3D('',#6294,#4969,#4970);
#4315=AXIS2_PLACEMENT_3D('',#6296,#4971,#4972);
#4316=AXIS2_PLACEMENT_3D('',#6298,#4973,#4974);
#4317=AXIS2_PLACEMENT_3D('',#6300,#4975,#4976);
#4318=AXIS2_PLACEMENT_3D('',#6302,#4977,#4978);
#4319=AXIS2_PLACEMENT_3D('',#6304,#4979,#4980);
#4320=AXIS2_PLACEMENT_3D('',#6306,#4981,#4982);
#4321=AXIS2_PLACEMENT_3D('',#6308,#4983,#4984);
#4322=AXIS2_PLACEMENT_3D('',#6311,#4985,#4986);
#4323=AXIS2_PLACEMENT_3D('',#6315,#4988,#4989);
#4324=AXIS2_PLACEMENT_3D('',#6319,#4991,#4992);
#4325=AXIS2_PLACEMENT_3D('',#6323,#4994,#4995);
#4326=AXIS2_PLACEMENT_3D('',#6327,#4997,#4998);
#4327=AXIS2_PLACEMENT_3D('',#6331,#5000,#5001);
#4328=AXIS2_PLACEMENT_3D('',#6335,#5003,#5004);
#4329=AXIS2_PLACEMENT_3D('',#6339,#5006,#5007);
#4330=AXIS2_PLACEMENT_3D('',#6341,#5009,#5010);
#4331=AXIS2_PLACEMENT_3D('',#6344,#5013,#5014);
#4332=AXIS2_PLACEMENT_3D('',#6346,#5016,#5017);
#4333=AXIS2_PLACEMENT_3D('',#6349,#5020,#5021);
#4334=AXIS2_PLACEMENT_3D('',#6351,#5023,#5024);
#4335=AXIS2_PLACEMENT_3D('',#6354,#5027,#5028);
#4336=AXIS2_PLACEMENT_3D('',#6355,#5029,#5030);
#4337=AXIS2_PLACEMENT_3D('',#6358,#5031,#5032);
#4338=AXIS2_PLACEMENT_3D('',#6363,#5035,#5036);
#4339=AXIS2_PLACEMENT_3D('',#6365,#5037,#5038);
#4340=AXIS2_PLACEMENT_3D('',#6377,#5039,#5040);
#4341=AXIS2_PLACEMENT_3D('',#6378,#5041,#5042);
#4342=AXIS2_PLACEMENT_3D('',#6412,#5049,#5050);
#4343=AXIS2_PLACEMENT_3D('',#6416,#5053,#5054);
#4344=AXIS2_PLACEMENT_3D('',#6422,#5058,#5059);
#4345=AXIS2_PLACEMENT_3D('',#6425,#5060,#5061);
#4346=AXIS2_PLACEMENT_3D('',#6428,#5063,#5064);
#4347=AXIS2_PLACEMENT_3D('',#6430,#5065,#5066);
#4348=AXIS2_PLACEMENT_3D('',#6442,#5067,#5068);
#4349=AXIS2_PLACEMENT_3D('',#6443,#5069,#5070);
#4350=AXIS2_PLACEMENT_3D('',#6447,#5073,#5074);
#4351=AXIS2_PLACEMENT_3D('',#6451,#5076,#5077);
#4352=AXIS2_PLACEMENT_3D('',#6454,#5079,#5080);
#4353=AXIS2_PLACEMENT_3D('',#6455,#5081,#5082);
#4354=AXIS2_PLACEMENT_3D('',#6461,#5085,#5086);
#4355=AXIS2_PLACEMENT_3D('',#6465,#5089,#5090);
#4356=AXIS2_PLACEMENT_3D('',#6468,#5091,#5092);
#4357=AXIS2_PLACEMENT_3D('',#6472,#5094,#5095);
#4358=AXIS2_PLACEMENT_3D('',#6485,#5097,#5098);
#4359=AXIS2_PLACEMENT_3D('',#6486,#5099,#5100);
#4360=AXIS2_PLACEMENT_3D('',#6487,#5101,#5102);
#4361=AXIS2_PLACEMENT_3D('',#6488,#5103,#5104);
#4362=AXIS2_PLACEMENT_3D('',#6491,#5105,#5106);
#4363=AXIS2_PLACEMENT_3D('',#6505,#5109,#5110);
#4364=AXIS2_PLACEMENT_3D('',#6506,#5111,#5112);
#4365=AXIS2_PLACEMENT_3D('',#6507,#5113,#5114);
#4366=AXIS2_PLACEMENT_3D('',#6508,#5115,#5116);
#4367=AXIS2_PLACEMENT_3D('',#6511,#5117,#5118);
#4368=AXIS2_PLACEMENT_3D('',#6514,#5121,#5122);
#4369=AXIS2_PLACEMENT_3D('',#6521,#5126,#5127);
#4370=AXIS2_PLACEMENT_3D('',#6523,#5129,#5130);
#4371=AXIS2_PLACEMENT_3D('',#6526,#5132,#5133);
#4372=AXIS2_PLACEMENT_3D('',#6527,#5134,#5135);
#4373=AXIS2_PLACEMENT_3D('',#6531,#5138,#5139);
#4374=AXIS2_PLACEMENT_3D('',#6534,#5141,#5142);
#4375=AXIS2_PLACEMENT_3D('',#6535,#5143,#5144);
#4376=AXIS2_PLACEMENT_3D('',#6544,#5149,#5150);
#4377=AXIS2_PLACEMENT_3D('',#6546,#5152,#5153);
#4378=AXIS2_PLACEMENT_3D('',#6549,#5154,#5155);
#4379=AXIS2_PLACEMENT_3D('',#6553,#5157,#5158);
#4380=AXIS2_PLACEMENT_3D('',#6555,#5160,#5161);
#4381=AXIS2_PLACEMENT_3D('',#6561,#5165,#5166);
#4382=AXIS2_PLACEMENT_3D('',#6563,#5168,#5169);
#4383=AXIS2_PLACEMENT_3D('',#6566,#5170,#5171);
#4384=AXIS2_PLACEMENT_3D('',#6570,#5173,#5174);
#4385=AXIS2_PLACEMENT_3D('',#6572,#5176,#5177);
#4386=AXIS2_PLACEMENT_3D('',#6582,#5182,#5183);
#4387=AXIS2_PLACEMENT_3D('',#6590,#5187,#5188);
#4388=AXIS2_PLACEMENT_3D('',#6601,#5194,#5195);
#4389=AXIS2_PLACEMENT_3D('',#6609,#5199,#5200);
#4390=AXIS2_PLACEMENT_3D('',#6613,#5202,#5203);
#4391=AXIS2_PLACEMENT_3D('',#6617,#5205,#5206);
#4392=AXIS2_PLACEMENT_3D('',#6621,#5208,#5209);
#4393=AXIS2_PLACEMENT_3D('',#6625,#5211,#5212);
#4394=AXIS2_PLACEMENT_3D('',#6628,#5214,#5215);
#4395=AXIS2_PLACEMENT_3D('',#6633,#5218,#5219);
#4396=AXIS2_PLACEMENT_3D('',#6642,#5224,#5225);
#4397=AXIS2_PLACEMENT_3D('',#6645,#5227,#5228);
#4398=AXIS2_PLACEMENT_3D('',#6649,#5231,#5232);
#4399=AXIS2_PLACEMENT_3D('',#6653,#5234,#5235);
#4400=AXIS2_PLACEMENT_3D('',#6655,#5237,#5238);
#4401=AXIS2_PLACEMENT_3D('',#6659,#5241,#5242);
#4402=AXIS2_PLACEMENT_3D('',#6663,#5244,#5245);
#4403=AXIS2_PLACEMENT_3D('',#6665,#5247,#5248);
#4404=AXIS2_PLACEMENT_3D('',#6669,#5251,#5252);
#4405=AXIS2_PLACEMENT_3D('',#6671,#5253,#5254);
#4406=AXIS2_PLACEMENT_3D('',#6674,#5257,#5258);
#4407=AXIS2_PLACEMENT_3D('',#6676,#5260,#5261);
#4408=AXIS2_PLACEMENT_3D('',#6678,#5262,#5263);
#4409=AXIS2_PLACEMENT_3D('',#6680,#5265,#5266);
#4410=AXIS2_PLACEMENT_3D('',#6682,#5267,#5268);
#4411=AXIS2_PLACEMENT_3D('',#6684,#5270,#5271);
#4412=AXIS2_PLACEMENT_3D('',#6686,#5273,#5274);
#4413=AXIS2_PLACEMENT_3D('',#6688,#5275,#5276);
#4414=AXIS2_PLACEMENT_3D('',#6690,#5278,#5279);
#4415=AXIS2_PLACEMENT_3D('',#6692,#5281,#5282);
#4416=AXIS2_PLACEMENT_3D('',#6694,#5284,#5285);
#4417=AXIS2_PLACEMENT_3D('',#6697,#5288,#5289);
#4418=AXIS2_PLACEMENT_3D('',#6698,#5290,#5291);
#4419=AXIS2_PLACEMENT_3D('',#6700,#5293,#5294);
#4420=AXIS2_PLACEMENT_3D('',#6703,#5297,#5298);
#4421=AXIS2_PLACEMENT_3D('',#6704,#5299,#5300);
#4422=AXIS2_PLACEMENT_3D('',#6707,#5303,#5304);
#4423=AXIS2_PLACEMENT_3D('',#6708,#5305,#5306);
#4424=AXIS2_PLACEMENT_3D('',#6711,#5309,#5310);
#4425=AXIS2_PLACEMENT_3D('',#6713,#5312,#5313);
#4426=AXIS2_PLACEMENT_3D('',#6715,#5315,#5316);
#4427=AXIS2_PLACEMENT_3D('',#6717,#5318,#5319);
#4428=AXIS2_PLACEMENT_3D('',#6718,#5320,#5321);
#4429=AXIS2_PLACEMENT_3D('',#6719,#5322,#5323);
#4430=AXIS2_PLACEMENT_3D('',#6720,#5324,#5325);
#4431=AXIS2_PLACEMENT_3D('',#6722,#5327,#5328);
#4432=AXIS2_PLACEMENT_3D('',#6724,#5330,#5331);
#4433=AXIS2_PLACEMENT_3D('',#6725,#5332,#5333);
#4434=AXIS2_PLACEMENT_3D('',#6728,#5334,#5335);
#4435=AXIS2_PLACEMENT_3D('',#6730,#5336,#5337);
#4436=AXIS2_PLACEMENT_3D('',#6731,#5338,#5339);
#4437=AXIS2_PLACEMENT_3D('',#6732,#5340,#5341);
#4438=AXIS2_PLACEMENT_3D('',#6743,#5344,#5345);
#4439=AXIS2_PLACEMENT_3D('',#6746,#5346,#5347);
#4440=AXIS2_PLACEMENT_3D('',#6749,#5350,#5351);
#4441=AXIS2_PLACEMENT_3D('',#6758,#5352,#5353);
#4442=AXIS2_PLACEMENT_3D('',#6759,#5354,#5355);
#4443=AXIS2_PLACEMENT_3D('',#6760,#5356,#5357);
#4444=AXIS2_PLACEMENT_3D('',#6763,#5358,#5359);
#4445=AXIS2_PLACEMENT_3D('',#6765,#5360,#5361);
#4446=AXIS2_PLACEMENT_3D('',#6766,#5362,#5363);
#4447=AXIS2_PLACEMENT_3D('',#6767,#5364,#5365);
#4448=AXIS2_PLACEMENT_3D('',#6770,#5366,#5367);
#4449=AXIS2_PLACEMENT_3D('',#6772,#5368,#5369);
#4450=AXIS2_PLACEMENT_3D('',#6773,#5370,#5371);
#4451=AXIS2_PLACEMENT_3D('',#6774,#5372,#5373);
#4452=AXIS2_PLACEMENT_3D('',#6777,#5376,#5377);
#4453=AXIS2_PLACEMENT_3D('',#6780,#5378,#5379);
#4454=AXIS2_PLACEMENT_3D('',#6783,#5382,#5383);
#4455=AXIS2_PLACEMENT_3D('',#6786,#5384,#5385);
#4456=AXIS2_PLACEMENT_3D('',#6787,#5386,#5387);
#4457=AXIS2_PLACEMENT_3D('',#6788,#5388,#5389);
#4458=AXIS2_PLACEMENT_3D('',#6789,#5390,#5391);
#4459=AXIS2_PLACEMENT_3D('',#6792,#5394,#5395);
#4460=AXIS2_PLACEMENT_3D('',#6795,#5398,#5399);
#4461=AXIS2_PLACEMENT_3D('',#6798,#5401,#5402);
#4462=AXIS2_PLACEMENT_3D('',#6800,#5404,#5405);
#4463=AXIS2_PLACEMENT_3D('',#6801,#5406,#5407);
#4464=AXIS2_PLACEMENT_3D('',#6803,#5408,#5409);
#4465=AXIS2_PLACEMENT_3D('',#6806,#5411,#5412);
#4466=AXIS2_PLACEMENT_3D('',#6807,#5413,#5414);
#4467=AXIS2_PLACEMENT_3D('',#6808,#5415,#5416);
#4468=AXIS2_PLACEMENT_3D('',#6810,#5417,#5418);
#4469=AXIS2_PLACEMENT_3D('',#6813,#5420,#5421);
#4470=AXIS2_PLACEMENT_3D('',#6814,#5422,#5423);
#4471=AXIS2_PLACEMENT_3D('',#6815,#5424,#5425);
#4472=AXIS2_PLACEMENT_3D('',#6817,#5427,#5428);
#4473=AXIS2_PLACEMENT_3D('',#6818,#5429,#5430);
#4474=AXIS2_PLACEMENT_3D('',#6820,#5432,#5433);
#4475=AXIS2_PLACEMENT_3D('',#6822,#5435,#5436);
#4476=AXIS2_PLACEMENT_3D('',#6824,#5437,#5438);
#4477=AXIS2_PLACEMENT_3D('',#6827,#5440,#5441);
#4478=AXIS2_PLACEMENT_3D('',#6828,#5442,#5443);
#4479=AXIS2_PLACEMENT_3D('',#6830,#5444,#5445);
#4480=AXIS2_PLACEMENT_3D('',#6833,#5447,#5448);
#4481=AXIS2_PLACEMENT_3D('',#6834,#5449,#5450);
#4482=AXIS2_PLACEMENT_3D('',#6836,#5451,#5452);
#4483=AXIS2_PLACEMENT_3D('',#6839,#5454,#5455);
#4484=AXIS2_PLACEMENT_3D('',#6840,#5456,#5457);
#4485=AXIS2_PLACEMENT_3D('',#6842,#5458,#5459);
#4486=AXIS2_PLACEMENT_3D('',#6845,#5461,#5462);
#4487=AXIS2_PLACEMENT_3D('',#6846,#5463,#5464);
#4488=AXIS2_PLACEMENT_3D('',#6848,#5465,#5466);
#4489=AXIS2_PLACEMENT_3D('',#6849,#5467,#5468);
#4490=AXIS2_PLACEMENT_3D('',#6851,#5469,#5470);
#4491=AXIS2_PLACEMENT_3D('',#6852,#5471,#5472);
#4492=AXIS2_PLACEMENT_3D('',#6854,#5473,#5474);
#4493=AXIS2_PLACEMENT_3D('',#6855,#5475,#5476);
#4494=AXIS2_PLACEMENT_3D('',#6857,#5477,#5478);
#4495=AXIS2_PLACEMENT_3D('',#6858,#5479,#5480);
#4496=AXIS2_PLACEMENT_3D('',#6860,#5482,#5483);
#4497=AXIS2_PLACEMENT_3D('',#6862,#5485,#5486);
#4498=AXIS2_PLACEMENT_3D('',#6864,#5488,#5489);
#4499=AXIS2_PLACEMENT_3D('',#6866,#5491,#5492);
#4500=AXIS2_PLACEMENT_3D('',#6868,#5494,#5495);
#4501=AXIS2_PLACEMENT_3D('',#6869,#5496,#5497);
#4502=AXIS2_PLACEMENT_3D('',#6870,#5498,#5499);
#4503=AXIS2_PLACEMENT_3D('',#6871,#5500,#5501);
#4504=AXIS2_PLACEMENT_3D('',#6873,#5503,#5504);
#4505=AXIS2_PLACEMENT_3D('',#6874,#5505,#5506);
#4506=AXIS2_PLACEMENT_3D('',#6876,#5508,#5509);
#4507=AXIS2_PLACEMENT_3D('',#6877,#5510,#5511);
#4508=AXIS2_PLACEMENT_3D('',#6878,#5512,#5513);
#4509=AXIS2_PLACEMENT_3D('',#6886,#5517,#5518);
#4510=AXIS2_PLACEMENT_3D('',#6888,#5520,#5521);
#4511=AXIS2_PLACEMENT_3D('',#6893,#5524,#5525);
#4512=AXIS2_PLACEMENT_3D('',#6894,#5526,#5527);
#4513=AXIS2_PLACEMENT_3D('',#6898,#5529,#5530);
#4514=AXIS2_PLACEMENT_3D('',#6901,#5532,#5533);
#4515=AXIS2_PLACEMENT_3D('',#6902,#5534,#5535);
#4516=AXIS2_PLACEMENT_3D('',#6903,#5536,#5537);
#4517=AXIS2_PLACEMENT_3D('',#6919,#5542,#5543);
#4518=AXIS2_PLACEMENT_3D('',#6921,#5544,#5545);
#4519=AXIS2_PLACEMENT_3D('',#6923,#5546,#5547);
#4520=AXIS2_PLACEMENT_3D('',#6924,#5548,#5549);
#4521=AXIS2_PLACEMENT_3D('',#6927,#5551,#5552);
#4522=AXIS2_PLACEMENT_3D('',#6928,#5553,#5554);
#4523=AXIS2_PLACEMENT_3D('',#6930,#5556,#5557);
#4524=AXIS2_PLACEMENT_3D('',#6931,#5558,#5559);
#4525=AXIS2_PLACEMENT_3D('',#6932,#5560,#5561);
#4526=AXIS2_PLACEMENT_3D('',#6933,#5562,#5563);
#4527=AXIS2_PLACEMENT_3D('',#6935,#5564,#5565);
#4528=AXIS2_PLACEMENT_3D('',#6936,#5566,#5567);
#4529=AXIS2_PLACEMENT_3D('',#6937,#5568,#5569);
#4530=AXIS2_PLACEMENT_3D('',#6938,#5570,#5571);
#4531=AXIS2_PLACEMENT_3D('',#6939,#5572,#5573);
#4532=AXIS2_PLACEMENT_3D('',#6940,#5574,#5575);
#4533=AXIS2_PLACEMENT_3D('',#6942,#5577,#5578);
#4534=AXIS2_PLACEMENT_3D('',#6943,#5579,#5580);
#4535=AXIS2_PLACEMENT_3D('',#6944,#5581,#5582);
#4536=AXIS2_PLACEMENT_3D('',#6945,#5583,#5584);
#4537=AXIS2_PLACEMENT_3D('',#6946,#5585,#5586);
#4538=AXIS2_PLACEMENT_3D('',#6948,#5588,#5589);
#4539=AXIS2_PLACEMENT_3D('',#6950,#5590,#5591);
#4540=AXIS2_PLACEMENT_3D('',#6951,#5592,#5593);
#4541=AXIS2_PLACEMENT_3D('',#6952,#5594,#5595);
#4542=AXIS2_PLACEMENT_3D('',#6967,#5598,#5599);
#4543=AXIS2_PLACEMENT_3D('',#6969,#5600,#5601);
#4544=AXIS2_PLACEMENT_3D('',#6972,#5604,#5605);
#4545=AXIS2_PLACEMENT_3D('',#6973,#5606,#5607);
#4546=AXIS2_PLACEMENT_3D('',#6974,#5608,#5609);
#4547=AXIS2_PLACEMENT_3D('',#6975,#5610,#5611);
#4548=AXIS2_PLACEMENT_3D('',#6976,#5612,#5613);
#4549=AXIS2_PLACEMENT_3D('',#6977,#5614,#5615);
#4550=AXIS2_PLACEMENT_3D('',#6979,#5616,#5617);
#4551=AXIS2_PLACEMENT_3D('',#6980,#5618,#5619);
#4552=AXIS2_PLACEMENT_3D('',#6981,#5620,#5621);
#4553=AXIS2_PLACEMENT_3D('',#6983,#5623,#5624);
#4554=AXIS2_PLACEMENT_3D('',#6986,#5625,#5626);
#4555=AXIS2_PLACEMENT_3D('',#6988,#5627,#5628);
#4556=AXIS2_PLACEMENT_3D('',#6989,#5629,#5630);
#4557=AXIS2_PLACEMENT_3D('',#6990,#5631,#5632);
#4558=AXIS2_PLACEMENT_3D('',#6993,#5635,#5636);
#4559=AXIS2_PLACEMENT_3D('',#6995,#5637,#5638);
#4560=AXIS2_PLACEMENT_3D('',#6997,#5640,#5641);
#4561=AXIS2_PLACEMENT_3D('',#7000,#5642,#5643);
#4562=AXIS2_PLACEMENT_3D('',#7001,#5644,#5645);
#4563=AXIS2_PLACEMENT_3D('',#7002,#5646,#5647);
#4564=AXIS2_PLACEMENT_3D('',#7003,#5648,#5649);
#4565=AXIS2_PLACEMENT_3D('',#7006,#5652,#5653);
#4566=AXIS2_PLACEMENT_3D('',#7009,#5656,#5657);
#4567=AXIS2_PLACEMENT_3D('',#7010,#5658,#5659);
#4568=AXIS2_PLACEMENT_3D('',#7011,#5660,#5661);
#4569=AXIS2_PLACEMENT_3D('',#7012,#5662,#5663);
#4570=AXIS2_PLACEMENT_3D('',#7016,#5665,#5666);
#4571=AXIS2_PLACEMENT_3D('',#7018,#5667,#5668);
#4572=AXIS2_PLACEMENT_3D('',#7020,#5669,#5670);
#4573=AXIS2_PLACEMENT_3D('',#7024,#5672,#5673);
#4574=AXIS2_PLACEMENT_3D('',#7026,#5674,#5675);
#4575=AXIS2_PLACEMENT_3D('',#7028,#5676,#5677);
#4576=AXIS2_PLACEMENT_3D('',#7032,#5679,#5680);
#4577=AXIS2_PLACEMENT_3D('',#7034,#5681,#5682);
#4578=AXIS2_PLACEMENT_3D('',#7036,#5683,#5684);
#4579=AXIS2_PLACEMENT_3D('',#7040,#5686,#5687);
#4580=AXIS2_PLACEMENT_3D('',#7042,#5688,#5689);
#4581=AXIS2_PLACEMENT_3D('',#7044,#5690,#5691);
#4582=AXIS2_PLACEMENT_3D('',#7047,#5693,#5694);
#4583=AXIS2_PLACEMENT_3D('',#7049,#5695,#5696);
#4584=AXIS2_PLACEMENT_3D('',#7051,#5697,#5698);
#4585=AXIS2_PLACEMENT_3D('',#7052,#5699,#5700);
#4586=AXIS2_PLACEMENT_3D('',#7053,#5701,#5702);
#4587=AXIS2_PLACEMENT_3D('',#7057,#5704,#5705);
#4588=AXIS2_PLACEMENT_3D('',#7059,#5707,#5708);
#4589=AXIS2_PLACEMENT_3D('',#7063,#5711,#5712);
#4590=AXIS2_PLACEMENT_3D('',#7066,#5714,#5715);
#4591=AXIS2_PLACEMENT_3D('',#7067,#5716,#5717);
#4592=AXIS2_PLACEMENT_3D('',#7070,#5719,#5720);
#4593=AXIS2_PLACEMENT_3D('',#7071,#5721,#5722);
#4594=AXIS2_PLACEMENT_3D('',#7074,#5724,#5725);
#4595=AXIS2_PLACEMENT_3D('',#7075,#5726,#5727);
#4596=AXIS2_PLACEMENT_3D('',#7079,#5730,#5731);
#4597=AXIS2_PLACEMENT_3D('',#7082,#5733,#5734);
#4598=AXIS2_PLACEMENT_3D('',#7083,#5735,#5736);
#4599=AXIS2_PLACEMENT_3D('',#7086,#5738,#5739);
#4600=AXIS2_PLACEMENT_3D('',#7087,#5740,#5741);
#4601=AXIS2_PLACEMENT_3D('',#7090,#5743,#5744);
#4602=AXIS2_PLACEMENT_3D('',#7091,#5745,#5746);
#4603=AXIS2_PLACEMENT_3D('',#7095,#5749,#5750);
#4604=AXIS2_PLACEMENT_3D('',#7098,#5752,#5753);
#4605=AXIS2_PLACEMENT_3D('',#7099,#5754,#5755);
#4606=AXIS2_PLACEMENT_3D('',#7102,#5757,#5758);
#4607=AXIS2_PLACEMENT_3D('',#7103,#5759,#5760);
#4608=AXIS2_PLACEMENT_3D('',#7106,#5762,#5763);
#4609=AXIS2_PLACEMENT_3D('',#7107,#5764,#5765);
#4610=AXIS2_PLACEMENT_3D('',#7111,#5768,#5769);
#4611=AXIS2_PLACEMENT_3D('',#7114,#5771,#5772);
#4612=AXIS2_PLACEMENT_3D('',#7115,#5773,#5774);
#4613=AXIS2_PLACEMENT_3D('',#7116,#5775,#5776);
#4614=AXIS2_PLACEMENT_3D('',#7117,#5777,#5778);
#4615=AXIS2_PLACEMENT_3D('',#7118,#5779,#5780);
#4616=AXIS2_PLACEMENT_3D('',#7121,#5782,#5783);
#4617=AXIS2_PLACEMENT_3D('',#7122,#5784,#5785);
#4618=AXIS2_PLACEMENT_3D('',#7123,#5786,#5787);
#4619=AXIS2_PLACEMENT_3D('',#7126,#5789,#5790);
#4620=AXIS2_PLACEMENT_3D('',#7127,#5791,#5792);
#4621=AXIS2_PLACEMENT_3D('',#7128,#5793,#5794);
#4622=AXIS2_PLACEMENT_3D('',#7130,#5796,#5797);
#4623=AXIS2_PLACEMENT_3D('',#7131,#5798,#5799);
#4624=AXIS2_PLACEMENT_3D('',#7135,#5802,#5803);
#4625=AXIS2_PLACEMENT_3D('',#7141,#5807,#5808);
#4626=AXIS2_PLACEMENT_3D('',#7145,#5811,#5812);
#4627=AXIS2_PLACEMENT_3D('',#7149,#5815,#5816);
#4628=AXIS2_PLACEMENT_3D('',#7151,#5818,#5819);
#4629=AXIS2_PLACEMENT_3D('',#7152,#5820,#5821);
#4630=AXIS2_PLACEMENT_3D('',#7160,#5826,#5827);
#4631=AXIS2_PLACEMENT_3D('',#7165,#5831,#5832);
#4632=AXIS2_PLACEMENT_3D('',#7169,#5835,#5836);
#4633=AXIS2_PLACEMENT_3D('',#7171,#5838,#5839);
#4634=AXIS2_PLACEMENT_3D('',#7172,#5840,#5841);
#4635=AXIS2_PLACEMENT_3D('',#7178,#5845,#5846);
#4636=AXIS2_PLACEMENT_3D('',#7184,#5850,#5851);
#4637=AXIS2_PLACEMENT_3D('',#7189,#5855,#5856);
#4638=AXIS2_PLACEMENT_3D('',#7191,#5858,#5859);
#4639=AXIS2_PLACEMENT_3D('',#7192,#5860,#5861);
#4640=AXIS2_PLACEMENT_3D('',#7196,#5864,#5865);
#4641=AXIS2_PLACEMENT_3D('',#7198,#5867,#5868);
#4642=AXIS2_PLACEMENT_3D('',#7199,#5869,#5870);
#4643=AXIS2_PLACEMENT_3D('',#7202,#5872,#5873);
#4644=AXIS2_PLACEMENT_3D('',#7203,#5874,#5875);
#4645=AXIS2_PLACEMENT_3D('',#7206,#5877,#5878);
#4646=AXIS2_PLACEMENT_3D('',#7207,#5879,#5880);
#4647=AXIS2_PLACEMENT_3D('',#7210,#5882,#5883);
#4648=AXIS2_PLACEMENT_3D('',#7211,#5884,#5885);
#4649=AXIS2_PLACEMENT_3D('',#7214,#5887,#5888);
#4650=AXIS2_PLACEMENT_3D('',#7215,#5889,#5890);
#4651=AXIS2_PLACEMENT_3D('',#7217,#5891,#5892);
#4652=AXIS2_PLACEMENT_3D('',#7218,#5893,#5894);
#4653=AXIS2_PLACEMENT_3D('',#7220,#5895,#5896);
#4654=AXIS2_PLACEMENT_3D('',#7221,#5897,#5898);
#4655=AXIS2_PLACEMENT_3D('',#7223,#5899,#5900);
#4656=AXIS2_PLACEMENT_3D('',#7224,#5901,#5902);
#4657=AXIS2_PLACEMENT_3D('',#7226,#5903,#5904);
#4658=AXIS2_PLACEMENT_3D('',#7227,#5905,#5906);
#4659=AXIS2_PLACEMENT_3D('',#7229,#5908,#5909);
#4660=AXIS2_PLACEMENT_3D('',#7231,#5911,#5912);
#4661=AXIS2_PLACEMENT_3D('',#7233,#5914,#5915);
#4662=AXIS2_PLACEMENT_3D('',#7235,#5917,#5918);
#4663=AXIS2_PLACEMENT_3D('',#7236,#5919,#5920);
#4664=AXIS2_PLACEMENT_3D('',#7238,#5922,#5923);
#4665=AXIS2_PLACEMENT_3D('',#7239,#5924,#5925);
#4666=AXIS2_PLACEMENT_3D('',#7240,#5926,#5927);
#4667=AXIS2_PLACEMENT_3D('',#7242,#5929,#5930);
#4668=AXIS2_PLACEMENT_3D('',#7243,#5931,#5932);
#4669=AXIS2_PLACEMENT_3D('',#7245,#5934,#5935);
#4670=AXIS2_PLACEMENT_3D('',#7246,#5936,#5937);
#4671=DIRECTION('axis',(0.,0.,1.));
#4672=DIRECTION('refdir',(1.,0.,0.));
#4673=DIRECTION('axis',(0.,0.,1.));
#4674=DIRECTION('refdir',(1.,0.,0.));
#4675=DIRECTION('center_axis',(-2.82341329847169E-31,-1.,-3.29021422390577E-63));
#4676=DIRECTION('ref_axis',(1.,-2.80415399902782E-31,-1.22464679914735E-16));
#4677=DIRECTION('',(-1.,2.82341329847169E-31,1.22464679914735E-16));
#4678=DIRECTION('',(-5.23852944873328E-32,3.52285563367688E-63,1.));
#4679=DIRECTION('',(-1.,2.82341329847169E-31,-5.54667823983524E-32));
#4680=DIRECTION('',(5.23852944873328E-32,-3.52285563367688E-63,-1.));
#4681=DIRECTION('center_axis',(-5.23852944873328E-32,3.52285563367688E-63,
1.));
#4682=DIRECTION('ref_axis',(1.,-2.82341329847169E-31,5.54667823983524E-32));
#4683=DIRECTION('',(2.82341329847169E-31,1.,3.29021422390577E-63));
#4684=DIRECTION('',(-1.,2.80415399902782E-31,1.22464679914735E-16));
#4685=DIRECTION('',(-2.82341329847169E-31,-1.,-3.29021422390577E-63));
#4686=DIRECTION('center_axis',(1.22464679914735E-16,-1.01890826284717E-47,
1.));
#4687=DIRECTION('ref_axis',(2.02630736217893E-16,-1.,2.49761665622573E-48));
#4688=DIRECTION('',(-1.,-2.02630736217892E-16,1.22464679914735E-16));
#4689=DIRECTION('center_axis',(-1.22464679914735E-16,1.01890826284717E-47,
-1.));
#4690=DIRECTION('ref_axis',(-0.707106781186547,0.707106781186548,-1.44560289664734E-17));
#4691=DIRECTION('',(2.02630736217892E-16,-1.,2.49761665622573E-48));
#4692=DIRECTION('center_axis',(-1.22464679914735E-16,1.01890826284717E-47,
-1.));
#4693=DIRECTION('ref_axis',(-0.707106781186547,-0.707106781186548,1.44560289664734E-17));
#4694=DIRECTION('',(1.,2.02630736217893E-16,-1.22464679914735E-16));
#4695=DIRECTION('center_axis',(-1.22464679914735E-16,1.01890826284717E-47,
-1.));
#4696=DIRECTION('ref_axis',(0.707106781186579,-0.707106781186516,8.71576399210563E-33));
#4697=DIRECTION('',(-2.02630736217893E-16,1.,-2.49761665622573E-48));
#4698=DIRECTION('center_axis',(-1.22464679914735E-16,1.01890826284717E-47,
-1.));
#4699=DIRECTION('ref_axis',(0.707106781186568,0.707106781186527,1.44560289664734E-17));
#4700=DIRECTION('',(-2.82341329847169E-31,-1.,2.43877579579625E-47));
#4701=DIRECTION('',(2.82341329847169E-31,1.,-2.43877579579625E-47));
#4702=DIRECTION('center_axis',(1.22464679914735E-16,-1.01890826284717E-47,
1.));
#4703=DIRECTION('ref_axis',(0.707106781186447,-0.707106781186648,0.));
#4704=DIRECTION('',(-1.,-5.37958821377069E-16,1.22464679914735E-16));
#4705=DIRECTION('center_axis',(1.22464679914735E-16,-1.01890826284717E-47,
1.));
#4706=DIRECTION('ref_axis',(-0.707106781186447,-0.707106781186648,0.));
#4707=DIRECTION('',(-1.61510842741079E-15,1.,-1.99077483762088E-47));
#4708=DIRECTION('center_axis',(1.22464679914735E-16,-1.01890826284717E-47,
1.));
#4709=DIRECTION('ref_axis',(-0.707106781186648,0.707106781186447,0.));
#4710=DIRECTION('',(-1.,2.82341329847169E-31,1.22464679914735E-16));
#4711=DIRECTION('',(2.82341329847169E-31,1.,-2.43877579579625E-47));
#4712=DIRECTION('',(1.,-2.82341329847169E-31,-1.22464679914735E-16));
#4713=DIRECTION('center_axis',(1.22464679914735E-16,-1.01890826284717E-47,
1.));
#4714=DIRECTION('ref_axis',(-0.707106781186447,-0.707106781186648,0.));
#4715=DIRECTION('',(-1.61510842741079E-15,1.,-1.99077483762088E-47));
#4716=DIRECTION('center_axis',(1.22464679914735E-16,-1.01890826284717E-47,
1.));
#4717=DIRECTION('ref_axis',(-0.707106781186648,0.707106781186447,0.));
#4718=DIRECTION('',(1.,1.34489705344267E-16,-1.22464679914735E-16));
#4719=DIRECTION('center_axis',(1.22464679914735E-16,-1.01890826284717E-47,
1.));
#4720=DIRECTION('ref_axis',(0.707106781186648,0.707106781186447,0.));
#4721=DIRECTION('',(2.82341329847169E-31,1.,-2.43877579579625E-47));
#4722=DIRECTION('',(1.,-2.82341329847169E-31,-1.22464679914735E-16));
#4723=DIRECTION('',(-2.82341329847169E-31,-1.,2.43877579579625E-47));
#4724=DIRECTION('center_axis',(1.22464679914735E-16,-1.01890826284717E-47,
1.));
#4725=DIRECTION('ref_axis',(-0.707106781186648,0.707106781186447,0.));
#4726=DIRECTION('',(1.,1.34489705344267E-16,-1.22464679914735E-16));
#4727=DIRECTION('center_axis',(1.22464679914735E-16,-1.01890826284717E-47,
1.));
#4728=DIRECTION('ref_axis',(0.707106781186698,0.707106781186397,0.));
#4729=DIRECTION('',(1.4791141972894E-31,1.,-7.92484204436691E-48));
#4730=DIRECTION('',(1.,-1.46755861762307E-31,-1.22464679914735E-16));
#4731=DIRECTION('',(-1.4791141972894E-31,-1.,7.92484204436691E-48));
#4732=DIRECTION('center_axis',(1.22464679914735E-16,-1.01890826284717E-47,
1.));
#4733=DIRECTION('ref_axis',(-0.707106781186497,0.707106781186598,0.));
#4734=DIRECTION('',(1.,1.34489705344267E-16,-1.22464679914735E-16));
#4735=DIRECTION('center_axis',(1.22464679914735E-16,-1.01890826284717E-47,
1.));
#4736=DIRECTION('ref_axis',(0.707106781186673,0.707106781186422,0.));
#4737=DIRECTION('',(1.4791141972894E-31,1.,-7.92484204436691E-48));
#4738=DIRECTION('',(1.,-1.46755861762307E-31,-1.22464679914735E-16));
#4739=DIRECTION('',(-1.4791141972894E-31,-1.,7.92484204436691E-48));
#4740=DIRECTION('center_axis',(1.22464679914735E-16,-1.01890826284717E-47,
1.));
#4741=DIRECTION('ref_axis',(-0.707106781186472,0.707106781186623,0.));
#4742=DIRECTION('',(1.,1.34489705344267E-16,-1.22464679914735E-16));
#4743=DIRECTION('center_axis',(1.22464679914735E-16,-1.01890826284717E-47,
1.));
#4744=DIRECTION('ref_axis',(0.707106781186673,0.707106781186422,0.));
#4745=DIRECTION('',(6.05665660279049E-16,-1.,7.46540564107831E-48));
#4746=DIRECTION('center_axis',(1.22464679914735E-16,-1.01890826284717E-47,
1.));
#4747=DIRECTION('ref_axis',(0.707106781186472,-0.707106781186623,0.));
#4748=DIRECTION('',(1.,-1.46755861762307E-31,-1.22464679914735E-16));
#4749=DIRECTION('',(-1.4791141972894E-31,-1.,7.92484204436691E-48));
#4750=DIRECTION('',(-1.,1.46755861762307E-31,1.22464679914735E-16));
#4751=DIRECTION('center_axis',(1.22464679914735E-16,-1.01890826284717E-47,
1.));
#4752=DIRECTION('ref_axis',(0.707106781186472,0.707106781186623,0.));
#4753=DIRECTION('',(6.05665660279049E-16,-1.,7.46540564107831E-48));
#4754=DIRECTION('center_axis',(1.22464679914735E-16,-1.01890826284717E-47,
1.));
#4755=DIRECTION('ref_axis',(0.707106781186673,-0.707106781186422,0.));
#4756=DIRECTION('',(-1.,-5.37958821377069E-16,1.22464679914735E-16));
#4757=DIRECTION('center_axis',(1.22464679914735E-16,-1.01890826284717E-47,
1.));
#4758=DIRECTION('ref_axis',(-0.707106781186648,-0.707106781186447,0.));
#4759=DIRECTION('',(-2.82341329847169E-31,-1.,2.43877579579625E-47));
#4760=DIRECTION('',(-1.,2.82341329847169E-31,1.22464679914735E-16));
#4761=DIRECTION('',(2.82341329847169E-31,1.,-2.43877579579625E-47));
#4762=DIRECTION('center_axis',(1.22464679914735E-16,-1.01890826284717E-47,
1.));
#4763=DIRECTION('ref_axis',(0.707106781186447,-0.707106781186648,0.));
#4764=DIRECTION('',(-1.,-5.37958821377069E-16,1.22464679914735E-16));
#4765=DIRECTION('center_axis',(1.22464679914735E-16,-1.01890826284717E-47,
1.));
#4766=DIRECTION('ref_axis',(-0.707106781186447,-0.707106781186648,0.));
#4767=DIRECTION('center_axis',(2.82341329847169E-31,1.,3.29021422390577E-63));
#4768=DIRECTION('ref_axis',(-1.,2.80415399902782E-31,1.22464679914735E-16));
#4769=DIRECTION('',(-5.23852944873328E-32,3.52285563367688E-63,1.));
#4770=DIRECTION('',(1.,-2.82341329847169E-31,5.54667823983524E-32));
#4771=DIRECTION('',(5.23852944873328E-32,-3.52285563367688E-63,-1.));
#4772=DIRECTION('center_axis',(-5.23852944873328E-32,3.52285563367688E-63,
1.));
#4773=DIRECTION('ref_axis',(1.,-2.82341329847169E-31,5.54667823983524E-32));
#4774=DIRECTION('',(-2.82341329847169E-31,-1.,-3.29021422390577E-63));
#4775=DIRECTION('',(1.,-2.80415399902782E-31,-1.22464679914735E-16));
#4776=DIRECTION('',(2.82341329847169E-31,1.,3.29021422390577E-63));
#4777=DIRECTION('center_axis',(1.,-1.4791141972894E-31,4.00593428432545E-32));
#4778=DIRECTION('ref_axis',(1.46755861762307E-31,1.,1.61899430065205E-63));
#4779=DIRECTION('',(-4.00593428432545E-32,2.49733431713483E-63,1.));
#4780=DIRECTION('',(-1.46755861762307E-31,-1.,-1.61899430065205E-63));
#4781=DIRECTION('',(4.00593428432545E-32,-2.49733431713483E-63,-1.));
#4782=DIRECTION('center_axis',(-4.00593428432545E-32,2.49733431713483E-63,
1.));
#4783=DIRECTION('ref_axis',(1.,-1.4791141972894E-31,4.00593428432545E-32));
#4784=DIRECTION('',(-1.,1.4482993181792E-31,1.22464679914735E-16));
#4785=DIRECTION('',(-1.46755861762307E-31,-1.,-1.61899430065205E-63));
#4786=DIRECTION('',(1.,-1.4482993181792E-31,-1.22464679914735E-16));
#4787=DIRECTION('center_axis',(-5.23852944873328E-32,3.52285563367688E-63,
1.));
#4788=DIRECTION('ref_axis',(1.,-2.82341329847169E-31,5.54667823983524E-32));
#4789=DIRECTION('',(-1.,2.82341329847169E-31,-5.54667823983524E-32));
#4790=DIRECTION('',(2.82341329847169E-31,1.,3.29021422390577E-63));
#4791=DIRECTION('',(-1.,2.80415399902782E-31,1.22464679914735E-16));
#4792=DIRECTION('',(-2.82341329847169E-31,-1.,-3.29021422390577E-63));
#4793=DIRECTION('center_axis',(-2.82341329847169E-31,-1.,-3.29021422390577E-63));
#4794=DIRECTION('ref_axis',(1.,-2.80415399902782E-31,-1.22464679914735E-16));
#4795=DIRECTION('',(-5.23852944873328E-32,3.52285563367688E-63,1.));
#4796=DIRECTION('',(5.23852944873328E-32,-3.52285563367688E-63,-1.));
#4797=DIRECTION('center_axis',(1.46755861762307E-31,1.,1.61899430065205E-63));
#4798=DIRECTION('ref_axis',(-1.,1.4482993181792E-31,1.22464679914735E-16));
#4799=DIRECTION('',(-4.00593428432545E-32,2.49733431713483E-63,1.));
#4800=DIRECTION('',(1.,-1.4791141972894E-31,4.00593428432545E-32));
#4801=DIRECTION('',(4.00593428432545E-32,-2.49733431713483E-63,-1.));
#4802=DIRECTION('center_axis',(-4.00593428432545E-32,2.49733431713483E-63,
1.));
#4803=DIRECTION('ref_axis',(1.,-1.4791141972894E-31,4.00593428432545E-32));
#4804=DIRECTION('',(-1.46755861762307E-31,-1.,-1.61899430065205E-63));
#4805=DIRECTION('',(1.,-1.4482993181792E-31,-1.22464679914735E-16));
#4806=DIRECTION('',(1.46755861762307E-31,1.,1.61899430065205E-63));
#4807=DIRECTION('center_axis',(-5.23852944873328E-32,3.52285563367688E-63,
1.));
#4808=DIRECTION('ref_axis',(1.,-2.82341329847169E-31,5.54667823983524E-32));
#4809=DIRECTION('',(2.82341329847169E-31,1.,3.29021422390577E-63));
#4810=DIRECTION('',(1.,-2.80415399902782E-31,-1.22464679914735E-16));
#4811=DIRECTION('',(2.82341329847169E-31,1.,3.29021422390577E-63));
#4812=DIRECTION('',(-1.,2.80415399902782E-31,1.22464679914735E-16));
#4813=DIRECTION('center_axis',(-1.,2.82341329847169E-31,-5.54667823983524E-32));
#4814=DIRECTION('ref_axis',(-2.82341329847169E-31,-1.,-3.29021422390577E-63));
#4815=DIRECTION('',(-5.23852944873328E-32,3.52285563367688E-63,1.));
#4816=DIRECTION('',(5.23852944873328E-32,-3.52285563367688E-63,-1.));
#4817=DIRECTION('center_axis',(-4.00593428432545E-32,2.49733431713483E-63,
1.));
#4818=DIRECTION('ref_axis',(1.,-1.4791141972894E-31,4.00593428432545E-32));
#4819=DIRECTION('',(1.,-1.4791141972894E-31,4.00593428432545E-32));
#4820=DIRECTION('',(-1.46755861762307E-31,-1.,-1.61899430065205E-63));
#4821=DIRECTION('',(1.,1.77635683940023E-14,-1.22464679914735E-16));
#4822=DIRECTION('',(1.46755861762307E-31,1.,1.61899430065205E-63));
#4823=DIRECTION('center_axis',(1.46755861762307E-31,1.,1.61899430065205E-63));
#4824=DIRECTION('ref_axis',(-1.,1.4482993181792E-31,1.22464679914735E-16));
#4825=DIRECTION('',(-4.00593428432545E-32,2.49733431713483E-63,1.));
#4826=DIRECTION('',(4.00593428432545E-32,-2.49733431713483E-63,-1.));
#4827=DIRECTION('center_axis',(4.93038065763132E-32,-5.61662832161692E-63,
-1.));
#4828=DIRECTION('ref_axis',(0.707106781186472,0.707106781186623,0.));
#4829=DIRECTION('center_axis',(1.22464679914735E-16,-1.01890826284717E-47,
1.));
#4830=DIRECTION('ref_axis',(0.707106781186472,0.707106781186623,0.));
#4831=DIRECTION('',(-4.93038065763132E-32,5.61662832161692E-63,1.));
#4832=DIRECTION('',(4.93038065763132E-32,-5.61662832161692E-63,-1.));
#4833=DIRECTION('center_axis',(1.,6.05665660279049E-16,4.93038065763132E-32));
#4834=DIRECTION('ref_axis',(6.05665660279049E-16,-1.,7.46540564107831E-48));
#4835=DIRECTION('',(6.05665660279049E-16,-1.,7.46540564107831E-48));
#4836=DIRECTION('',(4.93038065763132E-32,1.98925632563973E-47,-1.));
#4837=DIRECTION('center_axis',(4.93038065763132E-32,-5.61662832161692E-63,
-1.));
#4838=DIRECTION('ref_axis',(0.707106781186472,-0.707106781186623,0.));
#4839=DIRECTION('center_axis',(1.22464679914735E-16,-1.01890826284717E-47,
1.));
#4840=DIRECTION('ref_axis',(0.707106781186472,-0.707106781186623,0.));
#4841=DIRECTION('',(-4.93038065763132E-32,5.61662832161692E-63,1.));
#4842=DIRECTION('',(4.93038065763132E-32,-5.61662832161692E-63,-1.));
#4843=DIRECTION('center_axis',(-1.46755861762307E-31,-1.,-1.61899430065205E-63));
#4844=DIRECTION('ref_axis',(-1.,1.4482993181792E-31,1.22464679914735E-16));
#4845=DIRECTION('',(-1.,1.4482993181792E-31,1.22464679914735E-16));
#4846=DIRECTION('',(4.00593428432545E-32,-2.49733431713483E-63,-1.));
#4847=DIRECTION('center_axis',(5.54667823983524E-32,2.32079904657969E-47,
-1.));
#4848=DIRECTION('ref_axis',(-0.707106781186648,-0.707106781186447,0.));
#4849=DIRECTION('center_axis',(1.22464679914735E-16,-1.01890826284717E-47,
1.));
#4850=DIRECTION('ref_axis',(-0.707106781186648,-0.707106781186447,0.));
#4851=DIRECTION('',(-5.54667823983524E-32,-2.32079904657969E-47,1.));
#4852=DIRECTION('',(5.54667823983524E-32,2.32079904657969E-47,-1.));
#4853=DIRECTION('center_axis',(-1.,2.82341329847169E-31,-5.54667823983524E-32));
#4854=DIRECTION('ref_axis',(2.82341329847169E-31,1.,3.29021422390577E-63));
#4855=DIRECTION('',(2.82341329847169E-31,1.,3.29021422390577E-63));
#4856=DIRECTION('',(5.23852944873328E-32,-3.52285563367688E-63,-1.));
#4857=DIRECTION('center_axis',(5.54667823983524E-32,2.32079904657969E-47,
-1.));
#4858=DIRECTION('ref_axis',(0.707106781186447,-0.707106781186648,0.));
#4859=DIRECTION('center_axis',(1.22464679914735E-16,-1.01890826284717E-47,
1.));
#4860=DIRECTION('ref_axis',(0.707106781186447,-0.707106781186648,0.));
#4861=DIRECTION('',(-5.54667823983524E-32,-2.32079904657969E-47,1.));
#4862=DIRECTION('',(5.54667823983524E-32,2.32079904657969E-47,-1.));
#4863=DIRECTION('center_axis',(5.37958821377069E-16,-1.,6.63085441879911E-48));
#4864=DIRECTION('ref_axis',(-1.,-5.37958821377069E-16,1.22464679914735E-16));
#4865=DIRECTION('',(-1.,-5.37958821377069E-16,1.22464679914735E-16));
#4866=DIRECTION('',(5.54667823983524E-32,2.32079904657969E-47,-1.));
#4867=DIRECTION('center_axis',(5.54667823983524E-32,2.32079904657969E-47,
-1.));
#4868=DIRECTION('ref_axis',(-0.707106781186447,-0.707106781186648,0.));
#4869=DIRECTION('center_axis',(1.22464679914735E-16,-1.01890826284717E-47,
1.));
#4870=DIRECTION('ref_axis',(-0.707106781186447,-0.707106781186648,0.));
#4871=DIRECTION('',(-5.54667823983524E-32,-2.32079904657969E-47,1.));
#4872=DIRECTION('center_axis',(-1.,2.82341329847169E-31,-5.54667823983524E-32));
#4873=DIRECTION('ref_axis',(2.82341329847169E-31,1.,3.29021422390577E-63));
#4874=DIRECTION('',(2.82341329847169E-31,1.,3.29021422390577E-63));
#4875=DIRECTION('',(5.23852944873328E-32,-3.52285563367688E-63,-1.));
#4876=DIRECTION('center_axis',(5.54667823983524E-32,2.32079904657969E-47,
-1.));
#4877=DIRECTION('ref_axis',(0.707106781186447,-0.707106781186648,0.));
#4878=DIRECTION('center_axis',(1.22464679914735E-16,-1.01890826284717E-47,
1.));
#4879=DIRECTION('ref_axis',(0.707106781186447,-0.707106781186648,0.));
#4880=DIRECTION('',(-5.54667823983524E-32,-2.32079904657969E-47,1.));
#4881=DIRECTION('',(5.54667823983524E-32,2.32079904657969E-47,-1.));
#4882=DIRECTION('center_axis',(5.37958821377069E-16,-1.,6.63085441879911E-48));
#4883=DIRECTION('ref_axis',(-1.,-5.37958821377069E-16,1.22464679914735E-16));
#4884=DIRECTION('',(-1.,-5.37958821377069E-16,1.22464679914735E-16));
#4885=DIRECTION('',(6.16297582203915E-32,2.65234176751964E-47,-1.));
#4886=DIRECTION('center_axis',(6.16297582203915E-32,-1.41104136701991E-62,
-1.));
#4887=DIRECTION('ref_axis',(-0.707106781186447,-0.707106781186648,0.));
#4888=DIRECTION('center_axis',(1.22464679914735E-16,-1.01890826284717E-47,
1.));
#4889=DIRECTION('ref_axis',(-0.707106781186447,-0.707106781186648,0.));
#4890=DIRECTION('',(-6.16297582203915E-32,1.41104136701991E-62,1.));
#4891=DIRECTION('',(6.16297582203915E-32,-1.41104136701991E-62,-1.));
#4892=DIRECTION('center_axis',(-1.,-1.6151084274108E-15,-6.16297582203915E-32));
#4893=DIRECTION('ref_axis',(-1.61510842741079E-15,1.,-1.99077483762088E-47));
#4894=DIRECTION('',(-1.61510842741079E-15,1.,-1.99077483762088E-47));
#4895=DIRECTION('',(6.16297582203915E-32,6.6308544187991E-48,-1.));
#4896=DIRECTION('center_axis',(6.16297582203915E-32,-1.41104136701991E-62,
-1.));
#4897=DIRECTION('ref_axis',(-0.707106781186648,0.707106781186447,0.));
#4898=DIRECTION('center_axis',(1.22464679914735E-16,-1.01890826284717E-47,
1.));
#4899=DIRECTION('ref_axis',(-0.707106781186648,0.707106781186447,0.));
#4900=DIRECTION('',(-6.16297582203915E-32,1.41104136701991E-62,1.));
#4901=DIRECTION('',(6.16297582203915E-32,-1.41104136701991E-62,-1.));
#4902=DIRECTION('center_axis',(2.82341329847169E-31,1.,3.29021422390577E-63));
#4903=DIRECTION('ref_axis',(1.,-2.80415399902782E-31,-1.22464679914735E-16));
#4904=DIRECTION('',(1.,-2.80415399902782E-31,-1.22464679914735E-16));
#4905=DIRECTION('',(5.23852944873328E-32,-3.52285563367688E-63,-1.));
#4906=DIRECTION('center_axis',(5.54667823983524E-32,5.80199761644921E-48,
-1.));
#4907=DIRECTION('ref_axis',(0.707106781186648,0.707106781186447,0.));
#4908=DIRECTION('center_axis',(1.22464679914735E-16,-1.01890826284717E-47,
1.));
#4909=DIRECTION('ref_axis',(0.707106781186648,0.707106781186447,0.));
#4910=DIRECTION('',(-5.54667823983524E-32,-5.80199761644921E-48,1.));
#4911=DIRECTION('',(5.54667823983524E-32,5.80199761644921E-48,-1.));
#4912=DIRECTION('center_axis',(1.,-2.82341329847169E-31,5.54667823983524E-32));
#4913=DIRECTION('ref_axis',(-2.82341329847169E-31,-1.,-3.29021422390577E-63));
#4914=DIRECTION('',(-2.82341329847169E-31,-1.,-3.29021422390577E-63));
#4915=DIRECTION('',(5.23852944873328E-32,-3.52285563367688E-63,-1.));
#4916=DIRECTION('center_axis',(5.54667823983524E-32,5.80199761644922E-48,
-1.));
#4917=DIRECTION('ref_axis',(-0.707106781186648,0.707106781186447,0.));
#4918=DIRECTION('center_axis',(1.22464679914735E-16,-1.01890826284717E-47,
1.));
#4919=DIRECTION('ref_axis',(-0.707106781186648,0.707106781186447,0.));
#4920=DIRECTION('',(-5.54667823983524E-32,-5.80199761644922E-48,1.));
#4921=DIRECTION('',(5.54667823983524E-32,5.80199761644922E-48,-1.));
#4922=DIRECTION('center_axis',(-1.34489705344267E-16,1.,-1.65771360469978E-48));
#4923=DIRECTION('ref_axis',(1.,1.34489705344267E-16,-1.22464679914735E-16));
#4924=DIRECTION('',(1.,1.34489705344267E-16,-1.22464679914735E-16));
#4925=DIRECTION('',(4.00593428432545E-32,3.7298556105745E-48,-1.));
#4926=DIRECTION('center_axis',(4.00593428432545E-32,3.7298556105745E-48,
-1.));
#4927=DIRECTION('ref_axis',(0.707106781186698,0.707106781186397,0.));
#4928=DIRECTION('center_axis',(1.22464679914735E-16,-1.01890826284717E-47,
1.));
#4929=DIRECTION('ref_axis',(0.707106781186698,0.707106781186397,0.));
#4930=DIRECTION('',(-4.00593428432545E-32,-3.7298556105745E-48,1.));
#4931=DIRECTION('center_axis',(1.22464679914735E-16,-1.01890826284717E-47,
1.));
#4932=DIRECTION('ref_axis',(-1.,1.4482993181792E-31,1.22464679914735E-16));
#4933=DIRECTION('',(1.,-1.4482993181792E-31,-1.22464679914735E-16));
#4934=DIRECTION('',(-1.46755861762307E-31,-1.,-1.61899430065205E-63));
#4935=DIRECTION('',(6.05665660279049E-16,-1.,7.46540564107831E-48));
#4936=DIRECTION('center_axis',(1.22464679914735E-16,-1.01890826284717E-47,
1.));
#4937=DIRECTION('ref_axis',(0.707106781186673,0.707106781186422,0.));
#4938=DIRECTION('',(1.,1.34489705344267E-16,-1.22464679914735E-16));
#4939=DIRECTION('center_axis',(1.22464679914735E-16,-1.01890826284717E-47,
1.));
#4940=DIRECTION('ref_axis',(-0.707106781186472,0.707106781186623,0.));
#4941=DIRECTION('',(1.46755861762307E-31,1.,1.61899430065205E-63));
#4942=DIRECTION('',(1.,-1.4482993181792E-31,-1.22464679914735E-16));
#4943=DIRECTION('',(-1.46755861762307E-31,-1.,-1.61899430065205E-63));
#4944=DIRECTION('center_axis',(1.22464679914735E-16,-1.01890826284717E-47,
1.));
#4945=DIRECTION('ref_axis',(0.707106781186673,0.707106781186422,0.));
#4946=DIRECTION('',(1.,1.34489705344267E-16,-1.22464679914735E-16));
#4947=DIRECTION('center_axis',(1.22464679914735E-16,-1.01890826284717E-47,
1.));
#4948=DIRECTION('ref_axis',(-0.707106781186497,0.707106781186598,0.));
#4949=DIRECTION('',(1.46755861762307E-31,1.,1.61899430065205E-63));
#4950=DIRECTION('',(1.,1.77635683940023E-14,-1.22464679914735E-16));
#4951=DIRECTION('',(-1.46755861762307E-31,-1.,-1.61899430065205E-63));
#4952=DIRECTION('',(2.82341329847169E-31,1.,3.29021422390577E-63));
#4953=DIRECTION('',(1.,-2.80415399902782E-31,-1.22464679914735E-16));
#4954=DIRECTION('',(1.,1.34489705344267E-16,-1.22464679914735E-16));
#4955=DIRECTION('center_axis',(1.22464679914735E-16,-1.01890826284717E-47,
1.));
#4956=DIRECTION('ref_axis',(-0.707106781186648,0.707106781186447,0.));
#4957=DIRECTION('',(-1.,2.80415399902782E-31,1.22464679914735E-16));
#4958=DIRECTION('',(2.82341329847169E-31,1.,3.29021422390577E-63));
#4959=DIRECTION('',(-1.61510842741079E-15,1.,-1.99077483762088E-47));
#4960=DIRECTION('center_axis',(1.22464679914735E-16,-1.01890826284717E-47,
1.));
#4961=DIRECTION('ref_axis',(-0.707106781186447,-0.707106781186648,0.));
#4962=DIRECTION('',(-2.82341329847169E-31,-1.,-3.29021422390577E-63));
#4963=DIRECTION('',(-1.,2.80415399902782E-31,1.22464679914735E-16));
#4964=DIRECTION('',(-2.82341329847169E-31,-1.,-3.29021422390577E-63));
#4965=DIRECTION('',(-1.,2.80415399902782E-31,1.22464679914735E-16));
#4966=DIRECTION('',(-1.,-5.37958821377069E-16,1.22464679914735E-16));
#4967=DIRECTION('center_axis',(1.22464679914735E-16,-1.01890826284717E-47,
1.));
#4968=DIRECTION('ref_axis',(0.707106781186673,-0.707106781186422,0.));
#4969=DIRECTION('center_axis',(1.22464679914735E-16,-1.01890826284717E-47,
1.));
#4970=DIRECTION('ref_axis',(-1.,1.4980525084092E-31,-4.12149008098866E-32));
#4971=DIRECTION('center_axis',(1.22464679914735E-16,-1.01890826284717E-47,
1.));
#4972=DIRECTION('ref_axis',(-1.,1.4980525084092E-31,-4.12149008098866E-32));
#4973=DIRECTION('center_axis',(1.22464679914735E-16,-1.01890826284717E-47,
1.));
#4974=DIRECTION('ref_axis',(-1.,1.47397838410438E-31,-4.12149008098875E-32));
#4975=DIRECTION('center_axis',(1.22464679914735E-16,-1.01890826284717E-47,
1.));
#4976=DIRECTION('ref_axis',(-1.,1.47397838410438E-31,-4.12149008098875E-32));
#4977=DIRECTION('center_axis',(1.22464679914735E-16,-1.01890826284717E-47,
1.));
#4978=DIRECTION('ref_axis',(-1.,2.82614169922628E-31,-5.40544337724693E-32));
#4979=DIRECTION('center_axis',(1.22464679914735E-16,-1.01890826284717E-47,
1.));
#4980=DIRECTION('ref_axis',(-1.,2.83416640732783E-31,-5.40544337724681E-32));
#4981=DIRECTION('center_axis',(1.22464679914735E-16,-1.01890826284717E-47,
1.));
#4982=DIRECTION('ref_axis',(-1.,2.83416640732783E-31,-5.40544337724681E-32));
#4983=DIRECTION('center_axis',(1.22464679914735E-16,-1.01890826284717E-47,
1.));
#4984=DIRECTION('ref_axis',(-1.,2.81009228302293E-31,-5.40544337724668E-32));
#4985=DIRECTION('center_axis',(-1.22464679914735E-16,1.01890826284717E-47,
-1.));
#4986=DIRECTION('ref_axis',(0.707106781186447,0.707106781186648,0.));
#4987=DIRECTION('',(1.,2.02630736217893E-16,-1.22464679914735E-16));
#4988=DIRECTION('center_axis',(1.22464679914735E-16,-1.01890826284717E-47,
1.));
#4989=DIRECTION('ref_axis',(-0.707106781186447,-0.707106781186648,0.));
#4990=DIRECTION('',(2.02630736217892E-16,-1.,2.49761665622573E-48));
#4991=DIRECTION('center_axis',(1.22464679914735E-16,-1.01890826284717E-47,
1.));
#4992=DIRECTION('ref_axis',(-0.707106781186648,0.707106781186447,0.));
#4993=DIRECTION('',(-1.,-2.02630736217893E-16,1.22464679914735E-16));
#4994=DIRECTION('center_axis',(1.22464679914735E-16,-1.01890826284717E-47,
1.));
#4995=DIRECTION('ref_axis',(0.707106781186673,0.707106781186422,0.));
#4996=DIRECTION('',(-2.02630736217892E-16,1.,-2.49761665622573E-48));
#4997=DIRECTION('center_axis',(1.22464679914735E-16,-1.01890826284717E-47,
1.));
#4998=DIRECTION('ref_axis',(0.707106781186472,-0.707106781186623,0.));
#4999=DIRECTION('',(1.,2.02630736217893E-16,-1.22464679914735E-16));
#5000=DIRECTION('center_axis',(-1.22464679914735E-16,1.01890826284717E-47,
-1.));
#5001=DIRECTION('ref_axis',(-0.707106781186472,0.707106781186623,0.));
#5002=DIRECTION('',(-1.46755861762307E-31,-1.,-1.61899430065205E-63));
#5003=DIRECTION('center_axis',(1.22464679914735E-16,-1.01890826284717E-47,
1.));
#5004=DIRECTION('ref_axis',(0.707106781186673,-0.707106781186422,0.));
#5005=DIRECTION('',(-1.,1.4482993181792E-31,1.22464679914735E-16));
#5006=DIRECTION('center_axis',(1.22464679914735E-16,-1.01890826284717E-47,
1.));
#5007=DIRECTION('ref_axis',(-0.707106781186648,-0.707106781186447,0.));
#5008=DIRECTION('',(1.46755861762307E-31,1.,1.61899430065205E-63));
#5009=DIRECTION('center_axis',(4.00593428432545E-32,3.7298556105745E-48,
-1.));
#5010=DIRECTION('ref_axis',(-0.707106781186497,0.707106781186598,0.));
#5011=DIRECTION('',(-4.00593428432545E-32,-3.7298556105745E-48,1.));
#5012=DIRECTION('',(4.00593428432545E-32,3.7298556105745E-48,-1.));
#5013=DIRECTION('center_axis',(-1.,1.4791141972894E-31,-4.00593428432545E-32));
#5014=DIRECTION('ref_axis',(1.46755861762307E-31,1.,1.61899430065205E-63));
#5015=DIRECTION('',(4.00593428432545E-32,-2.49733431713483E-63,-1.));
#5016=DIRECTION('center_axis',(4.00593428432545E-32,3.7298556105745E-48,
-1.));
#5017=DIRECTION('ref_axis',(-0.707106781186472,0.707106781186623,0.));
#5018=DIRECTION('',(-4.00593428432545E-32,-3.7298556105745E-48,1.));
#5019=DIRECTION('',(4.00593428432545E-32,3.7298556105745E-48,-1.));
#5020=DIRECTION('center_axis',(-1.,1.4791141972894E-31,-4.00593428432545E-32));
#5021=DIRECTION('ref_axis',(1.46755861762307E-31,1.,1.61899430065205E-63));
#5022=DIRECTION('',(4.00593428432545E-32,-2.49733431713483E-63,-1.));
#5023=DIRECTION('center_axis',(4.00593428432545E-32,3.7298556105745E-48,
-1.));
#5024=DIRECTION('ref_axis',(0.707106781186673,0.707106781186422,0.));
#5025=DIRECTION('',(-4.00593428432545E-32,-3.7298556105745E-48,1.));
#5026=DIRECTION('',(4.00593428432545E-32,3.7298556105745E-48,-1.));
#5027=DIRECTION('center_axis',(-1.34489705344267E-16,1.,-1.65771360469978E-48));
#5028=DIRECTION('ref_axis',(1.,1.34489705344267E-16,-1.22464679914735E-16));
#5029=DIRECTION('center_axis',(-1.22464679914735E-16,-2.48151082518114E-32,
-1.));
#5030=DIRECTION('ref_axis',(-0.707106781186648,0.707106781186447,0.));
#5031=DIRECTION('center_axis',(1.22464679914735E-16,-1.01890826284718E-47,
1.));
#5032=DIRECTION('ref_axis',(-0.707106781186648,0.707106781186447,0.));
#5033=DIRECTION('',(1.22464679914735E-16,2.48151082518114E-32,1.));
#5034=DIRECTION('',(-1.22464679914735E-16,-2.48151082518114E-32,-1.));
#5035=DIRECTION('center_axis',(1.22464679914735E-16,-1.01890826284718E-47,
1.));
#5036=DIRECTION('ref_axis',(-0.707106781186648,0.707106781186447,0.));
#5037=DIRECTION('center_axis',(0.707106781186549,-5.88314069467105E-32,
0.707106781186546));
#5038=DIRECTION('ref_axis',(-0.707106781186546,4.90653893338679E-17,0.707106781186549));
#5039=DIRECTION('center_axis',(2.25987810819426E-16,-0.662620048215739,
0.748955720789001));
#5040=DIRECTION('ref_axis',(5.19692428527924E-17,0.748955720789001,0.662620048215739));
#5041=DIRECTION('center_axis',(2.02630736217893E-16,-1.,2.49761665622573E-48));
#5042=DIRECTION('ref_axis',(-1.22464679914735E-16,1.01890826284717E-47,
-1.));
#5043=DIRECTION('',(1.,2.02630736217893E-16,-1.22464679914736E-16));
#5044=DIRECTION('',(1.58474342582007E-13,-1.31850928135772E-44,-1.));
#5045=DIRECTION('',(1.,2.05732367344628E-16,-9.72039215268097E-17));
#5046=DIRECTION('',(4.00593428432545E-32,-2.49733431713483E-63,-1.));
#5047=DIRECTION('',(1.,2.02630736217893E-16,-1.22464679914736E-16));
#5048=DIRECTION('',(-1.22464679914735E-16,-2.48151082518114E-32,-1.));
#5049=DIRECTION('center_axis',(1.22464679914735E-16,-1.01890826284718E-47,
1.));
#5050=DIRECTION('ref_axis',(-2.02630736217892E-16,1.,-2.49761665622573E-48));
#5051=DIRECTION('',(-1.,-2.02630736217892E-16,1.22464679914736E-16));
#5052=DIRECTION('',(-1.86634385261095E-14,1.,-2.30044640785054E-46));
#5053=DIRECTION('center_axis',(2.25987810819426E-16,-0.662620048215739,
0.748955720789001));
#5054=DIRECTION('ref_axis',(1.,-1.4482993181792E-31,-3.01737211622277E-16));
#5055=DIRECTION('',(-0.552362665720227,0.624332420299385,0.552362665720228));
#5056=DIRECTION('',(1.,2.02630736217893E-16,-1.22464679914736E-16));
#5057=DIRECTION('',(-1.18986365576371E-13,0.748955720789001,0.662620048215739));
#5058=DIRECTION('center_axis',(-1.22464679914735E-16,-2.48151082518114E-32,
-1.));
#5059=DIRECTION('ref_axis',(0.707106781186673,0.707106781186422,0.));
#5060=DIRECTION('center_axis',(1.22464679914735E-16,-1.01890826284718E-47,
1.));
#5061=DIRECTION('ref_axis',(0.707106781186673,0.707106781186422,0.));
#5062=DIRECTION('',(1.22464679914735E-16,2.48151082518114E-32,1.));
#5063=DIRECTION('center_axis',(1.22464679914735E-16,-1.01890826284718E-47,
1.));
#5064=DIRECTION('ref_axis',(0.707106781186673,0.707106781186422,0.));
#5065=DIRECTION('center_axis',(2.25987810819426E-16,-0.662620048215739,
0.748955720789001));
#5066=DIRECTION('ref_axis',(1.03938485705585E-16,0.748955720789001,0.662620048215739));
#5067=DIRECTION('center_axis',(-0.707106781186549,1.38777878078145E-17,
0.707106781186546));
#5068=DIRECTION('ref_axis',(0.707106781186546,0.,0.707106781186548));
#5069=DIRECTION('center_axis',(-1.,-2.02630736217893E-16,1.22464679914735E-16));
#5070=DIRECTION('ref_axis',(-1.22464679914735E-16,1.01890826284717E-47,
-1.));
#5071=DIRECTION('',(2.02630736217892E-16,-1.,2.49761665622573E-48));
#5072=DIRECTION('',(-1.22464679914735E-16,-2.48151082518114E-32,-1.));
#5073=DIRECTION('center_axis',(1.22464679914735E-16,-1.01890826284718E-47,
1.));
#5074=DIRECTION('ref_axis',(-2.02630736217892E-16,1.,-2.49761665622573E-48));
#5075=DIRECTION('',(1.46755861762307E-31,1.,1.61899430065205E-63));
#5076=DIRECTION('center_axis',(1.22464679914735E-16,-1.01890826284718E-47,
1.));
#5077=DIRECTION('ref_axis',(0.121869343405147,-0.992546151641322,-1.24554437572415E-17));
#5078=DIRECTION('',(-1.,-2.02630736217894E-16,1.22464679914736E-16));
#5079=DIRECTION('center_axis',(1.22464679914735E-16,-1.01890826284718E-47,
1.));
#5080=DIRECTION('ref_axis',(0.707106781186472,-0.707106781186623,0.));
#5081=DIRECTION('center_axis',(-0.707106781186549,1.38777878078145E-17,
0.707106781186546));
#5082=DIRECTION('ref_axis',(0.707106781186546,-5.88314069467103E-32,0.707106781186549));
#5083=DIRECTION('',(0.552362665720227,0.624332420299385,0.552362665720228));
#5084=DIRECTION('',(-0.704456660303223,-0.0864964017104582,-0.704456660303225));
#5085=DIRECTION('center_axis',(-0.707106781186549,1.38777878078145E-17,
0.707106781186546));
#5086=DIRECTION('ref_axis',(0.696681577824781,0.171083483244717,0.696681577824783));
#5087=DIRECTION('',(-1.46755861762307E-31,-1.,-1.61899430065205E-63));
#5088=DIRECTION('',(-0.120974291151354,0.985256536015293,-0.120974291151355));
#5089=DIRECTION('center_axis',(1.59567599862519E-13,-0.121869343405148,
-0.992546151641322));
#5090=DIRECTION('ref_axis',(0.707106781186585,-0.701836114466136,0.0861746391406624));
#5091=DIRECTION('center_axis',(-1.00821039135586E-12,0.121869343405148,
0.992546151641322));
#5092=DIRECTION('ref_axis',(0.707106781186585,-0.701836114466136,0.0861746391406624));
#5093=DIRECTION('',(1.59567599862519E-13,-0.121869343405148,-0.992546151641322));
#5094=DIRECTION('center_axis',(1.52068767496628E-13,-0.121869343405136,
-0.992546151641324));
#5095=DIRECTION('ref_axis',(1.,0.,1.53210777398269E-13));
#5096=DIRECTION('',(-1.59567599862519E-13,0.121869343405148,0.992546151641322));
#5097=DIRECTION('center_axis',(-1.,0.,0.));
#5098=DIRECTION('ref_axis',(0.,-0.121869343404914,-0.992546151641351));
#5099=DIRECTION('center_axis',(-7.88839991547255E-16,-0.992546151641322,
0.121869343405148));
#5100=DIRECTION('ref_axis',(0.707106781186595,-0.086174639140527,-0.701836114466143));
#5101=DIRECTION('center_axis',(7.88839991547255E-16,0.992546151641322,-0.121869343405148));
#5102=DIRECTION('ref_axis',(0.707106781186595,-0.0861746391405269,-0.701836114466143));
#5103=DIRECTION('center_axis',(1.,-7.94764042198734E-16,3.69778549322349E-32));
#5104=DIRECTION('ref_axis',(0.,-0.788010753606768,-0.6156614753256));
#5105=DIRECTION('center_axis',(-1.,0.,0.));
#5106=DIRECTION('ref_axis',(0.,-0.121869343405201,-0.992546151641316));
#5107=DIRECTION('',(1.,-7.94764042198734E-16,4.84458998395775E-32));
#5108=DIRECTION('',(-1.,7.94764042198734E-16,-3.72514277712577E-32));
#5109=DIRECTION('center_axis',(-1.49864872315528E-13,0.121869343405142,
0.992546151641323));
#5110=DIRECTION('ref_axis',(-1.,0.,-1.5099033134903E-13));
#5111=DIRECTION('center_axis',(-7.88839991547255E-16,-0.992546151641322,
0.121869343405148));
#5112=DIRECTION('ref_axis',(-0.707106781186483,-0.0861746391405395,-0.701836114466254));
#5113=DIRECTION('center_axis',(7.88839991547255E-16,0.992546151641322,-0.121869343405148));
#5114=DIRECTION('ref_axis',(-0.707106781186483,-0.0861746391405395,-0.701836114466254));
#5115=DIRECTION('center_axis',(-1.59567599862519E-13,0.121869343405148,
0.992546151641322));
#5116=DIRECTION('ref_axis',(-0.707106781186398,-0.701836114466352,0.0861746391404386));
#5117=DIRECTION('center_axis',(-1.00821039135586E-12,0.121869343405148,
0.992546151641322));
#5118=DIRECTION('ref_axis',(-0.707106781186398,-0.701836114466352,0.0861746391404386));
#5119=DIRECTION('',(1.59567599862519E-13,-0.121869343405148,-0.992546151641322));
#5120=DIRECTION('',(-1.59567599862519E-13,0.121869343405148,0.992546151641322));
#5121=DIRECTION('center_axis',(1.,1.86634385261096E-14,1.58474342582007E-13));
#5122=DIRECTION('ref_axis',(-1.59567599862519E-13,0.121869343405148,0.992546151641322));
#5123=DIRECTION('',(7.88839991547257E-16,0.992546151641322,-0.121869343405148));
#5124=DIRECTION('',(-7.88839991547178E-16,-0.992546151641322,0.121869343405147));
#5125=DIRECTION('',(1.59567599862519E-13,-0.121869343405147,-0.992546151641322));
#5126=DIRECTION('center_axis',(1.,1.86634385261096E-14,1.58474342582007E-13));
#5127=DIRECTION('ref_axis',(-4.74333004183163E-14,-0.91347636199432,0.406891798980542));
#5128=DIRECTION('',(-2.46944747765762E-17,0.121869343405147,0.992546151641322));
#5129=DIRECTION('center_axis',(7.88839991547178E-16,0.992546151641322,-0.121869343405147));
#5130=DIRECTION('ref_axis',(-0.707106781186487,-0.0861746391405091,-0.701836114466254));
#5131=DIRECTION('',(7.88839991547178E-16,0.992546151641322,-0.121869343405147));
#5132=DIRECTION('center_axis',(-1.92805565238157E-14,-0.992546151641325,
0.121869343405123));
#5133=DIRECTION('ref_axis',(1.65389999250282E-32,-0.121869343405123,-0.992546151641325));
#5134=DIRECTION('center_axis',(9.68573719847806E-17,0.121869343405147,0.992546151641322));
#5135=DIRECTION('ref_axis',(2.16045047568847E-16,-0.992546151641322,0.121869343405147));
#5136=DIRECTION('',(-7.88839991547178E-16,-0.992546151641322,0.121869343405147));
#5137=DIRECTION('',(1.,2.02630736217893E-16,-1.22464679914735E-16));
#5138=DIRECTION('center_axis',(-7.88839991547178E-16,-0.992546151641322,
0.121869343405147));
#5139=DIRECTION('ref_axis',(0.707106781186596,-0.0861746391405224,-0.701836114466143));
#5140=DIRECTION('',(7.88839991547178E-16,0.992546151641322,-0.121869343405147));
#5141=DIRECTION('center_axis',(-1.92805565238298E-14,-0.992546151641314,
0.121869343405212));
#5142=DIRECTION('ref_axis',(1.,-8.32001735975286E-32,1.58206781009088E-13));
#5143=DIRECTION('center_axis',(-1.,-1.86634385261096E-14,-1.58474342582007E-13));
#5144=DIRECTION('ref_axis',(1.59567599862519E-13,-0.121869343405148,-0.992546151641322));
#5145=DIRECTION('',(-7.88839991547257E-16,-0.992546151641322,0.121869343405148));
#5146=DIRECTION('',(1.59567599862519E-13,-0.121869343405147,-0.992546151641322));
#5147=DIRECTION('',(1.18986365576371E-13,-0.748955720789001,-0.662620048215739));
#5148=DIRECTION('',(1.86634385261095E-14,-1.,2.30044640785054E-46));
#5149=DIRECTION('center_axis',(-1.,-1.86634385261096E-14,-1.58474342582007E-13));
#5150=DIRECTION('ref_axis',(-4.74333004183473E-14,-0.913476361994238,0.406891798980727));
#5151=DIRECTION('',(-1.59567599862519E-13,0.121869343405147,0.992546151641322));
#5152=DIRECTION('center_axis',(-5.05364017407211E-30,-0.121869343405147,
-0.992546151641322));
#5153=DIRECTION('ref_axis',(-0.707106781186642,0.701836114466093,-0.086174639140544));
#5154=DIRECTION('center_axis',(9.68573719847806E-17,0.121869343405147,0.992546151641322));
#5155=DIRECTION('ref_axis',(-0.707106781186642,0.701836114466093,-0.086174639140544));
#5156=DIRECTION('',(5.05364017407211E-30,0.121869343405147,0.992546151641322));
#5157=DIRECTION('center_axis',(-1.00821039135586E-12,0.121869343405148,
0.992546151641322));
#5158=DIRECTION('ref_axis',(-0.707106781186642,0.701836114466093,-0.086174639140544));
#5159=DIRECTION('',(-5.05364017407211E-30,-0.121869343405147,-0.992546151641322));
#5160=DIRECTION('center_axis',(-2.16045047568847E-16,0.992546151641322,
-0.121869343405147));
#5161=DIRECTION('ref_axis',(9.68573719847806E-17,0.121869343405147,0.992546151641322));
#5162=DIRECTION('',(1.,2.14434680545626E-16,-2.63292680931517E-17));
#5163=DIRECTION('',(1.,2.02630736217893E-16,-1.22464679914735E-16));
#5164=DIRECTION('',(-1.21551846761357E-16,-0.121869343405147,-0.992546151641322));
#5165=DIRECTION('center_axis',(2.16045047568847E-16,-0.992546151641322,
0.121869343405147));
#5166=DIRECTION('ref_axis',(-0.662620048215737,-0.0912747419320849,-0.743373118418877));
#5167=DIRECTION('',(1.,2.02630736217893E-16,-1.22464679914736E-16));
#5168=DIRECTION('center_axis',(5.05364017407211E-30,0.121869343405147,0.992546151641322));
#5169=DIRECTION('ref_axis',(0.707106781186391,0.701836114466345,-0.0861746391405508));
#5170=DIRECTION('center_axis',(9.68573719847806E-17,0.121869343405147,0.992546151641322));
#5171=DIRECTION('ref_axis',(0.707106781186391,0.701836114466345,-0.0861746391405508));
#5172=DIRECTION('',(5.05364017407211E-30,0.121869343405147,0.992546151641322));
#5173=DIRECTION('center_axis',(-1.00821039135586E-12,0.121869343405148,
0.992546151641322));
#5174=DIRECTION('ref_axis',(0.707106781186391,0.701836114466345,-0.0861746391405508));
#5175=DIRECTION('',(-5.05364017407211E-30,-0.121869343405147,-0.992546151641322));
#5176=DIRECTION('center_axis',(9.68573719847806E-17,0.121869343405147,0.992546151641322));
#5177=DIRECTION('ref_axis',(2.16045047568847E-16,-0.992546151641322,0.121869343405147));
#5178=DIRECTION('',(-7.88839991547255E-16,-0.992546151641322,0.121869343405147));
#5179=DIRECTION('',(-1.,7.94764042198734E-16,-1.23259516440783E-32));
#5180=DIRECTION('',(7.88839991547255E-16,0.992546151641322,-0.121869343405147));
#5181=DIRECTION('',(-1.,7.94764042177178E-16,2.64678857438787E-27));
#5182=DIRECTION('center_axis',(9.68573719847806E-17,0.121869343405147,0.992546151641322));
#5183=DIRECTION('ref_axis',(-0.707106781186349,0.701836114466303,-0.0861746391412458));
#5184=DIRECTION('',(-7.88839991546765E-16,-0.992546151641322,0.121869343405147));
#5185=DIRECTION('',(-1.,7.94764042198734E-16,-1.23259516440783E-32));
#5186=DIRECTION('',(7.88839991546765E-16,0.992546151641322,-0.121869343405147));
#5187=DIRECTION('center_axis',(9.68573719847806E-17,0.121869343405147,0.992546151641322));
#5188=DIRECTION('ref_axis',(0.707106781186636,0.701836114466186,-0.0861746391398458));
#5189=DIRECTION('',(-1.,7.94764042198735E-16,-6.16297582203915E-32));
#5190=DIRECTION('',(-7.88839991547255E-16,-0.992546151641322,0.121869343405147));
#5191=DIRECTION('',(-1.,7.94764042198734E-16,-1.23259516440783E-32));
#5192=DIRECTION('',(7.88839991547255E-16,0.992546151641322,-0.121869343405147));
#5193=DIRECTION('',(1.,2.02630736217893E-16,-1.22464679914735E-16));
#5194=DIRECTION('center_axis',(9.68573719847806E-17,0.121869343405147,0.992546151641322));
#5195=DIRECTION('ref_axis',(-0.707106781186592,0.701836114466143,-0.0861746391405502));
#5196=DIRECTION('',(1.492469013153E-17,-0.992546151641322,0.121869343405147));
#5197=DIRECTION('',(0.120974291151354,0.985256536015293,-0.120974291151355));
#5198=DIRECTION('',(-1.,-2.02630736217894E-16,1.22464679914736E-16));
#5199=DIRECTION('center_axis',(9.68573719847806E-17,0.121869343405147,0.992546151641322));
#5200=DIRECTION('ref_axis',(-1.58404966142323E-15,-0.992546151641322,0.121869343405147));
#5201=DIRECTION('',(1.,2.02630736217893E-16,-1.22464679914735E-16));
#5202=DIRECTION('center_axis',(-9.68573719847806E-17,-0.121869343405147,
-0.992546151641322));
#5203=DIRECTION('ref_axis',(1.58404966142323E-15,0.992546151641322,-0.121869343405147));
#5204=DIRECTION('',(1.48793413885235E-31,0.992546151641322,-0.121869343405147));
#5205=DIRECTION('center_axis',(9.68573719847806E-17,0.121869343405147,0.992546151641322));
#5206=DIRECTION('ref_axis',(-3.92568829135321E-15,-0.992546151641322,0.121869343405147));
#5207=DIRECTION('',(-1.,1.4791141972894E-31,9.75847539427891E-17));
#5208=DIRECTION('center_axis',(9.68573719847806E-17,0.121869343405147,0.992546151641322));
#5209=DIRECTION('ref_axis',(-8.95332417326171E-16,-0.992546151641322,0.121869343405147));
#5210=DIRECTION('',(-1.48793413885235E-31,-0.992546151641322,0.121869343405147));
#5211=DIRECTION('center_axis',(-9.68573719847806E-17,-0.121869343405147,
-0.992546151641322));
#5212=DIRECTION('ref_axis',(2.96148414961734E-15,0.992546151641322,-0.121869343405147));
#5213=DIRECTION('',(1.,2.02630736217893E-16,-1.22464679914735E-16));
#5214=DIRECTION('center_axis',(9.68573719847806E-17,0.121869343405147,0.992546151641322));
#5215=DIRECTION('ref_axis',(-2.96148414961734E-15,-0.992546151641322,0.121869343405147));
#5216=DIRECTION('',(0.120974291151354,-0.985256536015293,0.120974291151355));
#5217=DIRECTION('',(-1.49246901315302E-17,0.992546151641322,-0.121869343405147));
#5218=DIRECTION('center_axis',(9.68573719847806E-17,0.121869343405147,0.992546151641322));
#5219=DIRECTION('ref_axis',(0.707106781186418,0.701836114466322,-0.0861746391405228));
#5220=DIRECTION('',(-7.88839991547255E-16,-0.992546151641322,0.121869343405147));
#5221=DIRECTION('',(-1.,7.94764042198734E-16,-1.23259516440783E-32));
#5222=DIRECTION('',(7.88839991547255E-16,0.992546151641322,-0.121869343405147));
#5223=DIRECTION('',(1.,-7.94764042198734E-16,1.23259516440783E-32));
#5224=DIRECTION('center_axis',(-2.16045047568847E-16,0.992546151641322,
-0.121869343405147));
#5225=DIRECTION('ref_axis',(9.68573719847806E-17,0.121869343405147,0.992546151641322));
#5226=DIRECTION('',(1.,2.14434680545626E-16,-2.63292680931517E-17));
#5227=DIRECTION('center_axis',(2.16045047568847E-16,-0.992546151641322,
0.121869343405147));
#5228=DIRECTION('ref_axis',(0.662620048215737,-0.0912747419320847,-0.743373118418877));
#5229=DIRECTION('',(-0.704456660303223,0.0864964017104579,0.704456660303225));
#5230=DIRECTION('',(1.21551846761357E-16,0.121869343405147,0.992546151641322));
#5231=DIRECTION('center_axis',(1.00821039135586E-12,-0.121869343405159,
-0.992546151641321));
#5232=DIRECTION('ref_axis',(0.707106781186636,0.701836114466186,-0.0861746391398458));
#5233=DIRECTION('',(-1.00821039135586E-12,0.121869343405159,0.992546151641321));
#5234=DIRECTION('center_axis',(-1.00821039135586E-12,0.121869343405148,
0.992546151641322));
#5235=DIRECTION('ref_axis',(0.707106781186636,0.701836114466186,-0.0861746391398458));
#5236=DIRECTION('',(1.00821039135586E-12,-0.121869343405159,-0.992546151641321));
#5237=DIRECTION('center_axis',(1.,1.22086978310915E-13,1.00079147939687E-12));
#5238=DIRECTION('ref_axis',(-1.00821039135586E-12,0.121869343405148,0.992546151641322));
#5239=DIRECTION('',(1.00821039135586E-12,-0.121869343405148,-0.992546151641322));
#5240=DIRECTION('',(-7.88839991547255E-16,-0.992546151641322,0.121869343405148));
#5241=DIRECTION('center_axis',(-1.00821039135586E-12,0.121869343405159,
0.992546151641321));
#5242=DIRECTION('ref_axis',(-0.707106781186349,0.701836114466303,-0.0861746391412458));
#5243=DIRECTION('',(-1.00821039135586E-12,0.121869343405159,0.992546151641321));
#5244=DIRECTION('center_axis',(-1.00821039135586E-12,0.121869343405148,
0.992546151641322));
#5245=DIRECTION('ref_axis',(-0.707106781186349,0.701836114466303,-0.0861746391412458));
#5246=DIRECTION('',(1.00821039135586E-12,-0.121869343405159,-0.992546151641321));
#5247=DIRECTION('center_axis',(-7.88839991525535E-16,-0.992546151641321,
0.121869343405159));
#5248=DIRECTION('ref_axis',(1.,-2.46719953780402E-13,-2.00289994059331E-12));
#5249=DIRECTION('',(1.39046604170892E-29,0.121869343405159,0.992546151641321));
#5250=DIRECTION('',(1.,-2.46719953780402E-13,-2.00289994059331E-12));
#5251=DIRECTION('center_axis',(-1.22464679914735E-16,-2.48151082518114E-32,
-1.));
#5252=DIRECTION('ref_axis',(-0.707106781186447,-0.707106781186648,0.));
#5253=DIRECTION('center_axis',(1.22464679914735E-16,-1.01890826284718E-47,
1.));
#5254=DIRECTION('ref_axis',(-0.707106781186447,-0.707106781186648,0.));
#5255=DIRECTION('',(1.22464679914735E-16,2.48151082518114E-32,1.));
#5256=DIRECTION('',(-1.22464679914735E-16,-2.48151082518114E-32,-1.));
#5257=DIRECTION('center_axis',(1.,2.02630736217892E-16,-1.22464679914735E-16));
#5258=DIRECTION('ref_axis',(1.22464679914735E-16,-1.01890826284717E-47,
1.));
#5259=DIRECTION('',(-2.02630736217892E-16,1.,-2.49761665622573E-48));
#5260=DIRECTION('center_axis',(1.22464679914735E-16,-1.01890826284718E-47,
1.));
#5261=DIRECTION('ref_axis',(-2.02630736217892E-16,1.,-2.49761665622573E-48));
#5262=DIRECTION('center_axis',(1.22464679914735E-16,-1.01890826284718E-47,
1.));
#5263=DIRECTION('ref_axis',(-0.121869343405147,-0.992546151641322,9.32968054327431E-18));
#5264=DIRECTION('',(-2.82341329847169E-31,-1.,-3.29021422390577E-63));
#5265=DIRECTION('center_axis',(1.21551846761357E-16,0.121869343405147,0.992546151641322));
#5266=DIRECTION('ref_axis',(-0.707106781186592,0.701836114466143,-0.0861746391405502));
#5267=DIRECTION('center_axis',(0.707106781186549,-5.88314069467105E-32,
0.707106781186546));
#5268=DIRECTION('ref_axis',(-0.696681577824781,0.171083483244717,0.696681577824783));
#5269=DIRECTION('',(-1.21551846761357E-16,-0.121869343405147,-0.992546151641322));
#5270=DIRECTION('center_axis',(-0.552362665720227,0.624332420299385,0.552362665720228));
#5271=DIRECTION('ref_axis',(-0.404279993060104,0.378845226239428,-0.832486625578405));
#5272=DIRECTION('',(0.552362665720227,-0.624332420299385,-0.552362665720228));
#5273=DIRECTION('center_axis',(0.120974291151354,0.985256536015293,-0.120974291151355));
#5274=DIRECTION('ref_axis',(-0.383275568571561,-0.0660572676262359,-0.9212688402035));
#5275=DIRECTION('center_axis',(1.,-2.80415399902782E-31,-1.22464679914735E-16));
#5276=DIRECTION('ref_axis',(-2.19688909613118E-17,0.992546151641322,-0.121869343405147));
#5277=DIRECTION('',(-0.120974291151354,-0.985256536015293,0.120974291151355));
#5278=DIRECTION('center_axis',(6.16297582203915E-32,2.65234176751964E-47,
-1.));
#5279=DIRECTION('ref_axis',(-0.707106781186447,-0.707106781186648,0.));
#5280=DIRECTION('',(-6.16297582203915E-32,-2.65234176751964E-47,1.));
#5281=DIRECTION('center_axis',(6.16297582203915E-32,6.6308544187991E-48,
-1.));
#5282=DIRECTION('ref_axis',(-0.707106781186648,0.707106781186447,0.));
#5283=DIRECTION('',(-6.16297582203915E-32,-6.6308544187991E-48,1.));
#5284=DIRECTION('center_axis',(4.93038065763132E-32,4.97314081409933E-48,
-1.));
#5285=DIRECTION('ref_axis',(0.707106781186673,0.707106781186422,0.));
#5286=DIRECTION('',(-4.93038065763132E-32,-4.97314081409933E-48,1.));
#5287=DIRECTION('',(4.93038065763132E-32,4.97314081409933E-48,-1.));
#5288=DIRECTION('center_axis',(-1.34489705344267E-16,1.,-1.65771360469978E-48));
#5289=DIRECTION('ref_axis',(1.,1.34489705344267E-16,-1.22464679914735E-16));
#5290=DIRECTION('center_axis',(4.93038065763132E-32,1.98925632563973E-47,
-1.));
#5291=DIRECTION('ref_axis',(0.707106781186673,-0.707106781186422,0.));
#5292=DIRECTION('',(-4.93038065763132E-32,-1.98925632563973E-47,1.));
#5293=DIRECTION('center_axis',(4.00593428432545E-32,5.6196374765079E-48,
-1.));
#5294=DIRECTION('ref_axis',(0.707106781186447,0.707106781186648,0.));
#5295=DIRECTION('',(4.00593428432545E-32,5.6196374765079E-48,-1.));
#5296=DIRECTION('',(-4.00593428432545E-32,-5.6196374765079E-48,1.));
#5297=DIRECTION('center_axis',(-2.02630736217893E-16,1.,-2.49761665622573E-48));
#5298=DIRECTION('ref_axis',(1.22464679914735E-16,-1.01890826284717E-47,
1.));
#5299=DIRECTION('center_axis',(4.00593428432545E-32,-4.25994907994149E-63,
-1.));
#5300=DIRECTION('ref_axis',(-0.707106781186648,-0.707106781186447,0.));
#5301=DIRECTION('',(-4.00593428432545E-32,4.25994907994149E-63,1.));
#5302=DIRECTION('',(4.00593428432545E-32,-4.25994907994149E-63,-1.));
#5303=DIRECTION('center_axis',(-1.,1.4791141972894E-31,-4.00593428432545E-32));
#5304=DIRECTION('ref_axis',(4.00593428432545E-32,-2.49733431713483E-63,
-1.));
#5305=DIRECTION('center_axis',(-4.00593428432545E-32,4.25994907994149E-63,
1.));
#5306=DIRECTION('ref_axis',(0.707106781186673,-0.707106781186422,0.));
#5307=DIRECTION('',(-4.00593428432545E-32,4.25994907994149E-63,1.));
#5308=DIRECTION('',(4.00593428432545E-32,-4.25994907994149E-63,-1.));
#5309=DIRECTION('center_axis',(1.,-1.4791141972894E-31,4.00593428432545E-32));
#5310=DIRECTION('ref_axis',(-4.00593428432545E-32,2.49733431713483E-63,
1.));
#5311=DIRECTION('',(-4.00593428432545E-32,-5.6196374765079E-48,1.));
#5312=DIRECTION('center_axis',(-4.00593428432545E-32,-5.6196374765079E-48,
1.));
#5313=DIRECTION('ref_axis',(-0.707106781186472,0.707106781186623,0.));
#5314=DIRECTION('',(4.00593428432545E-32,5.6196374765079E-48,-1.));
#5315=DIRECTION('center_axis',(-1.22464679914735E-16,-2.48151082518114E-32,
-1.));
#5316=DIRECTION('ref_axis',(0.707106781186472,-0.707106781186623,0.));
#5317=DIRECTION('',(1.22464679914735E-16,2.48151082518114E-32,1.));
#5318=DIRECTION('center_axis',(-2.02630736217893E-16,1.,-2.49761665622573E-48));
#5319=DIRECTION('ref_axis',(1.22464679914735E-16,-1.01890826284717E-47,
1.));
#5320=DIRECTION('center_axis',(0.120974291151354,-0.985256536015293,0.120974291151355));
#5321=DIRECTION('ref_axis',(0.383275568571507,-0.0660572676259317,-0.921268840203544));
#5322=DIRECTION('center_axis',(-1.,1.4482993181792E-31,1.22464679914735E-16));
#5323=DIRECTION('ref_axis',(-2.19688909613116E-17,0.992546151641322,-0.121869343405147));
#5324=DIRECTION('center_axis',(-0.552362665720227,-0.624332420299385,-0.552362665720229));
#5325=DIRECTION('ref_axis',(0.404279993060038,0.378845226239442,-0.83248662557843));
#5326=DIRECTION('',(-0.552362665720227,-0.624332420299385,-0.552362665720229));
#5327=DIRECTION('center_axis',(1.21551846761357E-16,0.121869343405147,0.992546151641322));
#5328=DIRECTION('ref_axis',(0.707106781186418,0.701836114466322,-0.0861746391405228));
#5329=DIRECTION('',(1.21551846761357E-16,0.121869343405147,0.992546151641322));
#5330=DIRECTION('center_axis',(-1.,1.4482993181792E-31,1.22464679914735E-16));
#5331=DIRECTION('ref_axis',(1.22464679914735E-16,-1.01890826284718E-47,
1.));
#5332=DIRECTION('center_axis',(-0.335726876491118,-0.864469373970647,-0.374139233265258));
#5333=DIRECTION('ref_axis',(-0.577350269189625,0.502685489612325,-0.643408086054166));
#5334=DIRECTION('center_axis',(2.75486897638828E-15,-0.121869343405145,
-0.992546151641322));
#5335=DIRECTION('ref_axis',(2.30042424272805E-31,0.992546151641322,-0.121869343405145));
#5336=DIRECTION('center_axis',(-1.,2.24563431515552E-31,-5.23852944873328E-32));
#5337=DIRECTION('ref_axis',(2.77735912672871E-32,-0.121869343405124,-0.992546151641325));
#5338=DIRECTION('center_axis',(2.29701631151118E-31,0.992546151641325,-0.121869343405124));
#5339=DIRECTION('ref_axis',(-1.,2.24033800780848E-31,-5.40544337724693E-32));
#5340=DIRECTION('center_axis',(-2.16045047568847E-16,0.992546151641322,
-0.121869343405147));
#5341=DIRECTION('ref_axis',(-0.707106781186521,-0.0861746391405184,-0.701836114466218));
#5342=DIRECTION('',(-2.16045047568847E-16,0.992546151641322,-0.121869343405147));
#5343=DIRECTION('',(2.16045047568847E-16,-0.992546151641322,0.121869343405147));
#5344=DIRECTION('center_axis',(-9.68573719847806E-17,-0.121869343405147,
-0.992546151641322));
#5345=DIRECTION('ref_axis',(-0.707106781186509,0.701836114466228,-0.0861746391405366));
#5346=DIRECTION('center_axis',(2.67464286302789E-32,-0.121869343405143,
-0.992546151641323));
#5347=DIRECTION('ref_axis',(-1.,2.24033800780848E-31,-5.40544337724693E-32));
#5348=DIRECTION('',(-9.68573719847806E-17,-0.121869343405147,-0.992546151641322));
#5349=DIRECTION('',(9.68573719847806E-17,0.121869343405147,0.992546151641322));
#5350=DIRECTION('center_axis',(-1.,-2.02630736217892E-16,1.22464679914735E-16));
#5351=DIRECTION('ref_axis',(0.,0.,1.));
#5352=DIRECTION('center_axis',(1.,2.02630736217892E-16,-1.22464679914735E-16));
#5353=DIRECTION('ref_axis',(2.31296463463571E-16,-0.707106781186549,0.707106781186546));
#5354=DIRECTION('center_axis',(-1.,-2.02630736217892E-16,1.22464679914735E-16));
#5355=DIRECTION('ref_axis',(2.29877173280044E-16,-0.707106781186549,0.707106781186546));
#5356=DIRECTION('center_axis',(0.,0.,1.));
#5357=DIRECTION('ref_axis',(1.,0.,0.));
#5358=DIRECTION('center_axis',(-6.47630097698022E-15,5.38829365554598E-46,
-1.));
#5359=DIRECTION('ref_axis',(2.23632565375767E-31,1.,-1.44560289664737E-17));
#5360=DIRECTION('center_axis',(-1.,2.24563431515552E-31,-5.23852944873328E-32));
#5361=DIRECTION('ref_axis',(8.01515247287879E-32,0.121869343405125,-0.992546151641325));
#5362=DIRECTION('center_axis',(2.15892952593517E-31,0.992546151641325,0.121869343405124));
#5363=DIRECTION('ref_axis',(-1.,2.24033800780848E-31,-5.40544337724693E-32));
#5364=DIRECTION('center_axis',(0.,0.,1.));
#5365=DIRECTION('ref_axis',(1.,0.,0.));
#5366=DIRECTION('center_axis',(-1.,2.24563431515552E-31,-5.23852944873328E-32));
#5367=DIRECTION('ref_axis',(-2.23632565375767E-31,-1.,1.44560289664737E-17));
#5368=DIRECTION('center_axis',(5.2385294487333E-32,1.84574577843932E-15,
-1.));
#5369=DIRECTION('ref_axis',(-1.,2.24033800780848E-31,-5.40544337724693E-32));
#5370=DIRECTION('center_axis',(5.96725525032456E-14,-0.992546151641325,
0.121869343405124));
#5371=DIRECTION('ref_axis',(2.77735912672871E-32,-0.121869343405124,-0.992546151641325));
#5372=DIRECTION('center_axis',(-1.22464679914735E-16,1.01890826284717E-47,
-1.));
#5373=DIRECTION('ref_axis',(-0.707106781186547,-0.707106781186548,1.44560289664734E-17));
#5374=DIRECTION('',(-1.22464679914735E-16,1.01890826284718E-47,-1.));
#5375=DIRECTION('',(1.22464679914735E-16,-1.01890826284718E-47,1.));
#5376=DIRECTION('center_axis',(-2.16045047568847E-16,0.992546151641322,
-0.121869343405147));
#5377=DIRECTION('ref_axis',(-0.707106781186522,-0.0861746391405185,-0.701836114466218));
#5378=DIRECTION('center_axis',(-2.3033129433226E-31,-0.992546151641325,
0.121869343405121));
#5379=DIRECTION('ref_axis',(-1.,2.24033800780848E-31,-5.40544337724693E-32));
#5380=DIRECTION('',(2.16045047568847E-16,-0.992546151641322,0.121869343405147));
#5381=DIRECTION('',(-2.16045047568847E-16,0.992546151641322,-0.121869343405147));
#5382=DIRECTION('center_axis',(1.,2.02630736217892E-16,-1.22464679914735E-16));
#5383=DIRECTION('ref_axis',(0.,0.,-1.));
#5384=DIRECTION('center_axis',(-2.17433696549026E-31,-0.992546151641325,
-0.121869343405125));
#5385=DIRECTION('ref_axis',(-1.,2.24033800780848E-31,-5.40544337724693E-32));
#5386=DIRECTION('center_axis',(-1.,-2.02630736217892E-16,1.22464679914735E-16));
#5387=DIRECTION('ref_axis',(-1.22124532708767E-16,4.736951571734E-16,-1.));
#5388=DIRECTION('center_axis',(1.,2.02630736217892E-16,-1.22464679914735E-16));
#5389=DIRECTION('ref_axis',(-1.22464679914735E-16,4.62592926927148E-16,
-1.));
#5390=DIRECTION('center_axis',(-1.86195667305786E-16,0.992546151641322,
0.121869343405148));
#5391=DIRECTION('ref_axis',(-0.707106781186522,0.0861746391405186,-0.701836114466217));
#5392=DIRECTION('',(1.86195667305786E-16,-0.992546151641322,-0.121869343405148));
#5393=DIRECTION('',(-1.86195667305786E-16,0.992546151641322,0.121869343405148));
#5394=DIRECTION('center_axis',(-1.22464679914735E-16,1.01890826284717E-47,
-1.));
#5395=DIRECTION('ref_axis',(-0.707106781186547,0.707106781186548,-1.44560289664734E-17));
#5396=DIRECTION('',(-1.22464679914735E-16,1.01890826284718E-47,-1.));
#5397=DIRECTION('',(1.22464679914735E-16,-1.01890826284718E-47,1.));
#5398=DIRECTION('center_axis',(-1.,-1.01315368108945E-16,1.10024716928762E-16));
#5399=DIRECTION('ref_axis',(-2.38626262562237E-16,4.736951571734E-16,-1.));
#5400=DIRECTION('',(1.,1.01315368108945E-16,-1.10024716928762E-16));
#5401=DIRECTION('center_axis',(1.,2.02630736217892E-16,-1.22464679914735E-16));
#5402=DIRECTION('ref_axis',(-2.38626262562237E-16,4.736951571734E-16,-1.));
#5403=DIRECTION('',(-1.,-1.01315368108945E-16,1.10024716928762E-16));
#5404=DIRECTION('center_axis',(1.,2.02630736217892E-16,-1.22464679914735E-16));
#5405=DIRECTION('ref_axis',(1.22464679914735E-16,-1.01890826284717E-47,
1.));
#5406=DIRECTION('center_axis',(-1.75019648972218E-32,0.121869343405124,
0.992546151641325));
#5407=DIRECTION('ref_axis',(1.,-7.82960097871006E-16,9.61354118215675E-17));
#5408=DIRECTION('center_axis',(9.68573719847806E-17,0.121869343405147,0.992546151641322));
#5409=DIRECTION('ref_axis',(1.,-7.82960097871006E-16,9.61354118215675E-17));
#5410=DIRECTION('',(-1.75019648972218E-32,0.121869343405124,0.992546151641325));
#5411=DIRECTION('center_axis',(9.6857371984781E-17,0.121869343405148,0.992546151641322));
#5412=DIRECTION('ref_axis',(1.,-7.94764042198735E-16,5.97334579674561E-32));
#5413=DIRECTION('center_axis',(-9.6857371984781E-17,-0.121869343405148,
-0.992546151641322));
#5414=DIRECTION('ref_axis',(1.,-7.94764042198735E-16,8.62816615085482E-32));
#5415=DIRECTION('center_axis',(-1.75019648972218E-32,0.121869343405124,
0.992546151641325));
#5416=DIRECTION('ref_axis',(1.,-7.82960097871006E-16,9.61354118215675E-17));
#5417=DIRECTION('center_axis',(9.68573719847806E-17,0.121869343405147,0.992546151641322));
#5418=DIRECTION('ref_axis',(1.,-7.82960097871006E-16,9.61354118215675E-17));
#5419=DIRECTION('',(-1.75019648972218E-32,0.121869343405124,0.992546151641325));
#5420=DIRECTION('center_axis',(9.6857371984781E-17,0.121869343405148,0.992546151641322));
#5421=DIRECTION('ref_axis',(1.,-7.94764042198735E-16,5.97334579674561E-32));
#5422=DIRECTION('center_axis',(-9.6857371984781E-17,-0.121869343405148,
-0.992546151641322));
#5423=DIRECTION('ref_axis',(1.,-7.94764042198735E-16,8.62816615085482E-32));
#5424=DIRECTION('center_axis',(0.707106781186549,-5.88314069467105E-32,
0.707106781186546));
#5425=DIRECTION('ref_axis',(0.707106781186546,-5.88314069467103E-32,-0.707106781186549));
#5426=DIRECTION('',(2.82341329847169E-31,1.,3.29021422390577E-63));
#5427=DIRECTION('center_axis',(1.,-2.80415399902782E-31,-1.22464679914735E-16));
#5428=DIRECTION('ref_axis',(-1.22464679914735E-16,1.01890826284717E-47,
-1.));
#5429=DIRECTION('center_axis',(1.,2.02630736217892E-16,-1.22464679914735E-16));
#5430=DIRECTION('ref_axis',(9.68573719847806E-17,0.121869343405147,0.992546151641322));
#5431=DIRECTION('',(-2.55744328617875E-15,0.992546151641322,0.121869343405148));
#5432=DIRECTION('center_axis',(-2.82341329847169E-31,-1.,-3.29021422390577E-63));
#5433=DIRECTION('ref_axis',(-1.,2.80415399902782E-31,1.22464679914735E-16));
#5434=DIRECTION('',(5.23852944873328E-32,-3.52285563367688E-63,-1.));
#5435=DIRECTION('center_axis',(-5.23852944873328E-32,3.52285563367688E-63,
1.));
#5436=DIRECTION('ref_axis',(-1.,2.81483415599216E-31,-5.78479321477768E-32));
#5437=DIRECTION('center_axis',(1.46246321537933E-16,-0.121869343405148,
0.992546151641322));
#5438=DIRECTION('ref_axis',(-2.73973086817492E-31,-0.992546151641322,-0.121869343405147));
#5439=DIRECTION('',(-5.23852944873328E-32,3.52285563367688E-63,1.));
#5440=DIRECTION('center_axis',(1.22464679914735E-16,-1.01890826284717E-47,
1.));
#5441=DIRECTION('ref_axis',(-1.,2.82796549652207E-31,1.22464679914735E-16));
#5442=DIRECTION('center_axis',(-5.23852944873328E-32,3.52285563367688E-63,
1.));
#5443=DIRECTION('ref_axis',(-1.,2.84547395056189E-31,-5.43462413397987E-32));
#5444=DIRECTION('center_axis',(9.68573719847806E-17,0.121869343405147,0.992546151641322));
#5445=DIRECTION('ref_axis',(-2.89141962159833E-31,-0.992546151641322,0.121869343405147));
#5446=DIRECTION('',(-5.23852944873328E-32,3.52285563367689E-63,1.));
#5447=DIRECTION('center_axis',(1.22464679914735E-16,-1.01890826284717E-47,
1.));
#5448=DIRECTION('ref_axis',(-1.,2.827965496522E-31,1.22464679914735E-16));
#5449=DIRECTION('center_axis',(-5.23852944873328E-32,3.52285563367688E-63,
1.));
#5450=DIRECTION('ref_axis',(-1.,2.84985106407189E-31,-5.43462413397994E-32));
#5451=DIRECTION('center_axis',(9.68573719847806E-17,0.121869343405147,0.992546151641322));
#5452=DIRECTION('ref_axis',(-2.89141962159836E-31,-0.992546151641322,0.121869343405147));
#5453=DIRECTION('',(-5.23852944873328E-32,3.52285563367689E-63,1.));
#5454=DIRECTION('center_axis',(1.22464679914735E-16,-1.01890826284717E-47,
1.));
#5455=DIRECTION('ref_axis',(-1.,2.8629824046018E-31,1.22464679914735E-16));
#5456=DIRECTION('center_axis',(-5.23852944873328E-32,3.52285563367688E-63,
1.));
#5457=DIRECTION('ref_axis',(-1.,2.84985106407189E-31,-5.43462413397994E-32));
#5458=DIRECTION('center_axis',(9.68573719847806E-17,0.121869343405147,0.992546151641322));
#5459=DIRECTION('ref_axis',(-2.89141962159836E-31,-0.992546151641322,0.121869343405147));
#5460=DIRECTION('',(-5.23852944873328E-32,3.52285563367689E-63,1.));
#5461=DIRECTION('center_axis',(1.22464679914735E-16,-1.01890826284717E-47,
1.));
#5462=DIRECTION('ref_axis',(-1.,2.8629824046018E-31,1.22464679914735E-16));
#5463=DIRECTION('center_axis',(1.22464679914735E-16,-1.01890826284717E-47,
1.));
#5464=DIRECTION('ref_axis',(-1.,2.80415399902782E-31,1.22464679914735E-16));
#5465=DIRECTION('center_axis',(1.22464679914735E-16,-1.01890826284717E-47,
1.));
#5466=DIRECTION('ref_axis',(-1.,2.81009228302293E-31,-5.40544337724668E-32));
#5467=DIRECTION('center_axis',(1.22464679914735E-16,-1.01890826284717E-47,
1.));
#5468=DIRECTION('ref_axis',(-1.,2.80415399902782E-31,1.22464679914735E-16));
#5469=DIRECTION('center_axis',(1.22464679914735E-16,-1.01890826284717E-47,
1.));
#5470=DIRECTION('ref_axis',(-1.,2.83416640732783E-31,-5.40544337724681E-32));
#5471=DIRECTION('center_axis',(1.22464679914735E-16,-1.01890826284717E-47,
1.));
#5472=DIRECTION('ref_axis',(-1.,2.80415399902782E-31,1.22464679914735E-16));
#5473=DIRECTION('center_axis',(1.22464679914735E-16,-1.01890826284717E-47,
1.));
#5474=DIRECTION('ref_axis',(-1.,2.83416640732783E-31,-5.40544337724681E-32));
#5475=DIRECTION('center_axis',(1.22464679914735E-16,-1.01890826284717E-47,
1.));
#5476=DIRECTION('ref_axis',(-1.,2.80415399902782E-31,1.22464679914735E-16));
#5477=DIRECTION('center_axis',(1.22464679914735E-16,-1.01890826284717E-47,
1.));
#5478=DIRECTION('ref_axis',(-1.,2.82614169922628E-31,-5.40544337724693E-32));
#5479=DIRECTION('center_axis',(5.23852944873328E-32,-3.52285563367688E-63,
-1.));
#5480=DIRECTION('ref_axis',(-1.,2.81009228302293E-31,-5.40544337724668E-32));
#5481=DIRECTION('',(5.23852944873328E-32,-3.52285563367688E-63,-1.));
#5482=DIRECTION('center_axis',(5.23852944873328E-32,-3.52285563367688E-63,
-1.));
#5483=DIRECTION('ref_axis',(-1.,2.83416640732783E-31,-5.40544337724681E-32));
#5484=DIRECTION('',(5.23852944873328E-32,-3.52285563367689E-63,-1.));
#5485=DIRECTION('center_axis',(5.23852944873328E-32,-3.52285563367688E-63,
-1.));
#5486=DIRECTION('ref_axis',(-1.,2.83416640732783E-31,-5.40544337724681E-32));
#5487=DIRECTION('',(5.23852944873328E-32,-3.52285563367689E-63,-1.));
#5488=DIRECTION('center_axis',(5.23852944873328E-32,-3.52285563367688E-63,
-1.));
#5489=DIRECTION('ref_axis',(-1.,2.82614169922628E-31,-5.40544337724693E-32));
#5490=DIRECTION('',(5.23852944873328E-32,-3.52285563367688E-63,-1.));
#5491=DIRECTION('center_axis',(-1.,2.82341329847169E-31,-5.54667823983524E-32));
#5492=DIRECTION('ref_axis',(2.82341329847169E-31,1.,3.29021422390577E-63));
#5493=DIRECTION('',(5.23852944873328E-32,-3.52285563367688E-63,-1.));
#5494=DIRECTION('center_axis',(2.82341329847169E-31,1.,3.29021422390577E-63));
#5495=DIRECTION('ref_axis',(1.,-2.80415399902782E-31,-1.22464679914735E-16));
#5496=DIRECTION('center_axis',(-1.34489705344267E-16,1.,-1.65771360469977E-48));
#5497=DIRECTION('ref_axis',(1.,1.34489705344267E-16,-1.22464679914735E-16));
#5498=DIRECTION('center_axis',(-1.,-1.6151084274108E-15,-6.16297582203915E-32));
#5499=DIRECTION('ref_axis',(-1.61510842741079E-15,1.,-1.99077483762088E-47));
#5500=DIRECTION('center_axis',(1.,-2.82341329847169E-31,5.54667823983524E-32));
#5501=DIRECTION('ref_axis',(-2.82341329847169E-31,-1.,-3.29021422390577E-63));
#5502=DIRECTION('',(5.23852944873328E-32,-3.52285563367688E-63,-1.));
#5503=DIRECTION('center_axis',(-2.82341329847169E-31,-1.,-3.29021422390577E-63));
#5504=DIRECTION('ref_axis',(-1.,2.80415399902782E-31,1.22464679914735E-16));
#5505=DIRECTION('center_axis',(1.,-2.82341329847169E-31,5.54667823983524E-32));
#5506=DIRECTION('ref_axis',(-2.82341329847169E-31,-1.,-3.29021422390577E-63));
#5507=DIRECTION('',(5.23852944873328E-32,-3.52285563367688E-63,-1.));
#5508=DIRECTION('center_axis',(-2.82341329847169E-31,-1.,-3.29021422390577E-63));
#5509=DIRECTION('ref_axis',(-1.,2.80415399902782E-31,1.22464679914735E-16));
#5510=DIRECTION('center_axis',(-1.,2.82341329847169E-31,-5.54667823983524E-32));
#5511=DIRECTION('ref_axis',(2.82341329847169E-31,1.,3.29021422390577E-63));
#5512=DIRECTION('center_axis',(1.,2.02630736217893E-16,-1.22464679914735E-16));
#5513=DIRECTION('ref_axis',(1.25133788881285E-31,0.615661475325681,-0.788010753606704));
#5514=DIRECTION('',(1.,2.02630736217893E-16,-1.22464679914735E-16));
#5515=DIRECTION('',(1.,2.02630736217893E-16,-1.22464679914735E-16));
#5516=DIRECTION('',(1.,2.02630736217893E-16,-1.22464679914735E-16));
#5517=DIRECTION('center_axis',(1.,-1.4791141972894E-31,4.00593428432545E-32));
#5518=DIRECTION('ref_axis',(1.49795343256672E-31,0.992546151641322,-0.121869343405145));
#5519=DIRECTION('',(-1.,-2.02630736217892E-16,1.22464679914735E-16));
#5520=DIRECTION('center_axis',(-2.16045047568847E-16,0.992546151641322,
-0.121869343405147));
#5521=DIRECTION('ref_axis',(9.68573719847806E-17,0.121869343405147,0.992546151641322));
#5522=DIRECTION('',(-1.,-2.05732367344628E-16,9.72039215268096E-17));
#5523=DIRECTION('',(-1.59567599862519E-13,0.121869343405147,0.992546151641322));
#5524=DIRECTION('center_axis',(-2.16045047568847E-16,0.992546151641322,
-0.121869343405147));
#5525=DIRECTION('ref_axis',(-0.707106781186485,-0.0861746391405089,-0.701836114466256));
#5526=DIRECTION('center_axis',(1.,2.05732367344628E-16,-9.72039215268097E-17));
#5527=DIRECTION('ref_axis',(-1.31744835751724E-31,-0.707106781186549,0.707106781186546));
#5528=DIRECTION('',(1.,2.05732367344628E-16,-9.72039215268097E-17));
#5529=DIRECTION('center_axis',(-1.,-2.02630736217893E-16,1.22464679914735E-16));
#5530=DIRECTION('ref_axis',(2.31296463463571E-16,-0.70710678118655,0.707106781186545));
#5531=DIRECTION('',(-1.,-2.05732367344628E-16,9.72039215268097E-17));
#5532=DIRECTION('center_axis',(1.,1.86634385261096E-14,1.58474342582007E-13));
#5533=DIRECTION('ref_axis',(-4.75314232417644E-14,-0.913476361994238,0.406891798980727));
#5534=DIRECTION('center_axis',(-1.,-1.86634385261096E-14,-1.58474342582007E-13));
#5535=DIRECTION('ref_axis',(-4.75314232417674E-14,-0.91347636199432,0.406891798980541));
#5536=DIRECTION('center_axis',(-1.21551846761357E-16,0.121869343405148,
-0.992546151641322));
#5537=DIRECTION('ref_axis',(-2.55744328617875E-15,0.992546151641322,0.121869343405148));
#5538=DIRECTION('',(-1.,-2.02630736217893E-16,9.75847539427887E-17));
#5539=DIRECTION('',(-1.86195667305787E-16,0.992546151641322,0.121869343405148));
#5540=DIRECTION('',(1.,1.01315368108945E-16,-1.10024716928762E-16));
#5541=DIRECTION('',(1.86195667305787E-16,-0.992546151641322,-0.121869343405148));
#5542=DIRECTION('center_axis',(1.46246321537933E-16,-0.121869343405148,
0.992546151641322));
#5543=DIRECTION('ref_axis',(-1.41900676861075E-31,-0.992546151641322,-0.121869343405147));
#5544=DIRECTION('center_axis',(1.46246321537933E-16,-0.121869343405148,
0.992546151641322));
#5545=DIRECTION('ref_axis',(-1.41900676861075E-31,-0.992546151641322,-0.121869343405147));
#5546=DIRECTION('center_axis',(1.46246321537933E-16,-0.121869343405148,
0.992546151641322));
#5547=DIRECTION('ref_axis',(-1.42769574294998E-31,-0.992546151641322,-0.121869343405148));
#5548=DIRECTION('center_axis',(1.,2.02630736217893E-16,-9.75847539427887E-17));
#5549=DIRECTION('ref_axis',(1.34678333472119E-31,0.748955720789009,-0.66262004821573));
#5550=DIRECTION('',(1.,2.02630736217893E-16,-9.75847539427887E-17));
#5551=DIRECTION('center_axis',(1.,-1.4791141972894E-31,4.00593428432545E-32));
#5552=DIRECTION('ref_axis',(1.46595367600276E-31,1.,-1.44560289664737E-17));
#5553=DIRECTION('center_axis',(2.02630736217893E-16,-1.,2.49761665622573E-48));
#5554=DIRECTION('ref_axis',(-1.22464679914735E-16,1.01890826284717E-47,
-1.));
#5555=DIRECTION('',(1.22464679914735E-16,-1.01890826284718E-47,1.));
#5556=DIRECTION('center_axis',(-1.50131436986568E-31,-0.992546151641322,
0.121869343405145));
#5557=DIRECTION('ref_axis',(0.,-0.121869343405149,-0.992546151641322));
#5558=DIRECTION('center_axis',(1.,-1.4791141972894E-31,4.00593428432545E-32));
#5559=DIRECTION('ref_axis',(1.51541901931155E-31,0.992546151641322,-0.121869343405144));
#5560=DIRECTION('center_axis',(-1.57027531654132E-13,0.121869343405145,
0.992546151641322));
#5561=DIRECTION('ref_axis',(1.,-8.32001735975286E-32,1.58206781009088E-13));
#5562=DIRECTION('center_axis',(1.48435655448081E-31,0.992546151641322,-0.121869343405148));
#5563=DIRECTION('ref_axis',(0.,0.121869343405148,0.992546151641322));
#5564=DIRECTION('center_axis',(-2.16045047568847E-16,0.992546151641322,
-0.121869343405147));
#5565=DIRECTION('ref_axis',(0.707106781186592,-0.0861746391405847,-0.701836114466139));
#5566=DIRECTION('center_axis',(-1.,1.4791141972894E-31,-4.00593428432545E-32));
#5567=DIRECTION('ref_axis',(-2.13538247859963E-32,0.121869343405124,0.992546151641325));
#5568=DIRECTION('center_axis',(-1.66669573071491E-13,0.121869343405148,
0.992546151641322));
#5569=DIRECTION('ref_axis',(1.51117050768674E-31,0.992546151641322,-0.121869343405148));
#5570=DIRECTION('center_axis',(1.,2.02630736217893E-16,-1.22464679914735E-16));
#5571=DIRECTION('ref_axis',(8.92703795191054E-32,0.788010753606724,0.615661475325656));
#5572=DIRECTION('center_axis',(-1.59567599862519E-13,0.121869343405147,
0.992546151641322));
#5573=DIRECTION('ref_axis',(-0.707106781186523,0.7018361144662,-0.086174639140647));
#5574=DIRECTION('center_axis',(1.57027531654132E-13,-0.121869343405146,
-0.992546151641322));
#5575=DIRECTION('ref_axis',(-1.,8.32001735975286E-32,-1.58206781009088E-13));
#5576=DIRECTION('',(1.59567599862519E-13,-0.121869343405147,-0.992546151641322));
#5577=DIRECTION('center_axis',(1.,1.86634385261096E-14,1.58474342582007E-13));
#5578=DIRECTION('ref_axis',(1.52259157662879E-13,0.,-1.));
#5579=DIRECTION('center_axis',(1.,1.86634385261096E-14,1.58474342582007E-13));
#5580=DIRECTION('ref_axis',(1.52259157662879E-13,0.,-1.));
#5581=DIRECTION('center_axis',(-1.57716248898348E-13,0.12186934340515,0.992546151641322));
#5582=DIRECTION('ref_axis',(1.,-8.32001735975286E-32,1.58900670399599E-13));
#5583=DIRECTION('center_axis',(1.59567599862519E-13,-0.121869343405147,
-0.992546151641322));
#5584=DIRECTION('ref_axis',(0.707106781186537,0.701836114466214,-0.086174639140421));
#5585=DIRECTION('center_axis',(-7.88839991547255E-16,-0.992546151641322,
0.121869343405148));
#5586=DIRECTION('ref_axis',(1.00821039135586E-12,-0.121869343405148,-0.992546151641322));
#5587=DIRECTION('',(-1.,-1.22086978310915E-13,-1.00079147939687E-12));
#5588=DIRECTION('center_axis',(0.335726876491118,-0.864469373970649,-0.374139233265254));
#5589=DIRECTION('ref_axis',(0.57735026918962,0.502685489612331,-0.643408086054165));
#5590=DIRECTION('center_axis',(2.36649407192589E-32,-0.121869343405148,
-0.992546151641322));
#5591=DIRECTION('ref_axis',(1.,-1.45391661385033E-31,4.1214900809887E-32));
#5592=DIRECTION('center_axis',(1.12751792536933E-16,0.992546151641325,-0.121869343405124));
#5593=DIRECTION('ref_axis',(2.77735912672871E-32,-0.121869343405124,-0.992546151641325));
#5594=DIRECTION('center_axis',(2.16045047568847E-16,-0.992546151641322,
0.121869343405147));
#5595=DIRECTION('ref_axis',(0.707106781186543,-0.086174639140516,-0.701836114466197));
#5596=DIRECTION('',(-2.16045047568847E-16,0.992546151641322,-0.121869343405147));
#5597=DIRECTION('',(2.16045047568847E-16,-0.992546151641322,0.121869343405147));
#5598=DIRECTION('center_axis',(9.68573719847806E-17,0.121869343405147,0.992546151641322));
#5599=DIRECTION('ref_axis',(0.70710678118653,0.701836114466207,-0.086174639140534));
#5600=DIRECTION('center_axis',(2.05834528082392E-32,-0.121869343405148,
-0.992546151641322));
#5601=DIRECTION('ref_axis',(1.49377947254726E-31,0.992546151641322,-0.121869343405148));
#5602=DIRECTION('',(-9.68573719847806E-17,-0.121869343405147,-0.992546151641322));
#5603=DIRECTION('',(9.68573719847806E-17,0.121869343405147,0.992546151641322));
#5604=DIRECTION('center_axis',(1.,2.02630736217893E-16,-1.22464679914735E-16));
#5605=DIRECTION('ref_axis',(0.,0.,-1.));
#5606=DIRECTION('center_axis',(1.,2.02630736217893E-16,-1.22464679914735E-16));
#5607=DIRECTION('ref_axis',(2.29877173280044E-16,-0.70710678118655,0.707106781186545));
#5608=DIRECTION('center_axis',(-1.,-2.02630736217893E-16,1.22464679914735E-16));
#5609=DIRECTION('ref_axis',(-9.68573719847806E-17,-0.121869343405147,-0.992546151641322));
#5610=DIRECTION('center_axis',(-1.,-2.02630736217893E-16,1.22464679914735E-16));
#5611=DIRECTION('ref_axis',(-2.38626262562237E-16,4.736951571734E-16,-1.));
#5612=DIRECTION('center_axis',(-2.16045047568847E-16,0.992546151641322,
-0.121869343405147));
#5613=DIRECTION('ref_axis',(9.68573719847806E-17,0.121869343405147,0.992546151641322));
#5614=DIRECTION('center_axis',(0.,0.,1.));
#5615=DIRECTION('ref_axis',(1.,0.,0.));
#5616=DIRECTION('center_axis',(4.00593428432538E-32,-8.79851747015437E-15,
-1.));
#5617=DIRECTION('ref_axis',(1.,-1.47397838410438E-31,4.12149008098875E-32));
#5618=DIRECTION('center_axis',(1.41166870751292E-31,0.992546151641325,0.121869343405124));
#5619=DIRECTION('ref_axis',(6.0892225284915E-32,0.121869343405124,-0.992546151641325));
#5620=DIRECTION('center_axis',(-1.22464679914735E-16,1.01890826284717E-47,
-1.));
#5621=DIRECTION('ref_axis',(0.707106781186568,0.707106781186527,1.44560289664734E-17));
#5622=DIRECTION('',(-1.22464679914735E-16,1.01890826284718E-47,-1.));
#5623=DIRECTION('center_axis',(0.,0.,1.));
#5624=DIRECTION('ref_axis',(1.,0.,0.));
#5625=DIRECTION('center_axis',(-4.1633363423443E-15,3.46390306427946E-46,
-1.));
#5626=DIRECTION('ref_axis',(-1.46595367600276E-31,-1.,1.44560289664737E-17));
#5627=DIRECTION('center_axis',(1.,-1.4791141972894E-31,4.00593428432545E-32));
#5628=DIRECTION('ref_axis',(2.13538247859963E-32,-0.121869343405124,-0.992546151641325));
#5629=DIRECTION('center_axis',(-1.51235785278385E-31,-0.992546151641325,
0.121869343405124));
#5630=DIRECTION('ref_axis',(1.,-1.45391661385033E-31,4.1214900809887E-32));
#5631=DIRECTION('center_axis',(-1.,-2.02630736217893E-16,1.22464679914735E-16));
#5632=DIRECTION('ref_axis',(-7.98248892389666E-32,-0.748955720789006,-0.662620048215733));
#5633=DIRECTION('',(1.,2.02630736217893E-16,-1.22464679914735E-16));
#5634=DIRECTION('',(-1.,-2.02630736217893E-16,1.22464679914735E-16));
#5635=DIRECTION('center_axis',(1.86195667305787E-16,-0.992546151641322,
-0.121869343405148));
#5636=DIRECTION('ref_axis',(0.707106781186553,0.0861746391405146,-0.701836114466187));
#5637=DIRECTION('center_axis',(1.37315010862517E-31,0.992546151641325,0.121869343405124));
#5638=DIRECTION('ref_axis',(1.,-1.4980525084092E-31,4.12149008098866E-32));
#5639=DIRECTION('',(1.86195667305787E-16,-0.992546151641322,-0.121869343405148));
#5640=DIRECTION('center_axis',(-1.,-2.02630736217893E-16,1.22464679914735E-16));
#5641=DIRECTION('ref_axis',(-9.473903143468E-17,0.,-1.));
#5642=DIRECTION('center_axis',(1.4995501781E-31,0.992546151641325,-0.121869343405123));
#5643=DIRECTION('ref_axis',(1.,-1.4980525084092E-31,4.12149008098866E-32));
#5644=DIRECTION('center_axis',(1.,2.02630736217893E-16,-1.22464679914735E-16));
#5645=DIRECTION('ref_axis',(-1.22124532708767E-16,4.736951571734E-16,-1.));
#5646=DIRECTION('center_axis',(-1.,-2.02630736217893E-16,1.22464679914735E-16));
#5647=DIRECTION('ref_axis',(-1.22464679914735E-16,4.47670574445628E-16,
-1.));
#5648=DIRECTION('center_axis',(2.16045047568847E-16,-0.992546151641322,
0.121869343405147));
#5649=DIRECTION('ref_axis',(0.707106781186544,-0.0861746391405161,-0.701836114466195));
#5650=DIRECTION('',(-2.16045047568847E-16,0.992546151641322,-0.121869343405147));
#5651=DIRECTION('',(2.16045047568847E-16,-0.992546151641322,0.121869343405147));
#5652=DIRECTION('center_axis',(-1.22464679914735E-16,1.01890826284717E-47,
-1.));
#5653=DIRECTION('ref_axis',(0.707106781186579,-0.707106781186516,8.71576399210563E-33));
#5654=DIRECTION('',(-1.22464679914735E-16,1.01890826284718E-47,-1.));
#5655=DIRECTION('',(1.22464679914735E-16,-1.01890826284718E-47,1.));
#5656=DIRECTION('center_axis',(-2.02630736217893E-16,1.,-2.49761665622573E-48));
#5657=DIRECTION('ref_axis',(1.22464679914735E-16,-1.01890826284717E-47,
1.));
#5658=DIRECTION('center_axis',(-1.46755861762307E-31,-1.,-1.61899430065205E-63));
#5659=DIRECTION('ref_axis',(4.00593428432545E-32,-2.49733431713483E-63,
-1.));
#5660=DIRECTION('center_axis',(5.37958821377069E-16,-1.,6.63085441879911E-48));
#5661=DIRECTION('ref_axis',(-1.,-5.37958821377069E-16,1.22464679914735E-16));
#5662=DIRECTION('center_axis',(9.68573719847806E-17,0.121869343405147,0.992546151641322));
#5663=DIRECTION('ref_axis',(2.16045047568847E-16,-0.992546151641322,0.121869343405147));
#5664=DIRECTION('',(-1.,-1.01315368108945E-16,1.10024716928762E-16));
#5665=DIRECTION('center_axis',(9.68573719847806E-17,0.121869343405147,0.992546151641322));
#5666=DIRECTION('ref_axis',(-0.707106781186548,0.701836114466192,-0.0861746391405148));
#5667=DIRECTION('center_axis',(9.68573719847806E-17,0.121869343405147,0.992546151641322));
#5668=DIRECTION('ref_axis',(0.902368927062187,0.42775206293881,-0.0525213492232429));
#5669=DIRECTION('center_axis',(-9.68573719847806E-17,-0.121869343405147,
-0.992546151641322));
#5670=DIRECTION('ref_axis',(-0.105527496478402,0.987004156425407,-0.121188871956011));
#5671=DIRECTION('',(1.49011518394056E-8,-0.992546151641322,0.121869343405147));
#5672=DIRECTION('center_axis',(-9.68573719847806E-17,-0.121869343405147,
-0.992546151641322));
#5673=DIRECTION('ref_axis',(0.285778731691004,-0.951152640745575,0.11678685934556));
#5674=DIRECTION('center_axis',(9.68573719847806E-17,0.121869343405147,0.992546151641322));
#5675=DIRECTION('ref_axis',(-0.707106781186548,-0.701836114466191,0.0861746391405148));
#5676=DIRECTION('center_axis',(9.68573719847806E-17,0.121869343405147,0.992546151641322));
#5677=DIRECTION('ref_axis',(0.245102842786735,-0.962270600045181,0.118151973096298));
#5678=DIRECTION('',(1.49011578884639E-8,-0.992546151641322,0.121869343405147));
#5679=DIRECTION('center_axis',(9.68573719847806E-17,0.121869343405147,0.992546151641322));
#5680=DIRECTION('ref_axis',(0.707106781186548,-0.701836114466192,0.0861746391405149));
#5681=DIRECTION('center_axis',(9.68573719847806E-17,0.121869343405147,0.992546151641322));
#5682=DIRECTION('ref_axis',(-0.902368927062183,-0.427752062938818,0.0525213492232439));
#5683=DIRECTION('center_axis',(-9.68573719847806E-17,-0.121869343405147,
-0.992546151641322));
#5684=DIRECTION('ref_axis',(0.105527496478427,-0.987004156425405,0.121188871956011));
#5685=DIRECTION('',(-2.16045047568848E-16,0.992546151641322,-0.121869343405147));
#5686=DIRECTION('center_axis',(-9.68573719847806E-17,-0.121869343405147,
-0.992546151641322));
#5687=DIRECTION('ref_axis',(-0.285778725773134,0.951152642497222,-0.116786859560635));
#5688=DIRECTION('center_axis',(9.68573719847806E-17,0.121869343405147,0.992546151641322));
#5689=DIRECTION('ref_axis',(0.707106781186553,0.701836114466187,-0.0861746391405142));
#5690=DIRECTION('center_axis',(9.68573719847806E-17,0.121869343405147,0.992546151641322));
#5691=DIRECTION('ref_axis',(-0.24510283120095,0.962270602952402,-0.11815197345326));
#5692=DIRECTION('',(-6.21889082054887E-15,0.992546151641322,-0.121869343405147));
#5693=DIRECTION('center_axis',(9.68573719847806E-17,0.121869343405147,0.992546151641322));
#5694=DIRECTION('ref_axis',(1.,-7.82960097871006E-16,9.61354118215675E-17));
#5695=DIRECTION('center_axis',(9.68573719847806E-17,0.121869343405147,0.992546151641322));
#5696=DIRECTION('ref_axis',(1.,-7.82960097871006E-16,9.61354118215675E-17));
#5697=DIRECTION('center_axis',(9.68573719847806E-17,0.121869343405147,0.992546151641322));
#5698=DIRECTION('ref_axis',(-1.50118372732032E-31,-0.992546151641322,0.121869343405147));
#5699=DIRECTION('center_axis',(-1.,-1.01315368108945E-16,1.10024716928762E-16));
#5700=DIRECTION('ref_axis',(-2.38626262562237E-16,4.736951571734E-16,-1.));
#5701=DIRECTION('center_axis',(-2.36649407192609E-32,0.121869343405124,
0.992546151641325));
#5702=DIRECTION('ref_axis',(-0.707106781186548,0.701836114466192,-0.0861746391405148));
#5703=DIRECTION('',(-2.36649407192609E-32,0.121869343405124,0.992546151641325));
#5704=DIRECTION('center_axis',(9.68573719847806E-17,0.121869343405147,0.992546151641322));
#5705=DIRECTION('ref_axis',(-0.707106781186548,0.70183611446619,-0.0861746391405317));
#5706=DIRECTION('',(-2.36649407192609E-32,0.121869343405124,0.992546151641325));
#5707=DIRECTION('center_axis',(1.,6.17253615141335E-15,-7.57892141008441E-16));
#5708=DIRECTION('ref_axis',(-6.21889082054887E-15,0.992546151641322,-0.121869343405147));
#5709=DIRECTION('',(-2.36649407192609E-32,0.121869343405124,0.992546151641325));
#5710=DIRECTION('',(-6.21889082054887E-15,0.992546151641322,-0.121869343405147));
#5711=DIRECTION('center_axis',(-2.36649407192609E-32,0.121869343405124,
0.992546151641325));
#5712=DIRECTION('ref_axis',(-0.24510283120095,0.962270602952402,-0.11815197345326));
#5713=DIRECTION('',(-2.36649407192609E-32,0.121869343405124,0.992546151641325));
#5714=DIRECTION('center_axis',(9.68573719847806E-17,0.121869343405147,0.992546151641322));
#5715=DIRECTION('ref_axis',(-0.24510283120095,0.962270602952399,-0.118151973453284));
#5716=DIRECTION('center_axis',(-2.36649407192609E-32,0.121869343405124,
0.992546151641325));
#5717=DIRECTION('ref_axis',(0.707106781186553,0.701836114466187,-0.0861746391405142));
#5718=DIRECTION('',(-2.36649407192609E-32,0.121869343405124,0.992546151641325));
#5719=DIRECTION('center_axis',(9.68573719847806E-17,0.121869343405147,0.992546151641322));
#5720=DIRECTION('ref_axis',(0.707106781186553,0.701836114466185,-0.0861746391405313));
#5721=DIRECTION('center_axis',(-2.36649407192609E-32,0.121869343405124,
0.992546151641325));
#5722=DIRECTION('ref_axis',(-0.285778725773134,0.951152642497222,-0.116786859560635));
#5723=DIRECTION('',(-2.36649407192609E-32,0.121869343405124,0.992546151641325));
#5724=DIRECTION('center_axis',(-9.68573719847806E-17,-0.121869343405147,
-0.992546151641322));
#5725=DIRECTION('ref_axis',(-0.285778725773134,0.951152642497219,-0.116786859560658));
#5726=DIRECTION('center_axis',(1.,2.14434680545627E-16,-2.63292680931441E-17));
#5727=DIRECTION('ref_axis',(-2.16045047568848E-16,0.992546151641322,-0.121869343405147));
#5728=DIRECTION('',(-2.36649407192609E-32,0.121869343405124,0.992546151641325));
#5729=DIRECTION('',(-2.16045047568848E-16,0.992546151641322,-0.121869343405147));
#5730=DIRECTION('center_axis',(-2.36649407192609E-32,0.121869343405124,
0.992546151641325));
#5731=DIRECTION('ref_axis',(0.105527496478427,-0.987004156425405,0.121188871956011));
#5732=DIRECTION('',(-2.36649407192609E-32,0.121869343405124,0.992546151641325));
#5733=DIRECTION('center_axis',(-9.68573719847806E-17,-0.121869343405147,
-0.992546151641322));
#5734=DIRECTION('ref_axis',(0.105527496478427,-0.987004156425402,0.121188871956035));
#5735=DIRECTION('center_axis',(-2.36649407192609E-32,0.121869343405124,
0.992546151641325));
#5736=DIRECTION('ref_axis',(0.169101978725766,0.978252057447303,-0.120114249326006));
#5737=DIRECTION('',(-2.36649407192609E-32,0.121869343405124,0.992546151641325));
#5738=DIRECTION('center_axis',(9.68573719847806E-17,0.121869343405147,0.992546151641322));
#5739=DIRECTION('ref_axis',(-0.902368927062183,-0.427752062938817,0.0525213492232543));
#5740=DIRECTION('center_axis',(-2.36649407192609E-32,0.121869343405124,
0.992546151641325));
#5741=DIRECTION('ref_axis',(0.707106781186548,-0.701836114466192,0.0861746391405149));
#5742=DIRECTION('',(-2.36649407192609E-32,0.121869343405124,0.992546151641325));
#5743=DIRECTION('center_axis',(9.68573719847806E-17,0.121869343405147,0.992546151641322));
#5744=DIRECTION('ref_axis',(0.707106781186548,-0.70183611446619,0.0861746391405318));
#5745=DIRECTION('center_axis',(-1.,-1.47900869171946E-8,1.81599432784317E-9));
#5746=DIRECTION('ref_axis',(1.49011578884639E-8,-0.992546151641322,0.121869343405147));
#5747=DIRECTION('',(-2.36649407192609E-32,0.121869343405124,0.992546151641325));
#5748=DIRECTION('',(1.49011578884639E-8,-0.992546151641322,0.121869343405147));
#5749=DIRECTION('center_axis',(-2.36649407192609E-32,0.121869343405124,
0.992546151641325));
#5750=DIRECTION('ref_axis',(0.245102842786735,-0.962270600045181,0.118151973096298));
#5751=DIRECTION('',(-2.36649407192609E-32,0.121869343405124,0.992546151641325));
#5752=DIRECTION('center_axis',(9.68573719847806E-17,0.121869343405147,0.992546151641322));
#5753=DIRECTION('ref_axis',(0.245102842786735,-0.962270600045178,0.118151973096322));
#5754=DIRECTION('center_axis',(-2.36649407192609E-32,0.121869343405124,
0.992546151641325));
#5755=DIRECTION('ref_axis',(-0.70710672002424,0.701836175172599,-0.0861746465943245));
#5756=DIRECTION('',(-2.36649407192609E-32,0.121869343405124,0.992546151641325));
#5757=DIRECTION('center_axis',(9.68573719847806E-17,0.121869343405147,0.992546151641322));
#5758=DIRECTION('ref_axis',(-0.707106781186548,-0.701836114466189,0.0861746391405318));
#5759=DIRECTION('center_axis',(-2.36649407192609E-32,0.121869343405124,
0.992546151641325));
#5760=DIRECTION('ref_axis',(0.285778731691004,-0.951152640745575,0.11678685934556));
#5761=DIRECTION('',(-2.36649407192609E-32,0.121869343405124,0.992546151641325));
#5762=DIRECTION('center_axis',(-9.68573719847806E-17,-0.121869343405147,
-0.992546151641322));
#5763=DIRECTION('ref_axis',(0.285778731691004,-0.951152640745573,0.116786859345583));
#5764=DIRECTION('center_axis',(-1.,-1.47900809132251E-8,1.81599359064841E-9));
#5765=DIRECTION('ref_axis',(1.49011518394056E-8,-0.992546151641322,0.121869343405147));
#5766=DIRECTION('',(-2.36649407192609E-32,0.121869343405124,0.992546151641325));
#5767=DIRECTION('',(1.49011518394056E-8,-0.992546151641322,0.121869343405147));
#5768=DIRECTION('center_axis',(-2.36649407192609E-32,0.121869343405124,
0.992546151641325));
#5769=DIRECTION('ref_axis',(-0.105527496478402,0.987004156425407,-0.121188871956011));
#5770=DIRECTION('',(-2.36649407192609E-32,0.121869343405124,0.992546151641325));
#5771=DIRECTION('center_axis',(-9.68573719847806E-17,-0.121869343405147,
-0.992546151641322));
#5772=DIRECTION('ref_axis',(-0.105527496478402,0.987004156425405,-0.121188871956035));
#5773=DIRECTION('center_axis',(-2.36649407192609E-32,0.121869343405124,
0.992546151641325));
#5774=DIRECTION('ref_axis',(-0.169101978725764,-0.978252057447303,0.120114249326006));
#5775=DIRECTION('center_axis',(9.68573719847806E-17,0.121869343405147,0.992546151641322));
#5776=DIRECTION('ref_axis',(0.902368927062187,0.427752062938808,-0.0525213492232533));
#5777=DIRECTION('center_axis',(-9.68573719847806E-17,-0.121869343405147,
-0.992546151641322));
#5778=DIRECTION('ref_axis',(-2.16045047568848E-16,0.992546151641322,-0.121869343405147));
#5779=DIRECTION('center_axis',(-2.36649407192609E-32,0.121869343405124,
0.992546151641325));
#5780=DIRECTION('ref_axis',(1.,-7.82960097871006E-16,9.61354118215675E-17));
#5781=DIRECTION('',(-2.36649407192609E-32,0.121869343405124,0.992546151641325));
#5782=DIRECTION('center_axis',(9.6857371984781E-17,0.121869343405148,0.992546151641322));
#5783=DIRECTION('ref_axis',(1.,-7.94764042198735E-16,3.60297048057672E-32));
#5784=DIRECTION('center_axis',(-9.6857371984781E-17,-0.121869343405148,
-0.992546151641322));
#5785=DIRECTION('ref_axis',(1.,-7.94764042198734E-16,3.69778549322349E-32));
#5786=DIRECTION('center_axis',(-2.36649407192609E-32,0.121869343405124,
0.992546151641325));
#5787=DIRECTION('ref_axis',(1.,-7.82960097871006E-16,9.61354118215675E-17));
#5788=DIRECTION('',(-2.36649407192609E-32,0.121869343405124,0.992546151641325));
#5789=DIRECTION('center_axis',(9.6857371984781E-17,0.121869343405148,0.992546151641322));
#5790=DIRECTION('ref_axis',(1.,-7.94764042198735E-16,3.60297048057672E-32));
#5791=DIRECTION('center_axis',(-9.6857371984781E-17,-0.121869343405148,
-0.992546151641322));
#5792=DIRECTION('ref_axis',(1.,-7.94764042198734E-16,3.69778549322349E-32));
#5793=DIRECTION('center_axis',(2.25987810819426E-16,-0.662620048215739,
0.748955720789001));
#5794=DIRECTION('ref_axis',(1.,-1.4482993181792E-31,-3.01737211622277E-16));
#5795=DIRECTION('',(-1.,-2.02630736217893E-16,1.22464679914736E-16));
#5796=DIRECTION('center_axis',(1.22464679914735E-16,-1.01890826284718E-47,
1.));
#5797=DIRECTION('ref_axis',(-2.02630736217892E-16,1.,-2.49761665622573E-48));
#5798=DIRECTION('center_axis',(-7.88839991547254E-16,-0.992546151641321,
0.121869343405159));
#5799=DIRECTION('ref_axis',(1.,-7.94764042198734E-16,3.69778549322349E-32));
#5800=DIRECTION('',(1.,-7.94764042198734E-16,3.69778549322349E-32));
#5801=DIRECTION('',(-1.39046604170892E-29,-0.121869343405159,-0.992546151641321));
#5802=DIRECTION('center_axis',(1.,-7.82960097871002E-16,9.61354118215811E-17));
#5803=DIRECTION('ref_axis',(7.88839991547255E-16,0.992546151641322,-0.121869343405148));
#5804=DIRECTION('',(2.6746428630279E-32,-0.121869343405141,-0.992546151641323));
#5805=DIRECTION('',(7.88839991547255E-16,0.992546151641322,-0.121869343405148));
#5806=DIRECTION('',(-2.6746428630279E-32,0.121869343405141,0.992546151641323));
#5807=DIRECTION('center_axis',(-7.88839991547255E-16,-0.992546151641323,
0.121869343405141));
#5808=DIRECTION('ref_axis',(1.,-7.94764042198734E-16,3.69778549322349E-32));
#5809=DIRECTION('',(-1.,7.82960097871003E-16,-9.61354118215811E-17));
#5810=DIRECTION('',(2.6746428630279E-32,-0.121869343405141,-0.992546151641323));
#5811=DIRECTION('center_axis',(-1.,7.82960097871002E-16,-9.61354118215811E-17));
#5812=DIRECTION('ref_axis',(-7.88839991547255E-16,-0.992546151641322,0.121869343405148));
#5813=DIRECTION('',(-7.88839991547255E-16,-0.992546151641322,0.121869343405148));
#5814=DIRECTION('',(-2.6746428630279E-32,0.121869343405141,0.992546151641323));
#5815=DIRECTION('center_axis',(7.88839991547255E-16,0.992546151641323,-0.121869343405141));
#5816=DIRECTION('ref_axis',(-1.,7.94764042198734E-16,-3.69778549322349E-32));
#5817=DIRECTION('',(1.,-7.82960097871003E-16,9.61354118215811E-17));
#5818=DIRECTION('center_axis',(-2.6746428630279E-32,0.121869343405141,0.992546151641323));
#5819=DIRECTION('ref_axis',(1.,-1.4791141972894E-31,4.00593428432545E-32));
#5820=DIRECTION('center_axis',(-1.,7.82960097871002E-16,-9.61354118215811E-17));
#5821=DIRECTION('ref_axis',(-7.88839991547255E-16,-0.992546151641322,0.121869343405148));
#5822=DIRECTION('',(-2.6746428630279E-32,0.121869343405141,0.992546151641323));
#5823=DIRECTION('',(7.88839991547255E-16,0.992546151641323,-0.121869343405141));
#5824=DIRECTION('',(2.6746428630279E-32,-0.121869343405141,-0.992546151641323));
#5825=DIRECTION('',(7.88839991547255E-16,0.992546151641322,-0.121869343405148));
#5826=DIRECTION('center_axis',(7.88839991547255E-16,0.992546151641323,-0.121869343405141));
#5827=DIRECTION('ref_axis',(-1.,7.94764042198734E-16,-3.69778549322349E-32));
#5828=DIRECTION('',(-1.,7.82960097871001E-16,-9.6135411821595E-17));
#5829=DIRECTION('',(-1.,7.94764042198734E-16,-3.69778549322349E-32));
#5830=DIRECTION('',(-2.6746428630279E-32,0.121869343405141,0.992546151641323));
#5831=DIRECTION('center_axis',(1.,-7.82960097871002E-16,9.61354118215811E-17));
#5832=DIRECTION('ref_axis',(7.88839991547255E-16,0.992546151641322,-0.121869343405148));
#5833=DIRECTION('',(-7.88839991547255E-16,-0.992546151641323,0.121869343405141));
#5834=DIRECTION('',(2.6746428630279E-32,-0.121869343405141,-0.992546151641323));
#5835=DIRECTION('center_axis',(-7.88839991547255E-16,-0.992546151641323,
0.121869343405141));
#5836=DIRECTION('ref_axis',(1.,-7.94764042198734E-16,3.69778549322349E-32));
#5837=DIRECTION('',(1.,-7.94764042198734E-16,3.69778549322349E-32));
#5838=DIRECTION('center_axis',(-2.6746428630279E-32,0.121869343405141,0.992546151641323));
#5839=DIRECTION('ref_axis',(1.,-1.4791141972894E-31,4.00593428432545E-32));
#5840=DIRECTION('center_axis',(-1.,7.82960097871002E-16,-9.61354118215811E-17));
#5841=DIRECTION('ref_axis',(-7.88839991547255E-16,-0.992546151641322,0.121869343405148));
#5842=DIRECTION('',(-2.6746428630279E-32,0.121869343405141,0.992546151641323));
#5843=DIRECTION('',(7.88839991547255E-16,0.992546151641323,-0.121869343405141));
#5844=DIRECTION('',(2.6746428630279E-32,-0.121869343405141,-0.992546151641323));
#5845=DIRECTION('center_axis',(7.88839991547255E-16,0.992546151641323,-0.121869343405141));
#5846=DIRECTION('ref_axis',(-1.,7.94764042198734E-16,-3.69778549322349E-32));
#5847=DIRECTION('',(-1.,7.82960097871001E-16,-9.6135411821595E-17));
#5848=DIRECTION('',(-1.,7.94764042198734E-16,-3.69778549322349E-32));
#5849=DIRECTION('',(-2.6746428630279E-32,0.121869343405141,0.992546151641323));
#5850=DIRECTION('center_axis',(1.,-7.82960097871002E-16,9.61354118215811E-17));
#5851=DIRECTION('ref_axis',(7.88839991547255E-16,0.992546151641322,-0.121869343405148));
#5852=DIRECTION('',(-7.88839991547255E-16,-0.992546151641322,0.121869343405148));
#5853=DIRECTION('',(-7.88839991547255E-16,-0.992546151641323,0.121869343405141));
#5854=DIRECTION('',(2.6746428630279E-32,-0.121869343405141,-0.992546151641323));
#5855=DIRECTION('center_axis',(-7.88839991547255E-16,-0.992546151641323,
0.121869343405141));
#5856=DIRECTION('ref_axis',(1.,-7.94764042198734E-16,3.69778549322349E-32));
#5857=DIRECTION('',(1.,-7.94764042198734E-16,3.69778549322349E-32));
#5858=DIRECTION('center_axis',(-2.6746428630279E-32,0.121869343405141,0.992546151641323));
#5859=DIRECTION('ref_axis',(1.,-1.4791141972894E-31,4.00593428432545E-32));
#5860=DIRECTION('center_axis',(-1.00821039135586E-12,0.121869343405148,
0.992546151641322));
#5861=DIRECTION('ref_axis',(-7.88839991547255E-16,-0.992546151641322,0.121869343405148));
#5862=DIRECTION('',(1.,1.22086978310915E-13,1.00079147939687E-12));
#5863=DIRECTION('',(7.88839991547255E-16,0.992546151641322,-0.121869343405148));
#5864=DIRECTION('center_axis',(-1.,-1.22086978310915E-13,-1.00079147939687E-12));
#5865=DIRECTION('ref_axis',(1.00821039135586E-12,-0.121869343405148,-0.992546151641322));
#5866=DIRECTION('',(1.00821039135586E-12,-0.121869343405148,-0.992546151641322));
#5867=DIRECTION('center_axis',(7.88839991547255E-16,0.992546151641322,-0.121869343405148));
#5868=DIRECTION('ref_axis',(-1.00821039135586E-12,0.121869343405148,0.992546151641322));
#5869=DIRECTION('center_axis',(-4.00593428432545E-32,2.49733431713483E-63,
1.));
#5870=DIRECTION('ref_axis',(-1.,1.46668319492108E-31,-4.03394781078928E-32));
#5871=DIRECTION('',(-4.00593428432545E-32,2.49733431713483E-63,1.));
#5872=DIRECTION('center_axis',(1.22464679914735E-16,-1.01890826284717E-47,
1.));
#5873=DIRECTION('ref_axis',(-1.,1.46230608141111E-31,1.22464679914735E-16));
#5874=DIRECTION('center_axis',(-4.00593428432545E-32,2.49733431713483E-63,
1.));
#5875=DIRECTION('ref_axis',(-1.,1.46668319492108E-31,-4.03394781078928E-32));
#5876=DIRECTION('',(-4.00593428432545E-32,2.49733431713483E-63,1.));
#5877=DIRECTION('center_axis',(1.22464679914735E-16,-1.01890826284717E-47,
1.));
#5878=DIRECTION('ref_axis',(-1.,1.46230608141111E-31,1.22464679914735E-16));
#5879=DIRECTION('center_axis',(-4.00593428432545E-32,2.49733431713483E-63,
1.));
#5880=DIRECTION('ref_axis',(-1.,1.4929458759809E-31,-4.03394781078926E-32));
#5881=DIRECTION('',(-4.00593428432545E-32,2.49733431713483E-63,1.));
#5882=DIRECTION('center_axis',(1.22464679914735E-16,-1.01890826284717E-47,
1.));
#5883=DIRECTION('ref_axis',(-1.,1.49732298949087E-31,1.22464679914735E-16));
#5884=DIRECTION('center_axis',(-4.00593428432545E-32,2.49733431713483E-63,
1.));
#5885=DIRECTION('ref_axis',(-1.,1.50170010300084E-31,-3.68377872999156E-32));
#5886=DIRECTION('',(-4.00593428432545E-32,2.49733431713483E-63,1.));
#5887=DIRECTION('center_axis',(1.22464679914735E-16,-1.01890826284717E-47,
1.));
#5888=DIRECTION('ref_axis',(-1.,1.49732298949087E-31,1.22464679914735E-16));
#5889=DIRECTION('center_axis',(1.22464679914735E-16,-1.01890826284717E-47,
1.));
#5890=DIRECTION('ref_axis',(-1.,1.4482993181792E-31,1.22464679914735E-16));
#5891=DIRECTION('center_axis',(1.22464679914735E-16,-1.01890826284717E-47,
1.));
#5892=DIRECTION('ref_axis',(-1.,1.4980525084092E-31,-4.12149008098866E-32));
#5893=DIRECTION('center_axis',(1.22464679914735E-16,-1.01890826284717E-47,
1.));
#5894=DIRECTION('ref_axis',(-1.,1.4482993181792E-31,1.22464679914735E-16));
#5895=DIRECTION('center_axis',(1.22464679914735E-16,-1.01890826284717E-47,
1.));
#5896=DIRECTION('ref_axis',(-1.,1.4980525084092E-31,-4.12149008098866E-32));
#5897=DIRECTION('center_axis',(1.22464679914735E-16,-1.01890826284717E-47,
1.));
#5898=DIRECTION('ref_axis',(-1.,1.4482993181792E-31,1.22464679914735E-16));
#5899=DIRECTION('center_axis',(1.22464679914735E-16,-1.01890826284717E-47,
1.));
#5900=DIRECTION('ref_axis',(-1.,1.47397838410438E-31,-4.12149008098875E-32));
#5901=DIRECTION('center_axis',(1.22464679914735E-16,-1.01890826284717E-47,
1.));
#5902=DIRECTION('ref_axis',(-1.,1.4482993181792E-31,1.22464679914735E-16));
#5903=DIRECTION('center_axis',(1.22464679914735E-16,-1.01890826284717E-47,
1.));
#5904=DIRECTION('ref_axis',(-1.,1.47397838410438E-31,-4.12149008098875E-32));
#5905=DIRECTION('center_axis',(4.00593428432545E-32,-2.49733431713483E-63,
-1.));
#5906=DIRECTION('ref_axis',(-1.,1.4980525084092E-31,-4.12149008098866E-32));
#5907=DIRECTION('',(4.00593428432545E-32,-2.49733431713483E-63,-1.));
#5908=DIRECTION('center_axis',(4.00593428432545E-32,-2.49733431713483E-63,
-1.));
#5909=DIRECTION('ref_axis',(-1.,1.4980525084092E-31,-4.12149008098866E-32));
#5910=DIRECTION('',(4.00593428432545E-32,-2.49733431713483E-63,-1.));
#5911=DIRECTION('center_axis',(4.00593428432545E-32,-2.49733431713483E-63,
-1.));
#5912=DIRECTION('ref_axis',(-1.,1.47397838410438E-31,-4.12149008098875E-32));
#5913=DIRECTION('',(4.00593428432545E-32,-2.49733431713483E-63,-1.));
#5914=DIRECTION('center_axis',(4.00593428432545E-32,-2.49733431713483E-63,
-1.));
#5915=DIRECTION('ref_axis',(-1.,1.47397838410438E-31,-4.12149008098875E-32));
#5916=DIRECTION('',(4.00593428432545E-32,-2.49733431713483E-63,-1.));
#5917=DIRECTION('center_axis',(-1.,-2.02630736217893E-16,1.22464679914735E-16));
#5918=DIRECTION('ref_axis',(-1.22464679914735E-16,1.01890826284717E-47,
-1.));
#5919=DIRECTION('center_axis',(1.46755861762307E-31,1.,1.61899430065205E-63));
#5920=DIRECTION('ref_axis',(1.,-1.4482993181792E-31,-1.22464679914735E-16));
#5921=DIRECTION('',(4.00593428432545E-32,-2.49733431713483E-63,-1.));
#5922=DIRECTION('center_axis',(1.,-1.4791141972894E-31,4.00593428432545E-32));
#5923=DIRECTION('ref_axis',(-1.46755861762307E-31,-1.,-1.61899430065205E-63));
#5924=DIRECTION('center_axis',(1.,6.05665660279049E-16,4.93038065763132E-32));
#5925=DIRECTION('ref_axis',(6.05665660279049E-16,-1.,7.46540564107831E-48));
#5926=DIRECTION('center_axis',(1.46755861762307E-31,1.,1.61899430065205E-63));
#5927=DIRECTION('ref_axis',(1.,-1.4482993181792E-31,-1.22464679914735E-16));
#5928=DIRECTION('',(4.00593428432545E-32,-2.49733431713483E-63,-1.));
#5929=DIRECTION('center_axis',(1.,-1.4791141972894E-31,4.00593428432545E-32));
#5930=DIRECTION('ref_axis',(-1.46755861762307E-31,-1.,-1.61899430065205E-63));
#5931=DIRECTION('center_axis',(-1.77635683940022E-14,1.,-2.1895288505075E-46));
#5932=DIRECTION('ref_axis',(1.,1.77635683940023E-14,-1.22464679914735E-16));
#5933=DIRECTION('',(4.00593428432545E-32,-2.49733431713483E-63,-1.));
#5934=DIRECTION('center_axis',(1.,-1.4791141972894E-31,4.00593428432545E-32));
#5935=DIRECTION('ref_axis',(-1.46755861762307E-31,-1.,-1.61899430065205E-63));
#5936=DIRECTION('',(0.,0.,1.));
#5937=DIRECTION('',(1.,0.,0.));
#5938=CARTESIAN_POINT('',(0.,0.,0.));
#5939=CARTESIAN_POINT('',(0.,0.,0.));
#5940=CARTESIAN_POINT('Origin',(-321.423,-920.755307772944,9.92546151641333));
#5941=CARTESIAN_POINT('',(-319.423,-920.755307772944,9.92546151641333));
#5942=CARTESIAN_POINT('',(-321.423,-920.755307772944,9.92546151641333));
#5943=CARTESIAN_POINT('',(-277.608375,-920.755307772944,9.92546151641331));
#5944=CARTESIAN_POINT('',(-319.423,-920.755307772944,11.9254615164133));
#5945=CARTESIAN_POINT('',(-319.423,-920.755307772944,9.92546151641333));
#5946=CARTESIAN_POINT('',(-321.423,-920.755307772944,11.9254615164133));
#5947=CARTESIAN_POINT('',(-277.608375,-920.755307772944,11.9254615164133));
#5948=CARTESIAN_POINT('',(-321.423,-920.755307772944,9.92546151641333));
#5949=CARTESIAN_POINT('Origin',(-233.79375,-876.899807169446,11.9254615164133));
#5950=CARTESIAN_POINT('',(-319.423,-918.755807772943,11.9254615164133));
#5951=CARTESIAN_POINT('',(-319.423,-920.893307772944,11.9254615164133));
#5952=CARTESIAN_POINT('',(-321.423,-918.755807772943,11.9254615164133));
#5953=CARTESIAN_POINT('',(-319.423,-918.755807772943,11.9254615164133));
#5954=CARTESIAN_POINT('',(-321.423,-920.893307772944,11.9254615164133));
#5955=CARTESIAN_POINT('Origin',(-233.79375,-876.899807169446,9.92546151641331));
#5956=CARTESIAN_POINT('',(-101.3125,-831.306306565949,9.9254615164133));
#5957=CARTESIAN_POINT('',(-366.275,-831.306306565949,9.92546151641333));
#5958=CARTESIAN_POINT('',(-233.79375,-831.306306565949,9.92546151641331));
#5959=CARTESIAN_POINT('',(-367.475,-832.506306565949,9.92546151641333));
#5960=CARTESIAN_POINT('Origin',(-366.275,-832.506306565949,9.92546151641333));
#5961=CARTESIAN_POINT('',(-367.475,-921.293307772943,9.92546151641333));
#5962=CARTESIAN_POINT('',(-367.475,-876.899807169446,9.92546151641333));
#5963=CARTESIAN_POINT('',(-366.275,-922.493307772943,9.92546151641332));
#5964=CARTESIAN_POINT('Origin',(-366.275,-921.293307772943,9.92546151641332));
#5965=CARTESIAN_POINT('',(-101.3125,-922.493307772943,9.92546151641329));
#5966=CARTESIAN_POINT('',(-233.79375,-922.493307772943,9.92546151641331));
#5967=CARTESIAN_POINT('',(-100.1125,-921.293307772943,9.9254615164133));
#5968=CARTESIAN_POINT('Origin',(-101.3125,-921.293307772943,9.9254615164133));
#5969=CARTESIAN_POINT('',(-100.1125,-832.506306565949,9.9254615164133));
#5970=CARTESIAN_POINT('',(-100.1125,-876.899807169446,9.9254615164133));
#5971=CARTESIAN_POINT('Origin',(-101.3125,-832.506306565949,9.9254615164133));
#5972=CARTESIAN_POINT('',(-319.423,-920.393307772943,9.92546151641331));
#5973=CARTESIAN_POINT('',(-319.423,-898.896557471195,9.92546151641332));
#5974=CARTESIAN_POINT('',(-321.423,-920.393307772944,9.92546151641333));
#5975=CARTESIAN_POINT('',(-321.423,-897.827807471195,9.92546151641332));
#5976=CARTESIAN_POINT('',(-321.923,-920.893307772944,9.92546151641332));
#5977=CARTESIAN_POINT('Origin',(-321.923,-920.393307772944,9.92546151641331));
#5978=CARTESIAN_POINT('',(-365.375,-920.893307772944,9.92546151641332));
#5979=CARTESIAN_POINT('',(-277.608375,-920.893307772944,9.92546151641331));
#5980=CARTESIAN_POINT('',(-365.875,-920.393307772944,9.92546151641333));
#5981=CARTESIAN_POINT('Origin',(-365.375,-920.393307772944,9.92546151641331));
#5982=CARTESIAN_POINT('',(-365.875,-878.399807169446,9.92546151641333));
#5983=CARTESIAN_POINT('',(-365.875,-898.896557471195,9.92546151641333));
#5984=CARTESIAN_POINT('',(-365.375,-877.899807169447,9.92546151641331));
#5985=CARTESIAN_POINT('Origin',(-365.375,-878.399807169446,9.92546151641331));
#5986=CARTESIAN_POINT('',(-365.737,-877.899807169447,9.92546151641334));
#5987=CARTESIAN_POINT('',(-299.834375,-877.899807169447,9.92546151641331));
#5988=CARTESIAN_POINT('',(-365.737,-875.899807169446,9.92546151641335));
#5989=CARTESIAN_POINT('',(-365.737,-876.399807169446,9.92546151641332));
#5990=CARTESIAN_POINT('',(-365.375,-875.899807169446,9.92546151641334));
#5991=CARTESIAN_POINT('',(-298.765625,-875.899807169446,9.92546151641331));
#5992=CARTESIAN_POINT('',(-365.875,-875.399807169447,9.92546151641333));
#5993=CARTESIAN_POINT('Origin',(-365.375,-875.399807169447,9.92546151641331));
#5994=CARTESIAN_POINT('',(-365.875,-833.406306565949,9.92546151641333));
#5995=CARTESIAN_POINT('',(-365.875,-876.399807169446,9.92546151641333));
#5996=CARTESIAN_POINT('',(-365.375,-832.906306565949,9.92546151641334));
#5997=CARTESIAN_POINT('Origin',(-365.375,-833.406306565949,9.92546151641331));
#5998=CARTESIAN_POINT('',(-321.923,-832.906306565949,9.92546151641333));
#5999=CARTESIAN_POINT('',(-299.834375,-832.906306565949,9.92546151641333));
#6000=CARTESIAN_POINT('',(-321.423,-833.406306565949,9.92546151641331));
#6001=CARTESIAN_POINT('Origin',(-321.923,-833.406306565949,9.92546151641331));
#6002=CARTESIAN_POINT('',(-321.423,-833.044306565949,9.92546151641333));
#6003=CARTESIAN_POINT('',(-321.423,-854.903056867698,9.92546151641332));
#6004=CARTESIAN_POINT('',(-319.423,-833.044306565949,9.92546151641333));
#6005=CARTESIAN_POINT('',(-276.608375,-833.044306565949,9.92546151641331));
#6006=CARTESIAN_POINT('',(-319.423,-833.406306565949,9.92546151641332));
#6007=CARTESIAN_POINT('',(-319.423,-855.971806867698,9.92546151641332));
#6008=CARTESIAN_POINT('',(-318.923,-832.906306565949,9.92546151641332));
#6009=CARTESIAN_POINT('Origin',(-318.923,-833.406306565949,9.92546151641331));
#6010=CARTESIAN_POINT('',(-235.29375,-832.906306565949,9.92546151641331));
#6011=CARTESIAN_POINT('',(-276.608375,-832.906306565949,9.92546151641331));
#6012=CARTESIAN_POINT('',(-234.79375,-833.406306565949,9.92546151641331));
#6013=CARTESIAN_POINT('Origin',(-235.29375,-833.406306565949,9.92546151641331));
#6014=CARTESIAN_POINT('',(-234.79375,-833.044306565949,9.92546151641333));
#6015=CARTESIAN_POINT('',(-234.79375,-854.903056867698,9.92546151641331));
#6016=CARTESIAN_POINT('',(-232.79375,-833.044306565949,9.92546151641333));
#6017=CARTESIAN_POINT('',(-233.29375,-833.044306565949,9.92546151641331));
#6018=CARTESIAN_POINT('',(-232.79375,-833.406306565949,9.92546151641331));
#6019=CARTESIAN_POINT('',(-232.79375,-855.971806867698,9.92546151641331));
#6020=CARTESIAN_POINT('',(-232.29375,-832.906306565949,9.92546151641331));
#6021=CARTESIAN_POINT('Origin',(-232.29375,-833.406306565949,9.92546151641331));
#6022=CARTESIAN_POINT('',(-148.6645,-832.906306565949,9.9254615164133));
#6023=CARTESIAN_POINT('',(-233.29375,-832.906306565949,9.92546151641331));
#6024=CARTESIAN_POINT('',(-148.1645,-833.406306565949,9.92546151641331));
#6025=CARTESIAN_POINT('Origin',(-148.6645,-833.406306565949,9.92546151641331));
#6026=CARTESIAN_POINT('',(-148.1645,-833.044306565949,9.92546151641331));
#6027=CARTESIAN_POINT('',(-148.1645,-854.903056867698,9.92546151641329));
#6028=CARTESIAN_POINT('',(-146.1645,-833.044306565949,9.92546151641331));
#6029=CARTESIAN_POINT('',(-189.979125,-833.044306565949,9.9254615164133));
#6030=CARTESIAN_POINT('',(-146.1645,-833.406306565949,9.9254615164133));
#6031=CARTESIAN_POINT('',(-146.1645,-855.971806867698,9.92546151641329));
#6032=CARTESIAN_POINT('',(-145.6645,-832.906306565949,9.92546151641331));
#6033=CARTESIAN_POINT('Origin',(-145.6645,-833.406306565949,9.92546151641331));
#6034=CARTESIAN_POINT('',(-102.2125,-832.906306565949,9.9254615164133));
#6035=CARTESIAN_POINT('',(-189.979125,-832.906306565949,9.92546151641331));
#6036=CARTESIAN_POINT('',(-101.7125,-833.406306565949,9.92546151641331));
#6037=CARTESIAN_POINT('Origin',(-102.2125,-833.406306565949,9.92546151641331));
#6038=CARTESIAN_POINT('',(-101.7125,-875.399807169446,9.92546151641331));
#6039=CARTESIAN_POINT('',(-101.7125,-854.903056867698,9.92546151641331));
#6040=CARTESIAN_POINT('',(-102.2125,-875.899807169446,9.92546151641331));
#6041=CARTESIAN_POINT('Origin',(-102.2125,-875.399807169446,9.92546151641331));
#6042=CARTESIAN_POINT('',(-101.8505,-875.899807169446,9.92546151641331));
#6043=CARTESIAN_POINT('',(-167.753125,-875.899807169446,9.9254615164133));
#6044=CARTESIAN_POINT('',(-101.8505,-877.899807169446,9.92546151641331));
#6045=CARTESIAN_POINT('',(-101.8505,-877.399807169446,9.92546151641329));
#6046=CARTESIAN_POINT('',(-102.2125,-877.899807169446,9.92546151641329));
#6047=CARTESIAN_POINT('',(-168.821875,-877.899807169446,9.9254615164133));
#6048=CARTESIAN_POINT('',(-101.7125,-878.399807169446,9.9254615164133));
#6049=CARTESIAN_POINT('Origin',(-102.2125,-878.399807169446,9.92546151641331));
#6050=CARTESIAN_POINT('',(-101.7125,-920.393307772943,9.9254615164133));
#6051=CARTESIAN_POINT('',(-101.7125,-877.399807169446,9.9254615164133));
#6052=CARTESIAN_POINT('',(-102.2125,-920.893307772943,9.92546151641329));
#6053=CARTESIAN_POINT('Origin',(-102.2125,-920.393307772943,9.92546151641331));
#6054=CARTESIAN_POINT('',(-232.29375,-920.893307772943,9.9254615164133));
#6055=CARTESIAN_POINT('',(-167.753125,-920.893307772943,9.9254615164133));
#6056=CARTESIAN_POINT('',(-232.79375,-920.393307772943,9.92546151641331));
#6057=CARTESIAN_POINT('Origin',(-232.29375,-920.393307772943,9.92546151641331));
#6058=CARTESIAN_POINT('',(-232.79375,-920.755307772944,9.92546151641333));
#6059=CARTESIAN_POINT('',(-232.79375,-898.896557471195,9.92546151641331));
#6060=CARTESIAN_POINT('',(-234.79375,-920.755307772944,9.92546151641333));
#6061=CARTESIAN_POINT('',(-234.29375,-920.755307772944,9.92546151641331));
#6062=CARTESIAN_POINT('',(-234.79375,-920.393307772943,9.92546151641331));
#6063=CARTESIAN_POINT('',(-234.79375,-897.827807471195,9.92546151641331));
#6064=CARTESIAN_POINT('',(-235.29375,-920.893307772943,9.92546151641331));
#6065=CARTESIAN_POINT('Origin',(-235.29375,-920.393307772943,9.92546151641331));
#6066=CARTESIAN_POINT('',(-318.923,-920.893307772943,9.92546151641332));
#6067=CARTESIAN_POINT('',(-234.29375,-920.893307772943,9.92546151641331));
#6068=CARTESIAN_POINT('Origin',(-318.923,-920.393307772943,9.92546151641331));
#6069=CARTESIAN_POINT('Origin',(-319.423,-833.044306565949,9.92546151641333));
#6070=CARTESIAN_POINT('',(-321.423,-833.044306565949,11.9254615164133));
#6071=CARTESIAN_POINT('',(-321.423,-833.044306565949,9.92546151641333));
#6072=CARTESIAN_POINT('',(-319.423,-833.044306565949,11.9254615164133));
#6073=CARTESIAN_POINT('',(-276.608375,-833.044306565949,11.9254615164133));
#6074=CARTESIAN_POINT('',(-319.423,-833.044306565949,9.92546151641333));
#6075=CARTESIAN_POINT('Origin',(-233.79375,-876.899807169446,11.9254615164133));
#6076=CARTESIAN_POINT('',(-321.423,-835.043806565949,11.9254615164133));
#6077=CARTESIAN_POINT('',(-321.423,-832.906306565949,11.9254615164133));
#6078=CARTESIAN_POINT('',(-319.423,-835.043806565949,11.9254615164133));
#6079=CARTESIAN_POINT('',(-321.423,-835.043806565949,11.9254615164133));
#6080=CARTESIAN_POINT('',(-319.423,-832.906306565949,11.9254615164133));
#6081=CARTESIAN_POINT('Origin',(-101.8505,-877.899807169446,9.92546151641331));
#6082=CARTESIAN_POINT('',(-101.8505,-875.899807169446,11.9254615164133));
#6083=CARTESIAN_POINT('',(-101.8505,-875.899807169446,9.92546151641331));
#6084=CARTESIAN_POINT('',(-101.8505,-877.899807169446,11.9254615164133));
#6085=CARTESIAN_POINT('',(-101.8505,-877.399807169446,11.9254615164133));
#6086=CARTESIAN_POINT('',(-101.8505,-877.899807169446,9.92546151641331));
#6087=CARTESIAN_POINT('Origin',(-233.79375,-876.899807169446,11.9254615164133));
#6088=CARTESIAN_POINT('',(-103.85,-875.899807169446,11.9254615164133));
#6089=CARTESIAN_POINT('',(-101.7125,-875.899807169446,11.9254615164133));
#6090=CARTESIAN_POINT('',(-103.85,-877.899807169446,11.9254615164133));
#6091=CARTESIAN_POINT('',(-103.85,-875.899807169446,11.9254615164133));
#6092=CARTESIAN_POINT('',(-101.7125,-877.899807169446,11.9254615164133));
#6093=CARTESIAN_POINT('Origin',(-233.79375,-876.899807169446,11.9254615164133));
#6094=CARTESIAN_POINT('',(-234.79375,-920.755307772943,11.9254615164133));
#6095=CARTESIAN_POINT('',(-232.79375,-920.755307772943,11.9254615164133));
#6096=CARTESIAN_POINT('',(-234.29375,-920.755307772943,11.9254615164133));
#6097=CARTESIAN_POINT('',(-232.79375,-918.755807772943,11.9254615164133));
#6098=CARTESIAN_POINT('',(-232.79375,-920.893307772943,11.9254615164133));
#6099=CARTESIAN_POINT('',(-234.79375,-918.755807772943,11.9254615164133));
#6100=CARTESIAN_POINT('',(-232.79375,-918.755807772943,11.9254615164133));
#6101=CARTESIAN_POINT('',(-234.79375,-920.893307772943,11.9254615164133));
#6102=CARTESIAN_POINT('Origin',(-234.79375,-920.755307772944,9.92546151641333));
#6103=CARTESIAN_POINT('',(-232.79375,-920.755307772944,9.92546151641333));
#6104=CARTESIAN_POINT('',(-234.79375,-920.755307772944,9.92546151641333));
#6105=CARTESIAN_POINT('Origin',(-146.1645,-833.044306565949,9.92546151641331));
#6106=CARTESIAN_POINT('',(-148.1645,-833.044306565949,11.9254615164133));
#6107=CARTESIAN_POINT('',(-148.1645,-833.044306565949,9.92546151641331));
#6108=CARTESIAN_POINT('',(-146.1645,-833.044306565949,11.9254615164133));
#6109=CARTESIAN_POINT('',(-189.979125,-833.044306565949,11.9254615164133));
#6110=CARTESIAN_POINT('',(-146.1645,-833.044306565949,9.92546151641331));
#6111=CARTESIAN_POINT('Origin',(-233.79375,-876.899807169446,11.9254615164133));
#6112=CARTESIAN_POINT('',(-148.1645,-835.043806565949,11.9254615164133));
#6113=CARTESIAN_POINT('',(-148.1645,-832.906306565949,11.9254615164133));
#6114=CARTESIAN_POINT('',(-146.1645,-835.043806565949,11.9254615164133));
#6115=CARTESIAN_POINT('',(-148.1645,-835.043806565949,11.9254615164133));
#6116=CARTESIAN_POINT('',(-146.1645,-832.906306565949,11.9254615164133));
#6117=CARTESIAN_POINT('Origin',(-233.79375,-876.899807169446,11.9254615164133));
#6118=CARTESIAN_POINT('',(-365.737,-875.899807169446,11.9254615164133));
#6119=CARTESIAN_POINT('',(-365.737,-877.899807169446,11.9254615164133));
#6120=CARTESIAN_POINT('',(-365.737,-876.399807169446,11.9254615164133));
#6121=CARTESIAN_POINT('',(-363.7375,-877.899807169446,11.9254615164133));
#6122=CARTESIAN_POINT('',(-365.875,-877.899807169446,11.9254615164133));
#6123=CARTESIAN_POINT('',(-363.7375,-875.899807169446,11.9254615164133));
#6124=CARTESIAN_POINT('',(-363.7375,-877.899807169446,11.9254615164133));
#6125=CARTESIAN_POINT('',(-365.875,-875.899807169446,11.9254615164133));
#6126=CARTESIAN_POINT('Origin',(-365.737,-875.899807169446,9.92546151641335));
#6127=CARTESIAN_POINT('',(-365.737,-877.899807169447,9.92546151641334));
#6128=CARTESIAN_POINT('',(-365.737,-875.899807169446,9.92546151641335));
#6129=CARTESIAN_POINT('Origin',(-233.79375,-876.899807169446,11.9254615164133));
#6130=CARTESIAN_POINT('',(-232.79375,-833.044306565949,11.9254615164133));
#6131=CARTESIAN_POINT('',(-234.79375,-833.044306565949,11.9254615164133));
#6132=CARTESIAN_POINT('',(-233.29375,-833.044306565949,11.9254615164133));
#6133=CARTESIAN_POINT('',(-234.79375,-835.043806565949,11.9254615164133));
#6134=CARTESIAN_POINT('',(-234.79375,-832.906306565949,11.9254615164133));
#6135=CARTESIAN_POINT('',(-232.79375,-835.043806565949,11.9254615164133));
#6136=CARTESIAN_POINT('',(-234.79375,-835.043806565949,11.9254615164133));
#6137=CARTESIAN_POINT('',(-232.79375,-832.906306565949,11.9254615164133));
#6138=CARTESIAN_POINT('Origin',(-232.79375,-833.044306565949,9.92546151641333));
#6139=CARTESIAN_POINT('',(-234.79375,-833.044306565949,9.92546151641333));
#6140=CARTESIAN_POINT('',(-232.79375,-833.044306565949,9.92546151641333));
#6141=CARTESIAN_POINT('Origin',(-102.2125,-878.399807169446,9.92546151641331));
#6142=CARTESIAN_POINT('',(-101.7125,-878.399807169446,7.52546151641329));
#6143=CARTESIAN_POINT('',(-102.2125,-877.899807169446,7.5254615164133));
#6144=CARTESIAN_POINT('Origin',(-102.2125,-878.399807169446,7.52546151641332));
#6145=CARTESIAN_POINT('',(-101.7125,-878.399807169446,9.92546151641331));
#6146=CARTESIAN_POINT('',(-102.2125,-877.899807169446,9.92546151641331));
#6147=CARTESIAN_POINT('Origin',(-101.7125,-877.899807169446,9.92546151641331));
#6148=CARTESIAN_POINT('',(-101.7125,-920.393307772943,7.52546151641329));
#6149=CARTESIAN_POINT('',(-101.7125,-920.893307772943,7.52546151641329));
#6150=CARTESIAN_POINT('',(-101.7125,-920.393307772943,9.9254615164133));
#6151=CARTESIAN_POINT('Origin',(-102.2125,-875.399807169446,9.92546151641331));
#6152=CARTESIAN_POINT('',(-102.2125,-875.899807169446,7.52546151641331));
#6153=CARTESIAN_POINT('',(-101.7125,-875.399807169446,7.52546151641329));
#6154=CARTESIAN_POINT('Origin',(-102.2125,-875.399807169446,7.52546151641332));
#6155=CARTESIAN_POINT('',(-102.2125,-875.899807169446,9.92546151641331));
#6156=CARTESIAN_POINT('',(-101.7125,-875.399807169446,9.92546151641331));
#6157=CARTESIAN_POINT('Origin',(-101.7125,-875.899807169446,9.92546151641331));
#6158=CARTESIAN_POINT('',(-103.85,-875.899807169446,7.52546151641331));
#6159=CARTESIAN_POINT('',(-101.7125,-875.899807169446,7.52546151641331));
#6160=CARTESIAN_POINT('',(-103.85,-875.899807169446,9.92546151641331));
#6161=CARTESIAN_POINT('Origin',(-232.29375,-920.393307772943,9.92546151641331));
#6162=CARTESIAN_POINT('',(-232.79375,-920.393307772943,7.52546151641332));
#6163=CARTESIAN_POINT('',(-232.29375,-920.893307772943,7.52546151641332));
#6164=CARTESIAN_POINT('Origin',(-232.29375,-920.393307772943,7.52546151641332));
#6165=CARTESIAN_POINT('',(-232.79375,-920.393307772943,9.92546151641331));
#6166=CARTESIAN_POINT('',(-232.29375,-920.893307772943,9.92546151641331));
#6167=CARTESIAN_POINT('Origin',(-232.79375,-920.893307772943,9.92546151641332));
#6168=CARTESIAN_POINT('',(-232.79375,-918.755807772943,7.52546151641333));
#6169=CARTESIAN_POINT('',(-232.79375,-920.893307772943,7.52546151641332));
#6170=CARTESIAN_POINT('',(-232.79375,-918.755807772943,9.92546151641333));
#6171=CARTESIAN_POINT('Origin',(-235.29375,-920.393307772943,9.92546151641333));
#6172=CARTESIAN_POINT('',(-235.29375,-920.893307772943,7.52546151641332));
#6173=CARTESIAN_POINT('',(-234.79375,-920.393307772943,7.52546151641332));
#6174=CARTESIAN_POINT('Origin',(-235.29375,-920.393307772943,7.52546151641332));
#6175=CARTESIAN_POINT('',(-235.29375,-920.893307772943,9.92546151641333));
#6176=CARTESIAN_POINT('',(-234.79375,-920.393307772943,9.92546151641333));
#6177=CARTESIAN_POINT('Origin',(-234.79375,-920.893307772943,9.92546151641332));
#6178=CARTESIAN_POINT('',(-318.923,-920.893307772943,7.52546151641333));
#6179=CARTESIAN_POINT('',(-101.7125,-920.893307772943,7.5254615164133));
#6180=CARTESIAN_POINT('',(-318.923,-920.893307772943,9.92546151641332));
#6181=CARTESIAN_POINT('Origin',(-318.923,-920.393307772943,9.92546151641332));
#6182=CARTESIAN_POINT('',(-319.423,-920.393307772943,7.52546151641332));
#6183=CARTESIAN_POINT('Origin',(-318.923,-920.393307772943,7.52546151641332));
#6184=CARTESIAN_POINT('',(-319.423,-920.393307772943,9.92546151641332));
#6185=CARTESIAN_POINT('Origin',(-319.423,-920.893307772944,9.92546151641332));
#6186=CARTESIAN_POINT('',(-319.423,-918.755807772943,7.52546151641333));
#6187=CARTESIAN_POINT('',(-319.423,-920.893307772944,7.52546151641332));
#6188=CARTESIAN_POINT('',(-319.423,-918.755807772943,9.92546151641333));
#6189=CARTESIAN_POINT('Origin',(-321.923,-920.393307772944,9.92546151641333));
#6190=CARTESIAN_POINT('',(-321.923,-920.893307772943,7.52546151641333));
#6191=CARTESIAN_POINT('',(-321.423,-920.393307772944,7.52546151641332));
#6192=CARTESIAN_POINT('Origin',(-321.923,-920.393307772944,7.52546151641332));
#6193=CARTESIAN_POINT('',(-321.923,-920.893307772944,9.92546151641333));
#6194=CARTESIAN_POINT('',(-321.423,-920.393307772944,9.92546151641333));
#6195=CARTESIAN_POINT('Origin',(-321.423,-920.893307772944,9.92546151641333));
#6196=CARTESIAN_POINT('',(-365.375,-920.893307772943,7.52546151641334));
#6197=CARTESIAN_POINT('',(-101.7125,-920.893307772943,7.5254615164133));
#6198=CARTESIAN_POINT('',(-365.375,-920.893307772944,9.92546151641333));
#6199=CARTESIAN_POINT('Origin',(-365.375,-875.399807169447,9.92546151641335));
#6200=CARTESIAN_POINT('',(-365.875,-875.399807169447,7.52546151641334));
#6201=CARTESIAN_POINT('',(-365.375,-875.899807169446,7.52546151641336));
#6202=CARTESIAN_POINT('Origin',(-365.375,-875.399807169447,7.52546151641332));
#6203=CARTESIAN_POINT('',(-365.875,-875.399807169447,9.92546151641335));
#6204=CARTESIAN_POINT('',(-365.375,-875.899807169446,9.92546151641335));
#6205=CARTESIAN_POINT('Origin',(-365.875,-875.899807169446,9.92546151641335));
#6206=CARTESIAN_POINT('',(-365.875,-833.406306565949,7.52546151641334));
#6207=CARTESIAN_POINT('',(-365.875,-920.893307772944,7.52546151641334));
#6208=CARTESIAN_POINT('',(-365.875,-833.406306565949,9.92546151641335));
#6209=CARTESIAN_POINT('Origin',(-365.375,-878.399807169446,9.92546151641334));
#6210=CARTESIAN_POINT('',(-365.375,-877.899807169447,7.52546151641335));
#6211=CARTESIAN_POINT('',(-365.875,-878.399807169446,7.52546151641334));
#6212=CARTESIAN_POINT('Origin',(-365.375,-878.399807169446,7.52546151641332));
#6213=CARTESIAN_POINT('',(-365.375,-877.899807169447,9.92546151641334));
#6214=CARTESIAN_POINT('',(-365.875,-878.399807169446,9.92546151641334));
#6215=CARTESIAN_POINT('Origin',(-365.875,-877.899807169447,9.92546151641334));
#6216=CARTESIAN_POINT('',(-363.7375,-877.899807169447,7.52546151641335));
#6217=CARTESIAN_POINT('',(-365.875,-877.899807169447,7.52546151641335));
#6218=CARTESIAN_POINT('',(-363.7375,-877.899807169447,9.92546151641334));
#6219=CARTESIAN_POINT('Origin',(-321.923,-833.406306565949,9.92546151641334));
#6220=CARTESIAN_POINT('',(-321.423,-833.406306565949,7.52546151641333));
#6221=CARTESIAN_POINT('',(-321.923,-832.906306565949,7.52546151641334));
#6222=CARTESIAN_POINT('Origin',(-321.923,-833.406306565949,7.52546151641332));
#6223=CARTESIAN_POINT('',(-321.423,-833.406306565949,9.92546151641334));
#6224=CARTESIAN_POINT('',(-321.923,-832.906306565949,9.92546151641334));
#6225=CARTESIAN_POINT('Origin',(-321.423,-832.906306565949,9.92546151641333));
#6226=CARTESIAN_POINT('',(-321.423,-835.043806565949,7.52546151641333));
#6227=CARTESIAN_POINT('',(-321.423,-832.906306565949,7.52546151641333));
#6228=CARTESIAN_POINT('',(-321.423,-835.043806565949,9.92546151641333));
#6229=CARTESIAN_POINT('Origin',(-318.923,-833.406306565949,9.92546151641333));
#6230=CARTESIAN_POINT('',(-318.923,-832.906306565949,7.52546151641333));
#6231=CARTESIAN_POINT('',(-319.423,-833.406306565949,7.52546151641333));
#6232=CARTESIAN_POINT('Origin',(-318.923,-833.406306565949,7.52546151641332));
#6233=CARTESIAN_POINT('',(-318.923,-832.906306565949,9.92546151641333));
#6234=CARTESIAN_POINT('',(-319.423,-833.406306565949,9.92546151641333));
#6235=CARTESIAN_POINT('Origin',(-319.423,-832.906306565949,9.92546151641333));
#6236=CARTESIAN_POINT('',(-235.29375,-832.906306565949,7.52546151641332));
#6237=CARTESIAN_POINT('',(-365.875,-832.906306565949,7.52546151641334));
#6238=CARTESIAN_POINT('',(-235.29375,-832.906306565949,9.92546151641333));
#6239=CARTESIAN_POINT('Origin',(-235.29375,-833.406306565949,9.92546151641333));
#6240=CARTESIAN_POINT('',(-234.79375,-833.406306565949,7.52546151641332));
#6241=CARTESIAN_POINT('Origin',(-235.29375,-833.406306565949,7.52546151641332));
#6242=CARTESIAN_POINT('',(-234.79375,-833.406306565949,9.92546151641333));
#6243=CARTESIAN_POINT('Origin',(-233.79375,-876.899807169446,7.52546151641332));
#6244=CARTESIAN_POINT('',(-103.85,-877.899807169446,7.5254615164133));
#6245=CARTESIAN_POINT('',(-101.7125,-877.899807169446,7.5254615164133));
#6246=CARTESIAN_POINT('',(-103.85,-875.899807169446,7.52546151641331));
#6247=CARTESIAN_POINT('',(-101.7125,-833.406306565949,7.52546151641329));
#6248=CARTESIAN_POINT('',(-101.7125,-920.893307772943,7.52546151641329));
#6249=CARTESIAN_POINT('',(-102.2125,-832.906306565949,7.52546151641331));
#6250=CARTESIAN_POINT('Origin',(-102.2125,-833.406306565949,7.52546151641332));
#6251=CARTESIAN_POINT('',(-145.6645,-832.906306565949,7.52546151641331));
#6252=CARTESIAN_POINT('',(-365.875,-832.906306565949,7.52546151641334));
#6253=CARTESIAN_POINT('',(-146.1645,-833.406306565949,7.5254615164133));
#6254=CARTESIAN_POINT('Origin',(-145.6645,-833.406306565949,7.52546151641332));
#6255=CARTESIAN_POINT('',(-146.1645,-835.043806565949,7.5254615164133));
#6256=CARTESIAN_POINT('',(-146.1645,-832.906306565949,7.5254615164133));
#6257=CARTESIAN_POINT('',(-148.1645,-835.043806565949,7.5254615164133));
#6258=CARTESIAN_POINT('',(-148.1645,-835.043806565949,7.5254615164133));
#6259=CARTESIAN_POINT('',(-148.1645,-833.406306565949,7.5254615164133));
#6260=CARTESIAN_POINT('',(-148.1645,-832.906306565949,7.5254615164133));
#6261=CARTESIAN_POINT('',(-148.6645,-832.906306565949,7.52546151641331));
#6262=CARTESIAN_POINT('Origin',(-148.6645,-833.406306565949,7.52546151641332));
#6263=CARTESIAN_POINT('',(-232.29375,-832.906306565949,7.52546151641332));
#6264=CARTESIAN_POINT('',(-365.875,-832.906306565949,7.52546151641334));
#6265=CARTESIAN_POINT('',(-232.79375,-833.406306565949,7.52546151641332));
#6266=CARTESIAN_POINT('Origin',(-232.29375,-833.406306565949,7.52546151641332));
#6267=CARTESIAN_POINT('',(-232.79375,-835.043806565949,7.52546151641332));
#6268=CARTESIAN_POINT('',(-232.79375,-832.906306565949,7.52546151641332));
#6269=CARTESIAN_POINT('',(-234.79375,-835.043806565949,7.52546151641332));
#6270=CARTESIAN_POINT('',(-234.79375,-835.043806565949,7.52546151641332));
#6271=CARTESIAN_POINT('',(-234.79375,-832.906306565949,7.52546151641332));
#6272=CARTESIAN_POINT('',(-319.423,-835.043806565949,7.52546151641333));
#6273=CARTESIAN_POINT('',(-319.423,-832.906306565949,7.52546151641333));
#6274=CARTESIAN_POINT('',(-321.423,-835.043806565949,7.52546151641333));
#6275=CARTESIAN_POINT('',(-365.375,-832.906306565949,7.52546151641335));
#6276=CARTESIAN_POINT('',(-365.875,-832.906306565949,7.52546151641335));
#6277=CARTESIAN_POINT('Origin',(-365.375,-833.406306565949,7.52546151641332));
#6278=CARTESIAN_POINT('',(-363.7375,-875.899807169446,7.52546151641336));
#6279=CARTESIAN_POINT('',(-365.875,-875.899807169446,7.52546151641336));
#6280=CARTESIAN_POINT('',(-363.7375,-877.899807169447,7.52546151641335));
#6281=CARTESIAN_POINT('',(-365.875,-920.393307772944,7.52546151641334));
#6282=CARTESIAN_POINT('',(-365.875,-920.893307772944,7.52546151641334));
#6283=CARTESIAN_POINT('Origin',(-365.375,-920.393307772944,7.52546151641332));
#6284=CARTESIAN_POINT('',(-321.423,-918.755807772943,7.52546151641333));
#6285=CARTESIAN_POINT('',(-321.423,-920.893307772944,7.52546151641332));
#6286=CARTESIAN_POINT('',(-319.423,-918.755807772943,7.52546151641333));
#6287=CARTESIAN_POINT('',(-234.79375,-918.755807772943,7.52546151641333));
#6288=CARTESIAN_POINT('',(-234.79375,-920.893307772943,7.52546151641332));
#6289=CARTESIAN_POINT('',(-232.79375,-918.755807772943,7.52546151641333));
#6290=CARTESIAN_POINT('',(-102.2125,-920.893307772943,7.5254615164133));
#6291=CARTESIAN_POINT('',(-101.7125,-920.893307772943,7.5254615164133));
#6292=CARTESIAN_POINT('Origin',(-102.2125,-920.393307772943,7.52546151641332));
#6293=CARTESIAN_POINT('',(-102.65,-918.755807772943,7.5254615164133));
#6294=CARTESIAN_POINT('Origin',(-103.85,-918.755807772943,7.52546151641332));
#6295=CARTESIAN_POINT('',(-102.65,-835.043806565949,7.5254615164133));
#6296=CARTESIAN_POINT('Origin',(-103.85,-835.043806565949,7.52546151641332));
#6297=CARTESIAN_POINT('',(-189.279,-835.043806565949,7.52546151641331));
#6298=CARTESIAN_POINT('Origin',(-190.479,-835.043806565949,7.52546151641332));
#6299=CARTESIAN_POINT('',(-275.9085,-835.043806565949,7.52546151641332));
#6300=CARTESIAN_POINT('Origin',(-277.1085,-835.043806565949,7.52546151641332));
#6301=CARTESIAN_POINT('',(-362.5375,-835.043806565949,7.52546151641334));
#6302=CARTESIAN_POINT('Origin',(-363.7375,-835.043806565949,7.52546151641333));
#6303=CARTESIAN_POINT('',(-189.279,-918.755807772943,7.52546151641332));
#6304=CARTESIAN_POINT('Origin',(-190.479,-918.755807772943,7.52546151641333));
#6305=CARTESIAN_POINT('',(-275.9085,-918.755807772943,7.52546151641333));
#6306=CARTESIAN_POINT('Origin',(-277.1085,-918.755807772943,7.52546151641333));
#6307=CARTESIAN_POINT('',(-362.5375,-918.755807772943,7.52546151641334));
#6308=CARTESIAN_POINT('Origin',(-363.7375,-918.755807772943,7.52546151641333));
#6309=CARTESIAN_POINT('',(-170.,-914.981303792017,7.52546151641331));
#6310=CARTESIAN_POINT('',(-169.5,-915.481303792017,7.52546151641331));
#6311=CARTESIAN_POINT('Origin',(-170.,-915.481303792017,7.52546151641332));
#6312=CARTESIAN_POINT('',(-359.5,-914.981303792017,7.52546151641334));
#6313=CARTESIAN_POINT('',(-233.79375,-914.981303792017,7.52546151641332));
#6314=CARTESIAN_POINT('',(-360.,-914.481303792017,7.52546151641334));
#6315=CARTESIAN_POINT('Origin',(-359.5,-914.481303792017,7.52546151641334));
#6316=CARTESIAN_POINT('',(-360.,-839.281306565949,7.52546151641334));
#6317=CARTESIAN_POINT('',(-360.,-876.899807169446,7.52546151641334));
#6318=CARTESIAN_POINT('',(-359.5,-838.781306565949,7.52546151641335));
#6319=CARTESIAN_POINT('Origin',(-359.5,-839.281306565949,7.52546151641334));
#6320=CARTESIAN_POINT('',(-108.0875,-838.781306565949,7.52546151641331));
#6321=CARTESIAN_POINT('',(-233.79375,-838.781306565949,7.52546151641333));
#6322=CARTESIAN_POINT('',(-107.5875,-839.281306565949,7.5254615164133));
#6323=CARTESIAN_POINT('Origin',(-108.0875,-839.281306565949,7.5254615164133));
#6324=CARTESIAN_POINT('',(-107.5875,-914.481303792017,7.5254615164133));
#6325=CARTESIAN_POINT('',(-107.5875,-876.899807169446,7.5254615164133));
#6326=CARTESIAN_POINT('',(-108.0875,-914.981303792017,7.5254615164133));
#6327=CARTESIAN_POINT('Origin',(-108.0875,-914.481303792017,7.5254615164133));
#6328=CARTESIAN_POINT('',(-111.85,-914.981303792017,7.52546151641331));
#6329=CARTESIAN_POINT('',(-233.79375,-914.981303792017,7.52546151641332));
#6330=CARTESIAN_POINT('',(-112.35,-915.481303792017,7.5254615164133));
#6331=CARTESIAN_POINT('Origin',(-111.85,-915.481303792017,7.52546151641332));
#6332=CARTESIAN_POINT('',(-112.35,-919.243797688501,7.5254615164133));
#6333=CARTESIAN_POINT('',(-112.35,-895.959057471195,7.5254615164133));
#6334=CARTESIAN_POINT('',(-112.85,-919.743797688501,7.52546151641331));
#6335=CARTESIAN_POINT('Origin',(-112.85,-919.243797688501,7.52546151641332));
#6336=CARTESIAN_POINT('',(-169.,-919.743797688501,7.52546151641331));
#6337=CARTESIAN_POINT('',(-233.79375,-919.743797688501,7.52546151641332));
#6338=CARTESIAN_POINT('',(-169.5,-919.243797688501,7.52546151641331));
#6339=CARTESIAN_POINT('Origin',(-169.,-919.243797688501,7.52546151641332));
#6340=CARTESIAN_POINT('',(-169.5,-895.959057471195,7.52546151641331));
#6341=CARTESIAN_POINT('Origin',(-232.29375,-833.406306565949,9.92546151641332));
#6342=CARTESIAN_POINT('',(-232.29375,-832.906306565949,9.92546151641332));
#6343=CARTESIAN_POINT('',(-232.79375,-833.406306565949,9.92546151641332));
#6344=CARTESIAN_POINT('Origin',(-232.79375,-835.043806565949,9.92546151641332));
#6345=CARTESIAN_POINT('',(-232.79375,-835.043806565949,9.92546151641332));
#6346=CARTESIAN_POINT('Origin',(-145.6645,-833.406306565949,9.92546151641331));
#6347=CARTESIAN_POINT('',(-145.6645,-832.906306565949,9.92546151641331));
#6348=CARTESIAN_POINT('',(-146.1645,-833.406306565949,9.92546151641331));
#6349=CARTESIAN_POINT('Origin',(-146.1645,-835.043806565949,9.92546151641331));
#6350=CARTESIAN_POINT('',(-146.1645,-835.043806565949,9.92546151641331));
#6351=CARTESIAN_POINT('Origin',(-148.6645,-833.406306565949,9.92546151641331));
#6352=CARTESIAN_POINT('',(-148.1645,-833.406306565949,9.92546151641331));
#6353=CARTESIAN_POINT('',(-148.6645,-832.906306565949,9.92546151641331));
#6354=CARTESIAN_POINT('Origin',(-232.79375,-832.906306565949,9.92546151641331));
#6355=CARTESIAN_POINT('Origin',(-359.5,-839.281306565949,4.92546151641333));
#6356=CARTESIAN_POINT('',(-359.5,-838.781306565949,1.00000000000011));
#6357=CARTESIAN_POINT('',(-359.527345506232,-838.782054902668,1.00000000000012));
#6358=CARTESIAN_POINT('Origin',(-359.5,-839.281306565949,1.00000000000011));
#6359=CARTESIAN_POINT('',(-359.5,-838.781306565949,4.92546151641333));
#6360=CARTESIAN_POINT('',(-360.,-839.281306565949,1.00000000000011));
#6361=CARTESIAN_POINT('',(-360.,-839.281306565949,4.92546151641333));
#6362=CARTESIAN_POINT('',(-359.999,-839.24969960469,1.00000000000011));
#6363=CARTESIAN_POINT('Origin',(-359.5,-839.281306565949,1.00000000000011));
#6364=CARTESIAN_POINT('',(-359.983625050602,-839.154393956525,0.984625050601695));
#6365=CARTESIAN_POINT('Origin',(-359.5,-839.281306565949,0.501000000000252));
#6366=CARTESIAN_POINT('',(-359.647379656354,-838.803520801309,0.981008577146238));
#6367=CARTESIAN_POINT('Ctrl Pts',(-359.647379656354,-838.803520801309,0.981008577146221));
#6368=CARTESIAN_POINT('Ctrl Pts',(-359.686755197845,-838.815666734075,0.970262763566886));
#6369=CARTESIAN_POINT('Ctrl Pts',(-359.727388466437,-838.834262338328,0.961743360474389));
#6370=CARTESIAN_POINT('Ctrl Pts',(-359.799692431855,-838.87851500346,0.950997967410692));
#6371=CARTESIAN_POINT('Ctrl Pts',(-359.841821780303,-838.913548946557,0.948385758665979));
#6372=CARTESIAN_POINT('Ctrl Pts',(-359.907712319535,-838.987057841216,0.951320133015112));
#6373=CARTESIAN_POINT('Ctrl Pts',(-359.938766518402,-839.035160218797,0.957751674051976));
#6374=CARTESIAN_POINT('Ctrl Pts',(-359.969887935562,-839.108712776674,0.973186066777364));
#6375=CARTESIAN_POINT('Ctrl Pts',(-359.977628727338,-839.131543806685,0.978628727337846));
#6376=CARTESIAN_POINT('Ctrl Pts',(-359.983625050602,-839.154393956525,0.984625050601706));
#6377=CARTESIAN_POINT('Origin',(-359.5,-839.281306565949,0.558299440123689));
#6378=CARTESIAN_POINT('Origin',(-233.79375,-838.781306565949,4.92546151641332));
#6379=CARTESIAN_POINT('',(-240.29375,-838.781306565949,1.00000000000009));
#6380=CARTESIAN_POINT('',(-170.690625,-838.781306565949,1.00000000000009));
#6381=CARTESIAN_POINT('',(-240.293750000001,-838.781306565949,-0.306863791897234));
#6382=CARTESIAN_POINT('',(-240.293750000001,-838.781306565949,-0.278986674523631));
#6383=CARTESIAN_POINT('',(-241.09375,-838.781306565949,-1.30261925677624));
#6384=CARTESIAN_POINT('Ctrl Pts',(-240.29375,-838.781306565949,-0.306863791897251));
#6385=CARTESIAN_POINT('Ctrl Pts',(-240.29375,-838.781306565949,-0.424745100803765));
#6386=CARTESIAN_POINT('Ctrl Pts',(-240.319711748039,-838.781306565949,-0.563799881173601));
#6387=CARTESIAN_POINT('Ctrl Pts',(-240.40221972699,-838.781306565949,-0.788606564982262));
#6388=CARTESIAN_POINT('Ctrl Pts',(-240.47483442148,-838.781306565949,-0.915159302670512));
#6389=CARTESIAN_POINT('Ctrl Pts',(-240.623637255643,-838.781306565949,-1.09326397944173));
#6390=CARTESIAN_POINT('Ctrl Pts',(-240.723746573041,-838.781306565949,-1.18021204260914));
#6391=CARTESIAN_POINT('Ctrl Pts',(-240.900806335831,-838.781306565949,-1.27332209299246));
#6392=CARTESIAN_POINT('Ctrl Pts',(-241.0041980159,-838.781306565949,-1.30261925677623));
#6393=CARTESIAN_POINT('Ctrl Pts',(-241.09375,-838.781306565949,-1.30261925677625));
#6394=CARTESIAN_POINT('',(-226.49375,-838.781306565949,-1.30261925677625));
#6395=CARTESIAN_POINT('',(-296.896875,-838.781306565949,-1.30261925677624));
#6396=CARTESIAN_POINT('',(-227.29375,-838.781306565949,-0.3068637918975));
#6397=CARTESIAN_POINT('Ctrl Pts',(-226.49375,-838.781306565949,-1.30261925677625));
#6398=CARTESIAN_POINT('Ctrl Pts',(-226.583301984101,-838.781306565949,-1.30261925677626));
#6399=CARTESIAN_POINT('Ctrl Pts',(-226.68669366417,-838.781306565949,-1.27332209299252));
#6400=CARTESIAN_POINT('Ctrl Pts',(-226.86375342696,-838.781306565949,-1.18021204260923));
#6401=CARTESIAN_POINT('Ctrl Pts',(-226.963862744358,-838.781306565949,-1.09326397944185));
#6402=CARTESIAN_POINT('Ctrl Pts',(-227.112665578521,-838.781306565949,-0.915159302670698));
#6403=CARTESIAN_POINT('Ctrl Pts',(-227.185280273011,-838.781306565949,-0.788606564982466));
#6404=CARTESIAN_POINT('Ctrl Pts',(-227.267788251962,-838.781306565949,-0.563799881173841));
#6405=CARTESIAN_POINT('Ctrl Pts',(-227.29375,-838.781306565949,-0.424745100804005));
#6406=CARTESIAN_POINT('Ctrl Pts',(-227.293750000001,-838.781306565949,-0.306863791897481));
#6407=CARTESIAN_POINT('',(-227.29375,-838.781306565949,1.00000000000009));
#6408=CARTESIAN_POINT('',(-227.29375,-838.781306565949,-2.49999999999991));
#6409=CARTESIAN_POINT('',(-108.0875,-838.781306565949,1.00000000000008));
#6410=CARTESIAN_POINT('',(-170.690625,-838.781306565949,1.00000000000009));
#6411=CARTESIAN_POINT('',(-108.0875,-838.781306565949,4.9254615164133));
#6412=CARTESIAN_POINT('Origin',(-107.5875,-906.68935690924,1.00000000000008));
#6413=CARTESIAN_POINT('',(-240.293750000001,-838.782054902668,1.00000000000009));
#6414=CARTESIAN_POINT('',(-170.690625,-838.782054902668,1.00000000000009));
#6415=CARTESIAN_POINT('',(-240.293750000001,-874.102974019316,1.00000000000009));
#6416=CARTESIAN_POINT('Origin',(-170.690625,-841.564851808984,-1.46201072914621));
#6417=CARTESIAN_POINT('',(-354.742349620915,-844.347648715301,-3.92402145829249));
#6418=CARTESIAN_POINT('',(-320.135311004683,-883.463790191833,-38.5310600745251));
#6419=CARTESIAN_POINT('',(-240.29375,-844.347648715301,-3.9240214582925));
#6420=CARTESIAN_POINT('',(-170.690625,-844.347648715301,-3.92402145829251));
#6421=CARTESIAN_POINT('',(-240.293750000001,-842.549178527409,-2.33286944551383));
#6422=CARTESIAN_POINT('Origin',(-108.0875,-839.281306565949,4.9254615164133));
#6423=CARTESIAN_POINT('',(-107.5875,-839.281306565949,1.00000000000007));
#6424=CARTESIAN_POINT('',(-107.5885,-839.24969960469,1.00000000000007));
#6425=CARTESIAN_POINT('Origin',(-108.0875,-839.281306565949,1.00000000000008));
#6426=CARTESIAN_POINT('',(-107.5875,-839.281306565949,4.9254615164133));
#6427=CARTESIAN_POINT('',(-108.060154493771,-838.782054902668,1.00000000000008));
#6428=CARTESIAN_POINT('Origin',(-108.0875,-839.281306565949,1.00000000000008));
#6429=CARTESIAN_POINT('',(-107.940120343646,-838.803520801309,0.981008577146198));
#6430=CARTESIAN_POINT('Origin',(-108.0875,-839.281306565949,0.558299440123615));
#6431=CARTESIAN_POINT('',(-107.603874949398,-839.154393956526,0.984625050601549));
#6432=CARTESIAN_POINT('Ctrl Pts',(-107.603874949398,-839.154393956526,0.984625050601561));
#6433=CARTESIAN_POINT('Ctrl Pts',(-107.609871272662,-839.131543806685,0.978628727337614));
#6434=CARTESIAN_POINT('Ctrl Pts',(-107.617612064438,-839.108712776674,0.973186066777216));
#6435=CARTESIAN_POINT('Ctrl Pts',(-107.648733481598,-839.035160218797,0.957751674051827));
#6436=CARTESIAN_POINT('Ctrl Pts',(-107.679787680465,-838.987057841217,0.951320133014938));
#6437=CARTESIAN_POINT('Ctrl Pts',(-107.745678219697,-838.913548946557,0.948385758665795));
#6438=CARTESIAN_POINT('Ctrl Pts',(-107.787807568144,-838.87851500346,0.950997967410615));
#6439=CARTESIAN_POINT('Ctrl Pts',(-107.860111533563,-838.834262338327,0.961743360474344));
#6440=CARTESIAN_POINT('Ctrl Pts',(-107.900744802154,-838.815666734075,0.970262763566719));
#6441=CARTESIAN_POINT('Ctrl Pts',(-107.940120343646,-838.803520801309,0.981008577146189));
#6442=CARTESIAN_POINT('Origin',(-108.0875,-839.281306565949,0.50100000000008));
#6443=CARTESIAN_POINT('Origin',(-107.5875,-876.899807169446,4.92546151641329));
#6444=CARTESIAN_POINT('',(-107.5875,-914.481303792017,1.00000000000007));
#6445=CARTESIAN_POINT('',(-107.5875,-891.794582039343,1.00000000000007));
#6446=CARTESIAN_POINT('',(-107.5875,-914.481303792017,4.92546151641329));
#6447=CARTESIAN_POINT('Origin',(-107.5875,-906.68935690924,1.00000000000008));
#6448=CARTESIAN_POINT('',(-107.5885,-913.610410106928,1.00000000000007));
#6449=CARTESIAN_POINT('',(-107.5885,-891.794582039343,1.00000000000007));
#6450=CARTESIAN_POINT('',(-107.799333705366,-914.833703337214,1.00000000000007));
#6451=CARTESIAN_POINT('Origin',(-108.295606781186,-910.730948813152,1.00000000000008));
#6452=CARTESIAN_POINT('',(-107.732796517434,-914.833703337214,1.00000000000007));
#6453=CARTESIAN_POINT('',(-170.690625,-914.833703337214,1.00000000000008));
#6454=CARTESIAN_POINT('Origin',(-108.0875,-914.481303792017,1.00000000000008));
#6455=CARTESIAN_POINT('Origin',(-110.069,-891.794582039343,-1.48049999999992));
#6456=CARTESIAN_POINT('',(-112.160206447667,-844.304389871422,-3.57170644766698));
#6457=CARTESIAN_POINT('',(-127.84558728933,-862.033487784699,-19.25708728933));
#6458=CARTESIAN_POINT('',(-113.0495,-844.413581389759,-4.46099999999993));
#6459=CARTESIAN_POINT('',(-142.736375113754,-848.05867131518,-34.147875113754));
#6460=CARTESIAN_POINT('',(-112.5495,-844.855944022037,-3.96099999999993));
#6461=CARTESIAN_POINT('Origin',(-113.0495,-844.917336302488,-4.46099999999993));
#6462=CARTESIAN_POINT('',(-112.5495,-873.206307477747,-3.96099999999993));
#6463=CARTESIAN_POINT('',(-112.5495,-891.794582039343,-3.96099999999993));
#6464=CARTESIAN_POINT('',(-112.064466232225,-877.156590511774,-3.47596623222469));
#6465=CARTESIAN_POINT('Origin',(-227.79375,-844.089358516046,-5.92317112067372));
#6466=CARTESIAN_POINT('',(-227.29375,-844.058891180194,-5.67503458275584));
#6467=CARTESIAN_POINT('',(-227.79375,-844.555164256015,-5.61409991105378));
#6468=CARTESIAN_POINT('Origin',(-227.79375,-844.058891180195,-5.6750345827614));
#6469=CARTESIAN_POINT('',(-227.29375,-844.205134392281,-6.8660899647368));
#6470=CARTESIAN_POINT('',(-227.29375,-844.089358516046,-5.92317112067364));
#6471=CARTESIAN_POINT('',(-227.79375,-844.701407468102,-6.8051552930343));
#6472=CARTESIAN_POINT('Origin',(-227.79375,-844.205134392281,-6.86608996473687));
#6473=CARTESIAN_POINT('',(-227.79375,-844.585631591867,-5.86223644897115));
#6474=CARTESIAN_POINT('Ctrl Pts',(-227.79375,-844.701407468102,-6.80515529303435));
#6475=CARTESIAN_POINT('Ctrl Pts',(-227.79375,-844.737968271124,-7.10291913852673));
#6476=CARTESIAN_POINT('Ctrl Pts',(-228.09375,-844.737968271124,-7.1029191385267));
#6477=CARTESIAN_POINT('Ctrl Pts',(-227.29375,-844.701407468102,-6.80515529303435));
#6478=CARTESIAN_POINT('Ctrl Pts',(-227.29375,-844.798902942826,-7.5991922143475));
#6479=CARTESIAN_POINT('Ctrl Pts',(-228.09375,-844.798902942826,-7.59919221434742));
#6480=CARTESIAN_POINT('Ctrl Pts',(-227.29375,-844.205134392281,-6.86608996473693));
#6481=CARTESIAN_POINT('Ctrl Pts',(-227.29375,-844.302629867006,-7.66012688605007));
#6482=CARTESIAN_POINT('Ctrl Pts',(-228.09375,-844.302629867006,-7.66012688604999));
#6483=CARTESIAN_POINT('',(-228.09375,-844.302629867006,-7.66012688604999));
#6484=CARTESIAN_POINT('',(-228.09375,-844.737968271124,-7.10291913852675));
#6485=CARTESIAN_POINT('Origin',(-228.09375,-844.241695195303,-7.16385381022933));
#6486=CARTESIAN_POINT('Origin',(-228.09375,-844.701407468102,-6.80515529303436));
#6487=CARTESIAN_POINT('Origin',(-228.09375,-844.205134392281,-6.86608996473693));
#6488=CARTESIAN_POINT('Origin',(-233.79375,-844.241695195303,-7.16385381022935));
#6489=CARTESIAN_POINT('',(-239.49375,-844.302629867006,-7.66012688604999));
#6490=CARTESIAN_POINT('',(-239.49375,-844.737968271124,-7.10291913852677));
#6491=CARTESIAN_POINT('Origin',(-239.49375,-844.241695195303,-7.16385381022935));
#6492=CARTESIAN_POINT('',(-233.79375,-844.737968271124,-7.10291913852677));
#6493=CARTESIAN_POINT('',(-233.79375,-844.302629867006,-7.66012688605001));
#6494=CARTESIAN_POINT('Ctrl Pts',(-239.49375,-844.737968271124,-7.10291913852671));
#6495=CARTESIAN_POINT('Ctrl Pts',(-239.79375,-844.737968271124,-7.10291913852668));
#6496=CARTESIAN_POINT('Ctrl Pts',(-239.79375,-844.701407468102,-6.80515529303435));
#6497=CARTESIAN_POINT('Ctrl Pts',(-239.49375,-844.798902942826,-7.59919221434742));
#6498=CARTESIAN_POINT('Ctrl Pts',(-240.29375,-844.798902942826,-7.59919221434737));
#6499=CARTESIAN_POINT('Ctrl Pts',(-240.29375,-844.701407468102,-6.80515529303435));
#6500=CARTESIAN_POINT('Ctrl Pts',(-239.49375,-844.302629867006,-7.66012688604999));
#6501=CARTESIAN_POINT('Ctrl Pts',(-240.29375,-844.302629867006,-7.66012688604993));
#6502=CARTESIAN_POINT('Ctrl Pts',(-240.29375,-844.205134392281,-6.86608996473693));
#6503=CARTESIAN_POINT('',(-240.29375,-844.205134392281,-6.86608996473705));
#6504=CARTESIAN_POINT('',(-239.79375,-844.701407468102,-6.8051552930344));
#6505=CARTESIAN_POINT('Origin',(-239.79375,-844.205134392281,-6.86608996473698));
#6506=CARTESIAN_POINT('Origin',(-239.49375,-844.701407468102,-6.80515529303436));
#6507=CARTESIAN_POINT('Origin',(-239.49375,-844.205134392281,-6.86608996473693));
#6508=CARTESIAN_POINT('Origin',(-239.79375,-844.089358516046,-5.92317112067561));
#6509=CARTESIAN_POINT('',(-240.29375,-844.058891180195,-5.67503458276889));
#6510=CARTESIAN_POINT('',(-239.79375,-844.555164256016,-5.61409991106578));
#6511=CARTESIAN_POINT('Origin',(-239.79375,-844.058891180195,-5.67503458276333));
#6512=CARTESIAN_POINT('',(-239.79375,-844.585631591867,-5.86223644897301));
#6513=CARTESIAN_POINT('',(-240.29375,-844.089358516046,-5.92317112067569));
#6514=CARTESIAN_POINT('Origin',(-240.29375,-841.516591129389,-5.48343486545957));
#6515=CARTESIAN_POINT('',(-240.29375,-844.555164256016,-5.61409991106478));
#6516=CARTESIAN_POINT('',(-240.29375,-850.014168090043,-4.94381852233799));
#6517=CARTESIAN_POINT('',(-240.29375,-840.532713631208,-7.31700653533611));
#6518=CARTESIAN_POINT('',(-240.29375,-859.311094530365,-5.01131128216572));
#6519=CARTESIAN_POINT('',(-240.293750000001,-839.861014854351,-1.84645900136045));
#6520=CARTESIAN_POINT('',(-240.29375,-840.227254217613,-4.82923925133123));
#6521=CARTESIAN_POINT('Origin',(-240.293750000001,-837.875922551068,-2.09019768817074));
#6522=CARTESIAN_POINT('',(-240.29375,-844.221187329157,-2.89407611977134));
#6523=CARTESIAN_POINT('Origin',(-239.49375,-859.311094530365,-5.0113112821656));
#6524=CARTESIAN_POINT('',(-239.49375,-840.630209105933,-8.11104345664906));
#6525=CARTESIAN_POINT('',(-239.49375,-859.408590005089,-5.80534820347865));
#6526=CARTESIAN_POINT('Origin',(-239.49375,-840.532713631208,-7.31700653533598));
#6527=CARTESIAN_POINT('Origin',(-233.79375,-876.995915522276,-3.64589616239445));
#6528=CARTESIAN_POINT('',(-228.09375,-840.630209105933,-8.11104345664905));
#6529=CARTESIAN_POINT('',(-228.09375,-859.408590005089,-5.80534820347866));
#6530=CARTESIAN_POINT('',(-233.79375,-840.630209105933,-8.11104345664906));
#6531=CARTESIAN_POINT('Origin',(-228.09375,-859.311094530365,-5.0113112821656));
#6532=CARTESIAN_POINT('',(-227.29375,-840.532713631208,-7.31700653533585));
#6533=CARTESIAN_POINT('',(-227.29375,-859.311094530365,-5.01131128216547));
#6534=CARTESIAN_POINT('Origin',(-228.09375,-840.532713631208,-7.317006535336));
#6535=CARTESIAN_POINT('Origin',(-227.29375,-841.516591129389,-5.4834348654575));
#6536=CARTESIAN_POINT('',(-227.29375,-844.555164256015,-5.61409991105694));
#6537=CARTESIAN_POINT('',(-227.29375,-850.014168090042,-4.94381852232497));
#6538=CARTESIAN_POINT('',(-227.29375,-844.347648715301,-3.92402145829251));
#6539=CARTESIAN_POINT('',(-227.29375,-844.395948054507,-4.31738800902757));
#6540=CARTESIAN_POINT('',(-227.293750000001,-838.782054902668,1.00000000000009));
#6541=CARTESIAN_POINT('',(-227.293750000001,-842.549178527408,-2.33286944551282));
#6542=CARTESIAN_POINT('',(-227.293750000001,-874.102974019316,1.00000000000009));
#6543=CARTESIAN_POINT('',(-227.293750000001,-839.861014854351,-1.8464590013607));
#6544=CARTESIAN_POINT('Origin',(-227.293750000001,-837.875922551068,-2.090197688171));
#6545=CARTESIAN_POINT('',(-227.29375,-840.227254217613,-4.82923925132919));
#6546=CARTESIAN_POINT('Origin',(-221.79375,-845.044557809584,-5.49713602687818));
#6547=CARTESIAN_POINT('',(-221.79375,-844.798902942826,-7.59919221434742));
#6548=CARTESIAN_POINT('',(-222.29375,-845.295176018647,-7.53825754264483));
#6549=CARTESIAN_POINT('Origin',(-221.79375,-845.295176018647,-7.53825754264485));
#6550=CARTESIAN_POINT('',(-221.79375,-844.555164256014,-5.61409991104777));
#6551=CARTESIAN_POINT('',(-221.79375,-844.548284733763,-5.55807069858076));
#6552=CARTESIAN_POINT('',(-222.29375,-845.051437331835,-5.55316523934567));
#6553=CARTESIAN_POINT('Origin',(-221.79375,-845.051437331836,-5.55316523935719));
#6554=CARTESIAN_POINT('',(-222.29375,-845.044557809584,-5.49713602687818));
#6555=CARTESIAN_POINT('Origin',(-233.79375,-844.297666524701,-3.51694918281408));
#6556=CARTESIAN_POINT('',(-233.79375,-844.555164256016,-5.61409991106478));
#6557=CARTESIAN_POINT('',(-113.0495,-844.798902942826,-7.59919221434743));
#6558=CARTESIAN_POINT('',(-233.79375,-844.798902942826,-7.59919221434742));
#6559=CARTESIAN_POINT('',(-113.0495,-844.240570712752,-3.05194111072173));
#6560=CARTESIAN_POINT('',(-112.845150379085,-844.347648715301,-3.92402145829252));
#6561=CARTESIAN_POINT('Origin',(-112.47067251869,-844.255688515988,-3.17506573750346));
#6562=CARTESIAN_POINT('',(-170.690625,-844.347648715301,-3.92402145829251));
#6563=CARTESIAN_POINT('Origin',(-245.79375,-845.044557809584,-5.49713602687818));
#6564=CARTESIAN_POINT('',(-245.29375,-845.295176018647,-7.5382575426448));
#6565=CARTESIAN_POINT('',(-245.79375,-844.798902942826,-7.59919221434742));
#6566=CARTESIAN_POINT('Origin',(-245.79375,-845.295176018647,-7.53825754264483));
#6567=CARTESIAN_POINT('',(-245.29375,-845.051437331838,-5.55316523936869));
#6568=CARTESIAN_POINT('',(-245.29375,-845.044557809584,-5.49713602687818));
#6569=CARTESIAN_POINT('',(-245.79375,-844.555164256017,-5.61409991107179));
#6570=CARTESIAN_POINT('Origin',(-245.79375,-845.051437331836,-5.55316523935717));
#6571=CARTESIAN_POINT('',(-245.79375,-844.548284733763,-5.55807069858078));
#6572=CARTESIAN_POINT('Origin',(-233.79375,-876.995915522276,-3.64589616239445));
#6573=CARTESIAN_POINT('',(-222.29375,-872.590195188783,-4.18685059900332));
#6574=CARTESIAN_POINT('',(-222.29375,-874.793055355529,-3.91637338069888));
#6575=CARTESIAN_POINT('',(-224.29375,-872.590195188783,-4.18685059900332));
#6576=CARTESIAN_POINT('',(-228.79375,-872.590195188783,-4.18685059900332));
#6577=CARTESIAN_POINT('',(-224.29375,-851.746726004315,-6.74610681051141));
#6578=CARTESIAN_POINT('',(-224.29375,-864.371320763295,-5.19600148645292));
#6579=CARTESIAN_POINT('',(-228.29375,-851.746726004315,-6.74610681051141));
#6580=CARTESIAN_POINT('',(-231.29375,-851.746726004315,-6.74610681051141));
#6581=CARTESIAN_POINT('',(-228.79375,-852.242999080136,-6.68517213880883));
#6582=CARTESIAN_POINT('Origin',(-228.29375,-852.242999080135,-6.68517213880361));
#6583=CARTESIAN_POINT('',(-228.79375,-872.590195188782,-4.18685059899329));
#6584=CARTESIAN_POINT('',(-228.79375,-867.84523229404,-4.76945878453489));
#6585=CARTESIAN_POINT('',(-238.79375,-872.590195188783,-4.18685059900328));
#6586=CARTESIAN_POINT('',(-233.79375,-872.590195188783,-4.18685059900329));
#6587=CARTESIAN_POINT('',(-238.79375,-852.242999080136,-6.68517213880881));
#6588=CARTESIAN_POINT('',(-238.79375,-867.84523229404,-4.7694587845349));
#6589=CARTESIAN_POINT('',(-239.29375,-851.746726004315,-6.74610681051142));
#6590=CARTESIAN_POINT('Origin',(-239.29375,-852.242999080137,-6.68517213881461));
#6591=CARTESIAN_POINT('',(-243.29375,-851.746726004315,-6.74610681051142));
#6592=CARTESIAN_POINT('',(-239.79375,-851.746726004315,-6.74610681051142));
#6593=CARTESIAN_POINT('',(-243.29375,-872.590195188783,-4.18685059900332));
#6594=CARTESIAN_POINT('',(-243.29375,-874.793055355529,-3.91637338069889));
#6595=CARTESIAN_POINT('',(-245.29375,-872.590195188783,-4.18685059900332));
#6596=CARTESIAN_POINT('',(-239.79375,-872.590195188783,-4.18685059900332));
#6597=CARTESIAN_POINT('',(-245.29375,-864.371320763295,-5.19600148645292));
#6598=CARTESIAN_POINT('',(-354.538,-844.798902942826,-7.5991922143474));
#6599=CARTESIAN_POINT('',(-233.79375,-844.798902942826,-7.59919221434742));
#6600=CARTESIAN_POINT('',(-355.038,-845.295176018647,-7.53825754264481));
#6601=CARTESIAN_POINT('Origin',(-354.538,-845.295176018647,-7.53825754264482));
#6602=CARTESIAN_POINT('',(-355.038,-876.146703443226,-3.75016629463393));
#6603=CARTESIAN_POINT('',(-355.038,-877.255575366872,-3.61401394239153));
#6604=CARTESIAN_POINT('',(-359.788166294634,-914.833703337215,1.00000000000011));
#6605=CARTESIAN_POINT('',(-355.169480377182,-877.217525183477,-3.61868591745204));
#6606=CARTESIAN_POINT('',(-359.854703482566,-914.833703337215,1.0000000000001));
#6607=CARTESIAN_POINT('',(-170.690625,-914.833703337215,1.00000000000008));
#6608=CARTESIAN_POINT('',(-359.5,-914.981303792017,1.01812305703212));
#6609=CARTESIAN_POINT('Origin',(-359.5,-914.481303792017,0.956730776580653));
#6610=CARTESIAN_POINT('',(-170.,-914.981303792017,1.01812305703209));
#6611=CARTESIAN_POINT('',(-233.79375,-914.981303792017,1.0181230570321));
#6612=CARTESIAN_POINT('',(-169.5,-915.481303792017,1.07951533748353));
#6613=CARTESIAN_POINT('Origin',(-170.,-915.481303792017,1.07951533748353));
#6614=CARTESIAN_POINT('',(-169.5,-919.243797688501,1.54149149846322));
#6615=CARTESIAN_POINT('',(-169.5,-896.400403767366,-1.26332459367552));
#6616=CARTESIAN_POINT('',(-169.,-919.743797688501,1.60288377891468));
#6617=CARTESIAN_POINT('Origin',(-169.,-919.243797688501,1.54149149846322));
#6618=CARTESIAN_POINT('',(-112.85,-919.743797688501,1.60288377891468));
#6619=CARTESIAN_POINT('',(-233.79375,-919.743797688501,1.60288377891469));
#6620=CARTESIAN_POINT('',(-112.35,-919.243797688501,1.54149149846324));
#6621=CARTESIAN_POINT('Origin',(-112.85,-919.243797688501,1.54149149846322));
#6622=CARTESIAN_POINT('',(-112.35,-915.481303792017,1.07951533748355));
#6623=CARTESIAN_POINT('',(-112.35,-896.007111647609,-1.31161479390634));
#6624=CARTESIAN_POINT('',(-111.85,-914.981303792017,1.01812305703209));
#6625=CARTESIAN_POINT('Origin',(-111.85,-915.481303792017,1.07951533748353));
#6626=CARTESIAN_POINT('',(-108.0875,-914.981303792017,1.01812305703209));
#6627=CARTESIAN_POINT('',(-233.79375,-914.981303792017,1.01812305703211));
#6628=CARTESIAN_POINT('Origin',(-108.0875,-914.481303792017,0.95673077658061));
#6629=CARTESIAN_POINT('',(-112.5495,-876.146703443226,-3.75016629463404));
#6630=CARTESIAN_POINT('',(-112.418019622818,-877.217525183476,-3.61868591745208));
#6631=CARTESIAN_POINT('',(-112.5495,-845.295176018647,-7.53825754264483));
#6632=CARTESIAN_POINT('',(-112.5495,-877.255575366872,-3.61401394239157));
#6633=CARTESIAN_POINT('Origin',(-113.0495,-845.295176018647,-7.53825754264487));
#6634=CARTESIAN_POINT('',(-228.79375,-878.346962868303,-3.48000840725345));
#6635=CARTESIAN_POINT('',(-228.79375,-880.332055171585,-3.23626972044315));
#6636=CARTESIAN_POINT('',(-228.79375,-879.259513037915,-3.3679613353757));
#6637=CARTESIAN_POINT('',(-238.79375,-880.332055171585,-3.23626972044315));
#6638=CARTESIAN_POINT('',(-236.29375,-880.332055171585,-3.23626972044316));
#6639=CARTESIAN_POINT('',(-238.79375,-878.346962868303,-3.48000840725345));
#6640=CARTESIAN_POINT('',(-238.79375,-878.266966886274,-3.48983067878085));
#6641=CARTESIAN_POINT('',(-231.29375,-878.346962868303,-3.48000840725345));
#6642=CARTESIAN_POINT('Origin',(-233.79375,-844.297666524701,-3.51694918281408));
#6643=CARTESIAN_POINT('',(-233.79375,-844.555164256016,-5.61409991106485));
#6644=CARTESIAN_POINT('',(-355.427293552333,-844.304389871422,-3.571706447667));
#6645=CARTESIAN_POINT('Origin',(-355.11682748131,-844.255688515988,-3.17506573750347));
#6646=CARTESIAN_POINT('',(-354.538,-844.413581389759,-4.46099999999977));
#6647=CARTESIAN_POINT('',(-324.851124886246,-848.058671315181,-34.1478751137539));
#6648=CARTESIAN_POINT('',(-354.538,-844.240570712752,-3.05194111072173));
#6649=CARTESIAN_POINT('Origin',(-239.29375,-852.182064408433,-6.18889906298518));
#6650=CARTESIAN_POINT('',(-238.793750000002,-851.999260393326,-4.70007983552616));
#6651=CARTESIAN_POINT('',(-238.79375,-852.182064408433,-6.18889906298468));
#6652=CARTESIAN_POINT('',(-239.293750000002,-851.502987317505,-4.76101450722876));
#6653=CARTESIAN_POINT('Origin',(-239.293750000002,-851.999260393326,-4.70007983552675));
#6654=CARTESIAN_POINT('',(-239.29375,-851.685791332612,-6.24983373468778));
#6655=CARTESIAN_POINT('Origin',(-238.793750000001,-858.572679722399,-4.90047525503403));
#6656=CARTESIAN_POINT('',(-238.793750000002,-872.346456501973,-2.20175829572064));
#6657=CARTESIAN_POINT('',(-238.793750000001,-872.468325845378,-3.19430444736197));
#6658=CARTESIAN_POINT('',(-238.793750000002,-858.450810378994,-3.90792910339272));
#6659=CARTESIAN_POINT('Origin',(-228.29375,-852.182064408432,-6.18889906297771));
#6660=CARTESIAN_POINT('',(-228.293750000002,-851.502987317504,-4.76101450721977));
#6661=CARTESIAN_POINT('',(-228.29375,-851.685791332611,-6.2498337346803));
#6662=CARTESIAN_POINT('',(-228.793750000002,-851.999260393324,-4.70007983551619));
#6663=CARTESIAN_POINT('Origin',(-228.293750000002,-851.999260393324,-4.70007983551575));
#6664=CARTESIAN_POINT('',(-228.79375,-852.182064408432,-6.18889906297821));
#6665=CARTESIAN_POINT('Origin',(-228.79375,-851.746726004314,-6.74610681050139));
#6666=CARTESIAN_POINT('',(-224.29375,-851.502987317505,-4.76101450722777));
#6667=CARTESIAN_POINT('',(-224.29375,-851.746726004315,-6.7461068105064));
#6668=CARTESIAN_POINT('',(-228.79375,-851.502987317504,-4.76101450721877));
#6669=CARTESIAN_POINT('Origin',(-359.5,-914.481303792017,4.92546151641333));
#6670=CARTESIAN_POINT('',(-360.,-914.481303792017,1.00000000000011));
#6671=CARTESIAN_POINT('Origin',(-359.5,-914.481303792017,1.00000000000011));
#6672=CARTESIAN_POINT('',(-360.,-914.481303792017,4.92546151641333));
#6673=CARTESIAN_POINT('',(-359.5,-914.981303792017,4.92546151641333));
#6674=CARTESIAN_POINT('Origin',(-360.,-876.899807169446,4.92546151641332));
#6675=CARTESIAN_POINT('',(-360.,-891.794582039343,1.00000000000011));
#6676=CARTESIAN_POINT('Origin',(-107.5875,-906.68935690924,1.00000000000008));
#6677=CARTESIAN_POINT('',(-359.999,-913.610410106929,1.00000000000011));
#6678=CARTESIAN_POINT('Origin',(-359.291893218813,-910.730948813152,1.00000000000011));
#6679=CARTESIAN_POINT('',(-359.999,-891.794582039343,1.00000000000011));
#6680=CARTESIAN_POINT('Origin',(-354.538,-844.736843788573,-2.99100643901914));
#6681=CARTESIAN_POINT('',(-355.038,-844.855944022037,-3.96099999999988));
#6682=CARTESIAN_POINT('Origin',(-354.538,-844.917336302488,-4.46099999999978));
#6683=CARTESIAN_POINT('',(-355.038,-844.736843788573,-2.99100643901914));
#6684=CARTESIAN_POINT('Origin',(-320.135311004683,-883.795100215941,-38.1565822141306));
#6685=CARTESIAN_POINT('',(-320.488864395276,-883.795100215941,-38.5101356047238));
#6686=CARTESIAN_POINT('Origin',(-355.169480377182,-877.156590511774,-3.12241284163138));
#6687=CARTESIAN_POINT('',(-355.038,-873.206307477747,-3.96099999999988));
#6688=CARTESIAN_POINT('Origin',(-355.038,-876.085768771524,-3.25389321881326));
#6689=CARTESIAN_POINT('',(-355.523033767775,-877.156590511774,-3.47596623222465));
#6690=CARTESIAN_POINT('Origin',(-365.375,-920.393307772944,9.92546151641333));
#6691=CARTESIAN_POINT('',(-365.875,-920.393307772944,9.92546151641333));
#6692=CARTESIAN_POINT('Origin',(-365.375,-833.406306565949,9.92546151641335));
#6693=CARTESIAN_POINT('',(-365.375,-832.906306565949,9.92546151641335));
#6694=CARTESIAN_POINT('Origin',(-102.2125,-833.406306565949,9.92546151641331));
#6695=CARTESIAN_POINT('',(-101.7125,-833.406306565949,9.92546151641331));
#6696=CARTESIAN_POINT('',(-102.2125,-832.906306565949,9.92546151641331));
#6697=CARTESIAN_POINT('Origin',(-146.1645,-832.906306565949,9.92546151641331));
#6698=CARTESIAN_POINT('Origin',(-102.2125,-920.393307772943,9.9254615164133));
#6699=CARTESIAN_POINT('',(-102.2125,-920.893307772943,9.9254615164133));
#6700=CARTESIAN_POINT('Origin',(-170.,-915.481303792017,6.22546151641335));
#6701=CARTESIAN_POINT('',(-169.5,-915.481303792017,6.22546151641335));
#6702=CARTESIAN_POINT('',(-170.,-914.981303792017,6.22546151641335));
#6703=CARTESIAN_POINT('Origin',(-233.79375,-914.981303792017,4.92546151641331));
#6704=CARTESIAN_POINT('Origin',(-169.,-919.243797688501,5.89976278095548));
#6705=CARTESIAN_POINT('',(-169.5,-919.243797688501,5.89976278095548));
#6706=CARTESIAN_POINT('',(-169.,-919.743797688501,5.89976278095548));
#6707=CARTESIAN_POINT('Origin',(-169.5,-915.018307772943,7.52546151641338));
#6708=CARTESIAN_POINT('Origin',(-112.85,-919.243797688501,2.64836531003966));
#6709=CARTESIAN_POINT('',(-112.85,-919.743797688501,2.64836531003966));
#6710=CARTESIAN_POINT('',(-112.35,-919.243797688501,2.64836531003966));
#6711=CARTESIAN_POINT('Origin',(-112.35,-915.018307772943,1.02266657458175));
#6712=CARTESIAN_POINT('',(-112.35,-915.481303792017,2.97406404549753));
#6713=CARTESIAN_POINT('Origin',(-111.85,-915.481303792017,2.97406404549753));
#6714=CARTESIAN_POINT('',(-111.85,-914.981303792017,2.97406404549753));
#6715=CARTESIAN_POINT('Origin',(-108.0875,-914.481303792017,4.92546151641329));
#6716=CARTESIAN_POINT('',(-108.0875,-914.981303792017,4.92546151641329));
#6717=CARTESIAN_POINT('Origin',(-233.79375,-914.981303792017,4.92546151641331));
#6718=CARTESIAN_POINT('Origin',(-112.418019622818,-877.156590511774,-3.12241284163143));
#6719=CARTESIAN_POINT('Origin',(-112.5495,-876.085768771523,-3.25389321881338));
#6720=CARTESIAN_POINT('Origin',(-128.199140679923,-862.033487784699,-18.9035338987367));
#6721=CARTESIAN_POINT('',(-128.199140679923,-861.702177760592,-19.2780117591312));
#6722=CARTESIAN_POINT('Origin',(-113.0495,-844.736843788573,-2.99100643901916));
#6723=CARTESIAN_POINT('',(-112.5495,-844.736843788573,-2.99100643901916));
#6724=CARTESIAN_POINT('Origin',(-112.5495,-876.899807169446,1.43012745332936));
#6725=CARTESIAN_POINT('Origin',(-358.8,-841.124723041313,-8.85633264060003));
#6726=CARTESIAN_POINT('',(-358.8,-839.933667659344,-9.00257585268621));
#6727=CARTESIAN_POINT('',(-360.,-841.124723041313,-8.85633264060003));
#6728=CARTESIAN_POINT('Origin',(-358.8,-841.124723041313,-8.85633264060002));
#6729=CARTESIAN_POINT('',(-358.8,-841.2709662534,-10.0473880225696));
#6730=CARTESIAN_POINT('Origin',(-358.8,-841.124723041313,-8.85633264060003));
#6731=CARTESIAN_POINT('Origin',(-358.8,-841.124723041313,-8.85633264060003));
#6732=CARTESIAN_POINT('Origin',(-358.8,-877.093410997,-4.43993308370747));
#6733=CARTESIAN_POINT('',(-358.8,-895.180208680218,-3.42816536258442));
#6734=CARTESIAN_POINT('',(-360.,-876.239428554264,-4.5447889429576));
#6735=CARTESIAN_POINT('Ctrl Pts',(-360.,-876.239428554264,-4.5447889429576));
#6736=CARTESIAN_POINT('Ctrl Pts',(-360.,-879.216364843007,-4.55789510373042));
#6737=CARTESIAN_POINT('Ctrl Pts',(-359.827189295095,-882.480755536439,-4.47784813004303));
#6738=CARTESIAN_POINT('Ctrl Pts',(-359.35972723752,-888.991159669105,-4.09366772437244));
#6739=CARTESIAN_POINT('Ctrl Pts',(-359.065209133391,-892.237182043997,-3.78952359583844));
#6740=CARTESIAN_POINT('Ctrl Pts',(-358.8,-895.180208680218,-3.42816536258442));
#6741=CARTESIAN_POINT('',(-360.,-877.093410997,-4.43993308370747));
#6742=CARTESIAN_POINT('',(-358.8,-877.239654209086,-5.63098846567705));
#6743=CARTESIAN_POINT('Origin',(-358.8,-840.593805342419,-4.53235497605832));
#6744=CARTESIAN_POINT('',(-360.,-840.258033315008,-1.7977112639985));
#6745=CARTESIAN_POINT('',(-358.8,-839.066977933038,-1.94395447608468));
#6746=CARTESIAN_POINT('Origin',(-358.8,-840.258033315008,-1.7977112639985));
#6747=CARTESIAN_POINT('',(-358.8,-839.402749960449,-4.67859818814451));
#6748=CARTESIAN_POINT('',(-360.,-840.593805342419,-4.53235497605832));
#6749=CARTESIAN_POINT('Origin',(-358.8,-837.875922551068,-2.09019768817085));
#6750=CARTESIAN_POINT('',(-360.,-840.085134199354,-1.15244297979658));
#6751=CARTESIAN_POINT('',(-358.8,-838.022165763154,-0.899142306201277));
#6752=CARTESIAN_POINT('Ctrl Pts',(-358.8,-838.022165763154,-0.899142306201277));
#6753=CARTESIAN_POINT('Ctrl Pts',(-359.132517866497,-838.352205091898,-0.939666040261748));
#6754=CARTESIAN_POINT('Ctrl Pts',(-359.524695259426,-838.754930752626,-0.989114533678563));
#6755=CARTESIAN_POINT('Ctrl Pts',(-359.892513600123,-839.433245369384,-1.07240109605123));
#6756=CARTESIAN_POINT('Ctrl Pts',(-360.,-839.781561074287,-1.11516888693329));
#6757=CARTESIAN_POINT('Ctrl Pts',(-360.,-840.085134199354,-1.15244297979661));
#6758=CARTESIAN_POINT('Origin',(-358.8,-837.875922551068,-2.09019768817085));
#6759=CARTESIAN_POINT('Origin',(-360.,-837.875922551068,-2.09019768817085));
#6760=CARTESIAN_POINT('Origin',(-366.275,-832.506306565949,0.987131833880435));
#6761=CARTESIAN_POINT('',(-366.275,-831.306306565949,0.987131833880435));
#6762=CARTESIAN_POINT('',(-367.475,-832.506306565949,0.987131833880444));
#6763=CARTESIAN_POINT('Origin',(-366.275,-832.506306565949,0.987131833880435));
#6764=CARTESIAN_POINT('',(-366.275,-832.360063353863,-0.203923548089131));
#6765=CARTESIAN_POINT('Origin',(-366.275,-832.506306565949,0.987131833880435));
#6766=CARTESIAN_POINT('Origin',(-366.275,-832.506306565949,0.987131833880444));
#6767=CARTESIAN_POINT('Origin',(-366.275,-921.293307772943,0.98713183388047));
#6768=CARTESIAN_POINT('',(-366.275,-922.493307772943,0.987131833880461));
#6769=CARTESIAN_POINT('',(-366.275,-921.43955098503,-0.203923548089113));
#6770=CARTESIAN_POINT('Origin',(-366.275,-921.293307772943,0.98713183388047));
#6771=CARTESIAN_POINT('',(-367.475,-921.293307772943,0.98713183388047));
#6772=CARTESIAN_POINT('Origin',(-366.275,-921.293307772943,0.98713183388047));
#6773=CARTESIAN_POINT('Origin',(-366.275,-921.293307772943,0.987131833880461));
#6774=CARTESIAN_POINT('Origin',(-366.275,-921.293307772943,4.92546151641333));
#6775=CARTESIAN_POINT('',(-367.475,-921.293307772943,4.92546151641333));
#6776=CARTESIAN_POINT('',(-366.275,-922.493307772943,4.92546151641333));
#6777=CARTESIAN_POINT('Origin',(-366.275,-877.56447030217,-4.38209427376291));
#6778=CARTESIAN_POINT('',(-367.475,-895.033965468132,-2.23710998061483));
#6779=CARTESIAN_POINT('',(-366.275,-895.180208680218,-3.42816536258444));
#6780=CARTESIAN_POINT('Origin',(-366.275,-895.033965468132,-2.23710998061483));
#6781=CARTESIAN_POINT('',(-366.275,-877.710713514256,-5.57314965573251));
#6782=CARTESIAN_POINT('',(-367.475,-877.56447030217,-4.38209427376291));
#6783=CARTESIAN_POINT('Origin',(-366.275,-876.899807169446,145.453757383614));
#6784=CARTESIAN_POINT('',(-367.475,-858.76564887076,-2.23710998061485));
#6785=CARTESIAN_POINT('',(-366.275,-858.619405658674,-3.42816536258443));
#6786=CARTESIAN_POINT('Origin',(-366.275,-858.76564887076,-2.23710998061485));
#6787=CARTESIAN_POINT('Origin',(-366.275,-876.899807169446,145.453757383614));
#6788=CARTESIAN_POINT('Origin',(-367.475,-876.899807169446,145.453757383614));
#6789=CARTESIAN_POINT('Origin',(-366.275,-872.30231303248,-3.8992033458017));
#6790=CARTESIAN_POINT('',(-366.275,-872.156069820394,-5.09025872777127));
#6791=CARTESIAN_POINT('',(-367.475,-872.30231303248,-3.8992033458017));
#6792=CARTESIAN_POINT('Origin',(-366.275,-832.506306565949,4.92546151641333));
#6793=CARTESIAN_POINT('',(-366.275,-831.306306565949,4.92546151641333));
#6794=CARTESIAN_POINT('',(-367.475,-832.506306565949,4.92546151641333));
#6795=CARTESIAN_POINT('Origin',(-296.896875,-876.899807169446,145.453757383614));
#6796=CARTESIAN_POINT('',(-360.,-858.619405658674,-3.42816536258443));
#6797=CARTESIAN_POINT('',(-296.896875,-858.619405658674,-3.42816536258443));
#6798=CARTESIAN_POINT('Origin',(-360.,-876.899807169446,145.453757383614));
#6799=CARTESIAN_POINT('',(-296.896875,-895.180208680218,-3.42816536258445));
#6800=CARTESIAN_POINT('Origin',(-367.475,-876.899807169446,4.92546151641332));
#6801=CARTESIAN_POINT('Origin',(-352.5,-907.629929152114,-1.89953190107879));
#6802=CARTESIAN_POINT('',(-357.7,-907.629929152115,-1.89953190107967));
#6803=CARTESIAN_POINT('Origin',(-352.5,-907.629929152115,-1.89953190107953));
#6804=CARTESIAN_POINT('',(-357.7,-907.53243367739,-1.10549497976557));
#6805=CARTESIAN_POINT('',(-357.7,-907.629929152114,-1.89953190107879));
#6806=CARTESIAN_POINT('Origin',(-352.5,-907.53243367739,-1.10549497976572));
#6807=CARTESIAN_POINT('Origin',(-233.79375,-881.189113847462,-4.34004793780796));
#6808=CARTESIAN_POINT('Origin',(-352.5,-847.52400700874,-9.2796111591172));
#6809=CARTESIAN_POINT('',(-357.7,-847.52400700874,-9.27961115911659));
#6810=CARTESIAN_POINT('Origin',(-352.5,-847.52400700874,-9.27961115911646));
#6811=CARTESIAN_POINT('',(-357.7,-847.426511534016,-8.485574237804));
#6812=CARTESIAN_POINT('',(-357.7,-847.52400700874,-9.2796111591172));
#6813=CARTESIAN_POINT('Origin',(-352.5,-847.426511534016,-8.48557423780414));
#6814=CARTESIAN_POINT('Origin',(-233.79375,-881.189113847463,-4.34004793780796));
#6815=CARTESIAN_POINT('Origin',(-357.5185,-891.794582039343,-1.48049999999988));
#6816=CARTESIAN_POINT('',(-355.038,-891.794582039343,-3.96099999999988));
#6817=CARTESIAN_POINT('Origin',(-355.038,-876.899807169446,1.4301274533294));
#6818=CARTESIAN_POINT('Origin',(-360.,-876.630307492061,-0.668257707470437));
#6819=CARTESIAN_POINT('',(-360.,-868.694298121321,-4.66520660975455));
#6820=CARTESIAN_POINT('Origin',(-363.7375,-875.899807169446,9.92546151641335));
#6821=CARTESIAN_POINT('',(-363.7375,-875.899807169446,9.92546151641335));
#6822=CARTESIAN_POINT('Origin',(-363.7375,-835.043806565949,-1.07453848358666));
#6823=CARTESIAN_POINT('',(-361.5375,-835.043806565949,-0.533445779961275));
#6824=CARTESIAN_POINT('Origin',(-363.7375,-835.043806565949,-0.533445779961275));
#6825=CARTESIAN_POINT('',(-361.5375,-835.043806565949,1.92546151641332));
#6826=CARTESIAN_POINT('',(-361.5375,-835.043806565949,-1.07453848358666));
#6827=CARTESIAN_POINT('Origin',(-363.7375,-835.043806565949,1.92546151641332));
#6828=CARTESIAN_POINT('Origin',(-363.7375,-918.755807772943,-1.07453848358666));
#6829=CARTESIAN_POINT('',(-361.5375,-918.755807772943,-0.533445779961284));
#6830=CARTESIAN_POINT('Origin',(-363.7375,-918.755807772943,-0.533445779961284));
#6831=CARTESIAN_POINT('',(-361.5375,-918.755807772943,1.92546151641333));
#6832=CARTESIAN_POINT('',(-361.5375,-918.755807772943,-1.07453848358666));
#6833=CARTESIAN_POINT('Origin',(-363.7375,-918.755807772943,1.92546151641333));
#6834=CARTESIAN_POINT('Origin',(-277.1085,-918.755807772943,-1.07453848358667));
#6835=CARTESIAN_POINT('',(-274.9085,-918.755807772943,-0.533445779961328));
#6836=CARTESIAN_POINT('Origin',(-277.1085,-918.755807772943,-0.53344577996131));
#6837=CARTESIAN_POINT('',(-274.9085,-918.755807772943,1.92546151641332));
#6838=CARTESIAN_POINT('',(-274.9085,-918.755807772943,-1.07453848358667));
#6839=CARTESIAN_POINT('Origin',(-277.1085,-918.755807772943,1.92546151641332));
#6840=CARTESIAN_POINT('Origin',(-190.479,-918.755807772943,-1.07453848358668));
#6841=CARTESIAN_POINT('',(-188.279,-918.755807772943,-0.533445779961328));
#6842=CARTESIAN_POINT('Origin',(-190.479,-918.755807772943,-0.53344577996131));
#6843=CARTESIAN_POINT('',(-188.279,-918.755807772943,1.92546151641332));
#6844=CARTESIAN_POINT('',(-188.279,-918.755807772943,-1.07453848358668));
#6845=CARTESIAN_POINT('Origin',(-190.479,-918.755807772943,1.92546151641332));
#6846=CARTESIAN_POINT('Origin',(-233.79375,-876.899807169446,1.92546151641332));
#6847=CARTESIAN_POINT('',(-362.5375,-918.755807772943,1.92546151641332));
#6848=CARTESIAN_POINT('Origin',(-363.7375,-918.755807772943,1.92546151641332));
#6849=CARTESIAN_POINT('Origin',(-233.79375,-876.899807169446,1.92546151641332));
#6850=CARTESIAN_POINT('',(-275.9085,-918.755807772943,1.92546151641332));
#6851=CARTESIAN_POINT('Origin',(-277.1085,-918.755807772943,1.92546151641332));
#6852=CARTESIAN_POINT('Origin',(-233.79375,-876.899807169446,1.92546151641332));
#6853=CARTESIAN_POINT('',(-189.279,-918.755807772943,1.92546151641332));
#6854=CARTESIAN_POINT('Origin',(-190.479,-918.755807772943,1.92546151641332));
#6855=CARTESIAN_POINT('Origin',(-233.79375,-876.899807169446,1.92546151641332));
#6856=CARTESIAN_POINT('',(-362.5375,-835.043806565949,1.92546151641332));
#6857=CARTESIAN_POINT('Origin',(-363.7375,-835.043806565949,1.92546151641332));
#6858=CARTESIAN_POINT('Origin',(-363.7375,-918.755807772943,9.92546151641334));
#6859=CARTESIAN_POINT('',(-362.5375,-918.755807772943,9.92546151641334));
#6860=CARTESIAN_POINT('Origin',(-277.1085,-918.755807772943,9.92546151641333));
#6861=CARTESIAN_POINT('',(-275.9085,-918.755807772943,9.92546151641333));
#6862=CARTESIAN_POINT('Origin',(-190.479,-918.755807772943,9.92546151641332));
#6863=CARTESIAN_POINT('',(-189.279,-918.755807772943,9.92546151641332));
#6864=CARTESIAN_POINT('Origin',(-363.7375,-835.043806565949,9.92546151641334));
#6865=CARTESIAN_POINT('',(-362.5375,-835.043806565949,9.92546151641334));
#6866=CARTESIAN_POINT('Origin',(-319.423,-835.043806565949,9.92546151641333));
#6867=CARTESIAN_POINT('',(-319.423,-835.043806565949,9.92546151641333));
#6868=CARTESIAN_POINT('Origin',(-321.423,-835.043806565949,9.92546151641333));
#6869=CARTESIAN_POINT('Origin',(-365.875,-832.906306565949,9.92546151641335));
#6870=CARTESIAN_POINT('Origin',(-365.875,-920.893307772944,9.92546151641333));
#6871=CARTESIAN_POINT('Origin',(-321.423,-918.755807772943,9.92546151641333));
#6872=CARTESIAN_POINT('',(-321.423,-918.755807772943,9.92546151641333));
#6873=CARTESIAN_POINT('Origin',(-319.423,-918.755807772943,9.92546151641333));
#6874=CARTESIAN_POINT('Origin',(-234.79375,-918.755807772943,9.92546151641333));
#6875=CARTESIAN_POINT('',(-234.79375,-918.755807772943,9.92546151641333));
#6876=CARTESIAN_POINT('Origin',(-232.79375,-918.755807772943,9.92546151641333));
#6877=CARTESIAN_POINT('Origin',(-363.7375,-877.899807169447,9.92546151641334));
#6878=CARTESIAN_POINT('Origin',(-233.79375,-841.124723041313,-8.85633264060004));
#6879=CARTESIAN_POINT('',(-239.49375,-839.933667659344,-9.00257585268622));
#6880=CARTESIAN_POINT('',(-233.79375,-839.933667659344,-9.00257585268623));
#6881=CARTESIAN_POINT('',(-228.09375,-839.933667659344,-9.00257585268622));
#6882=CARTESIAN_POINT('',(-233.79375,-839.933667659344,-9.00257585268623));
#6883=CARTESIAN_POINT('',(-108.7875,-839.933667659344,-9.00257585268624));
#6884=CARTESIAN_POINT('',(-233.79375,-839.933667659344,-9.00257585268623));
#6885=CARTESIAN_POINT('',(-108.7875,-841.270966253399,-10.0473880225697));
#6886=CARTESIAN_POINT('Origin',(-108.7875,-841.124723041313,-8.85633264060005));
#6887=CARTESIAN_POINT('',(-233.79375,-841.2709662534,-10.0473880225696));
#6888=CARTESIAN_POINT('Origin',(-233.79375,-839.334935766494,-4.12629589983983));
#6889=CARTESIAN_POINT('',(-241.09375,-839.066977933038,-1.94395447608469));
#6890=CARTESIAN_POINT('',(-296.896875,-839.066977933038,-1.94395447608468));
#6891=CARTESIAN_POINT('',(-241.09375,-839.738676709895,-7.41450201006035));
#6892=CARTESIAN_POINT('',(-241.09375,-839.4332172963,-4.92673472605548));
#6893=CARTESIAN_POINT('Origin',(-239.49375,-839.738676709895,-7.4145020100601));
#6894=CARTESIAN_POINT('Origin',(-296.896875,-837.875922551068,-2.09019768817086));
#6895=CARTESIAN_POINT('',(-108.7875,-838.022165763154,-0.899142306201304));
#6896=CARTESIAN_POINT('',(-296.896875,-838.022165763154,-0.899142306201286));
#6897=CARTESIAN_POINT('',(-108.7875,-839.066977933038,-1.94395447608469));
#6898=CARTESIAN_POINT('Origin',(-108.7875,-837.875922551068,-2.09019768817089));
#6899=CARTESIAN_POINT('',(-226.493750000001,-839.066977933038,-1.94395447608469));
#6900=CARTESIAN_POINT('',(-296.896875,-839.066977933038,-1.94395447608468));
#6901=CARTESIAN_POINT('Origin',(-226.49375,-837.875922551068,-2.09019768817087));
#6902=CARTESIAN_POINT('Origin',(-241.09375,-837.875922551068,-2.09019768817087));
#6903=CARTESIAN_POINT('Origin',(-360.,-868.694298121321,-4.66520660975456));
#6904=CARTESIAN_POINT('',(-101.3125,-832.360063353863,-0.203923548089167));
#6905=CARTESIAN_POINT('',(-296.896875,-832.360063353863,-0.203923548089149));
#6906=CARTESIAN_POINT('',(-101.3125,-858.619405658674,-3.42816536258446));
#6907=CARTESIAN_POINT('',(-101.3125,-872.156069820394,-5.0902587277713));
#6908=CARTESIAN_POINT('',(-107.5875,-858.619405658674,-3.42816536258443));
#6909=CARTESIAN_POINT('',(-296.896875,-858.619405658674,-3.42816536258444));
#6910=CARTESIAN_POINT('',(-107.5875,-840.085134199354,-1.15244297979661));
#6911=CARTESIAN_POINT('',(-107.5875,-876.294463098513,-5.59838952926873));
#6912=CARTESIAN_POINT('Ctrl Pts',(-107.5875,-840.085134199354,-1.15244297979664));
#6913=CARTESIAN_POINT('Ctrl Pts',(-107.5875,-839.781561074286,-1.11516888693332));
#6914=CARTESIAN_POINT('Ctrl Pts',(-107.694986399877,-839.433245369384,-1.07240109605126));
#6915=CARTESIAN_POINT('Ctrl Pts',(-108.062804740573,-838.754930752626,-0.989114533678572));
#6916=CARTESIAN_POINT('Ctrl Pts',(-108.454982133503,-838.352205091898,-0.939666040261775));
#6917=CARTESIAN_POINT('Ctrl Pts',(-108.7875,-838.022165763154,-0.899142306201304));
#6918=CARTESIAN_POINT('',(-274.9085,-835.043806565949,-0.533445779961293));
#6919=CARTESIAN_POINT('Origin',(-277.1085,-835.043806565949,-0.533445779961292));
#6920=CARTESIAN_POINT('',(-188.279,-835.043806565949,-0.533445779961301));
#6921=CARTESIAN_POINT('Origin',(-190.479,-835.043806565949,-0.533445779961301));
#6922=CARTESIAN_POINT('',(-101.65,-835.043806565949,-0.53344577996131));
#6923=CARTESIAN_POINT('Origin',(-103.85,-835.043806565949,-0.53344577996131));
#6924=CARTESIAN_POINT('Origin',(-296.896875,-832.506306565949,0.987131833880426));
#6925=CARTESIAN_POINT('',(-101.3125,-831.306306565949,0.987131833880408));
#6926=CARTESIAN_POINT('',(-296.896875,-831.306306565949,0.987131833880426));
#6927=CARTESIAN_POINT('Origin',(-101.3125,-832.506306565949,0.987131833880408));
#6928=CARTESIAN_POINT('Origin',(-233.79375,-831.306306565949,4.92546151641331));
#6929=CARTESIAN_POINT('',(-101.3125,-831.306306565949,4.9254615164133));
#6930=CARTESIAN_POINT('Origin',(-239.49375,-840.532713631208,-7.31700653533598));
#6931=CARTESIAN_POINT('Origin',(-239.49375,-840.727704580657,-8.9050803779621));
#6932=CARTESIAN_POINT('Origin',(-241.09375,-840.532713631208,-7.31700653533623));
#6933=CARTESIAN_POINT('Origin',(-228.09375,-840.532713631208,-7.31700653533599));
#6934=CARTESIAN_POINT('',(-226.49375,-839.738676709895,-7.41450201005985));
#6935=CARTESIAN_POINT('Origin',(-228.09375,-839.738676709895,-7.4145020100601));
#6936=CARTESIAN_POINT('Origin',(-228.09375,-840.727704580657,-8.9050803779621));
#6937=CARTESIAN_POINT('Origin',(-226.49375,-840.532713631208,-7.31700653533571));
#6938=CARTESIAN_POINT('Origin',(-233.79375,-840.727704580657,-8.9050803779621));
#6939=CARTESIAN_POINT('Origin',(-226.49375,-840.227254217613,-4.82923925132906));
#6940=CARTESIAN_POINT('Origin',(-226.493750000001,-839.861014854351,-1.84645900136058));
#6941=CARTESIAN_POINT('',(-226.49375,-839.4332172963,-4.92673472605317));
#6942=CARTESIAN_POINT('Origin',(-226.49375,-837.875922551068,-2.09019768817087));
#6943=CARTESIAN_POINT('Origin',(-241.09375,-837.875922551068,-2.09019768817087));
#6944=CARTESIAN_POINT('Origin',(-241.09375,-839.861014854351,-1.84645900136058));
#6945=CARTESIAN_POINT('Origin',(-241.09375,-840.227254217613,-4.82923925133137));
#6946=CARTESIAN_POINT('Origin',(-233.793750000001,-844.67703359942,-6.6066460627011));
#6947=CARTESIAN_POINT('',(-233.793750000002,-844.555164256015,-5.61409991105978));
#6948=CARTESIAN_POINT('Origin',(-108.7875,-841.124723041313,-8.85633264060006));
#6949=CARTESIAN_POINT('',(-107.5875,-841.124723041313,-8.85633264060005));
#6950=CARTESIAN_POINT('Origin',(-108.7875,-841.124723041313,-8.85633264060004));
#6951=CARTESIAN_POINT('Origin',(-108.7875,-841.124723041313,-8.85633264060006));
#6952=CARTESIAN_POINT('Origin',(-108.7875,-877.093410997,-4.43993308370751));
#6953=CARTESIAN_POINT('',(-107.5875,-876.239428554264,-4.54478894295762));
#6954=CARTESIAN_POINT('',(-108.7875,-895.180208680218,-3.42816536258447));
#6955=CARTESIAN_POINT('Ctrl Pts',(-108.7875,-895.180208680218,-3.42816536258447));
#6956=CARTESIAN_POINT('Ctrl Pts',(-108.644018436013,-893.587993286951,-3.62366483050966));
#6957=CARTESIAN_POINT('Ctrl Pts',(-108.485905531166,-891.833605447171,-3.81143030848513));
#6958=CARTESIAN_POINT('Ctrl Pts',(-108.187848958856,-888.317609408208,-4.1214691092155));
#6959=CARTESIAN_POINT('Ctrl Pts',(-108.048904695493,-886.555916551291,-4.24374233911968));
#6960=CARTESIAN_POINT('Ctrl Pts',(-107.845892284853,-883.592887356169,-4.40301957937526));
#6961=CARTESIAN_POINT('Ctrl Pts',(-107.755820725602,-882.096910395912,-4.46366592779233));
#6962=CARTESIAN_POINT('Ctrl Pts',(-107.626156180811,-879.102028249124,-4.5375554228405));
#6963=CARTESIAN_POINT('Ctrl Pts',(-107.5875,-877.603082427434,-4.55079252018157));
#6964=CARTESIAN_POINT('Ctrl Pts',(-107.5875,-876.239428554264,-4.54478894295763));
#6965=CARTESIAN_POINT('',(-108.7875,-877.239654209086,-5.63098846567709));
#6966=CARTESIAN_POINT('',(-107.5875,-877.093410997,-4.43993308370751));
#6967=CARTESIAN_POINT('Origin',(-108.7875,-840.593805342419,-4.53235497605835));
#6968=CARTESIAN_POINT('',(-107.5875,-840.258033315008,-1.79771126399851));
#6969=CARTESIAN_POINT('Origin',(-108.7875,-840.258033315008,-1.79771126399851));
#6970=CARTESIAN_POINT('',(-107.5875,-840.593805342419,-4.53235497605835));
#6971=CARTESIAN_POINT('',(-108.7875,-839.402749960449,-4.67859818814453));
#6972=CARTESIAN_POINT('Origin',(-108.7875,-837.875922551068,-2.09019768817089));
#6973=CARTESIAN_POINT('Origin',(-107.5875,-837.875922551068,-2.09019768817089));
#6974=CARTESIAN_POINT('Origin',(-107.5875,-876.63030749206,-0.668257707470472));
#6975=CARTESIAN_POINT('Origin',(-107.5875,-876.899807169446,145.453757383614));
#6976=CARTESIAN_POINT('Origin',(-233.79375,-839.334935766494,-4.12629589983983));
#6977=CARTESIAN_POINT('Origin',(-101.3125,-832.506306565949,0.987131833880417));
#6978=CARTESIAN_POINT('',(-100.1125,-832.506306565949,0.987131833880426));
#6979=CARTESIAN_POINT('Origin',(-101.3125,-832.506306565949,0.987131833880417));
#6980=CARTESIAN_POINT('Origin',(-101.3125,-832.506306565949,0.987131833880426));
#6981=CARTESIAN_POINT('Origin',(-101.3125,-832.506306565949,4.9254615164133));
#6982=CARTESIAN_POINT('',(-100.1125,-832.506306565949,4.9254615164133));
#6983=CARTESIAN_POINT('Origin',(-101.3125,-921.293307772943,0.987131833880444));
#6984=CARTESIAN_POINT('',(-101.3125,-922.493307772943,0.987131833880444));
#6985=CARTESIAN_POINT('',(-100.1125,-921.293307772943,0.987131833880435));
#6986=CARTESIAN_POINT('Origin',(-101.3125,-921.293307772943,0.987131833880444));
#6987=CARTESIAN_POINT('',(-101.3125,-921.43955098503,-0.20392354808914));
#6988=CARTESIAN_POINT('Origin',(-101.3125,-921.293307772943,0.987131833880444));
#6989=CARTESIAN_POINT('Origin',(-101.3125,-921.293307772943,0.987131833880435));
#6990=CARTESIAN_POINT('Origin',(-233.79375,-921.293307772943,0.987131833880461));
#6991=CARTESIAN_POINT('',(-233.79375,-921.43955098503,-0.203923548089131));
#6992=CARTESIAN_POINT('',(-233.79375,-922.493307772943,0.987131833880461));
#6993=CARTESIAN_POINT('Origin',(-101.3125,-872.30231303248,-3.89920334580173));
#6994=CARTESIAN_POINT('',(-100.1125,-858.76564887076,-2.23710998061487));
#6995=CARTESIAN_POINT('Origin',(-101.3125,-858.76564887076,-2.23710998061487));
#6996=CARTESIAN_POINT('',(-100.1125,-872.30231303248,-3.89920334580173));
#6997=CARTESIAN_POINT('Origin',(-101.3125,-876.899807169446,145.453757383614));
#6998=CARTESIAN_POINT('',(-100.1125,-895.033965468132,-2.23710998061489));
#6999=CARTESIAN_POINT('',(-101.3125,-895.180208680218,-3.42816536258447));
#7000=CARTESIAN_POINT('Origin',(-101.3125,-895.033965468132,-2.23710998061489));
#7001=CARTESIAN_POINT('Origin',(-101.3125,-876.899807169446,145.453757383614));
#7002=CARTESIAN_POINT('Origin',(-100.1125,-876.899807169446,145.453757383614));
#7003=CARTESIAN_POINT('Origin',(-101.3125,-877.56447030217,-4.38209427376296));
#7004=CARTESIAN_POINT('',(-101.3125,-877.710713514256,-5.57314965573254));
#7005=CARTESIAN_POINT('',(-100.1125,-877.56447030217,-4.38209427376296));
#7006=CARTESIAN_POINT('Origin',(-101.3125,-921.293307772943,4.92546151641329));
#7007=CARTESIAN_POINT('',(-101.3125,-922.493307772943,4.92546151641329));
#7008=CARTESIAN_POINT('',(-100.1125,-921.293307772943,4.92546151641329));
#7009=CARTESIAN_POINT('Origin',(-233.79375,-922.493307772943,4.92546151641331));
#7010=CARTESIAN_POINT('Origin',(-233.79375,-919.743797688501,4.27406404549758));
#7011=CARTESIAN_POINT('Origin',(-101.7125,-920.893307772943,9.9254615164133));
#7012=CARTESIAN_POINT('Origin',(-233.79375,-877.239654209086,-5.63098846567708));
#7013=CARTESIAN_POINT('',(-296.896875,-895.180208680218,-3.42816536258446));
#7014=CARTESIAN_POINT('',(-232.682750094505,-876.875734170341,-5.67567222783819));
#7015=CARTESIAN_POINT('',(-242.165728263996,-872.977034554481,-6.15437234826386));
#7016=CARTESIAN_POINT('Origin',(-238.237750094505,-876.875734170341,-5.67567222783819));
#7017=CARTESIAN_POINT('',(-238.589473240267,-873.586049316975,-6.07959473806766));
#7018=CARTESIAN_POINT('Origin',(-240.5945369962,-874.536514400825,-5.96289230009352));
#7019=CARTESIAN_POINT('',(-234.904750094505,-876.875734170341,-5.67567222783819));
#7020=CARTESIAN_POINT('Origin',(-238.237750094505,-876.875734170341,-5.67567222783819));
#7021=CARTESIAN_POINT('',(-234.904750037937,-880.643676534085,-5.21302707919843));
#7022=CARTESIAN_POINT('',(-234.904750091773,-877.057694197929,-5.65333034574885));
#7023=CARTESIAN_POINT('',(-240.594536860297,-879.214954074746,-5.38845213902045));
#7024=CARTESIAN_POINT('Origin',(-236.542421311782,-875.193042235393,-5.88228081820556));
#7025=CARTESIAN_POINT('',(-242.165728263996,-880.7744337862,-5.19697210741255));
#7026=CARTESIAN_POINT('Origin',(-241.380132630098,-879.994693863028,-5.29271213149775));
#7027=CARTESIAN_POINT('',(-234.904750006159,-882.76035063662,-4.9531321789441));
#7028=CARTESIAN_POINT('Origin',(-236.773756963873,-875.422653422503,-5.85408810941789));
#7029=CARTESIAN_POINT('',(-234.904749962063,-885.697484579742,-4.59249747742484));
#7030=CARTESIAN_POINT('',(-234.9047500476,-880.000002431069,-5.29206032130181));
#7031=CARTESIAN_POINT('',(-225.421771792572,-889.596184113443,-4.11379736708702));
#7032=CARTESIAN_POINT('Origin',(-229.349749962063,-885.697484497583,-4.59249748751288));
#7033=CARTESIAN_POINT('',(-228.998026816301,-888.987169350949,-4.18857497728322));
#7034=CARTESIAN_POINT('Origin',(-226.992963060369,-888.036704267099,-4.30527741525756));
#7035=CARTESIAN_POINT('',(-232.682749962063,-885.697484579742,-4.59249747742484));
#7036=CARTESIAN_POINT('Origin',(-229.349749962063,-885.697484497583,-4.59249748751288));
#7037=CARTESIAN_POINT('',(-232.682749962063,-881.929542110289,-5.05514263904405));
#7038=CARTESIAN_POINT('',(-232.682749962063,-881.468569394414,-5.11174297155096));
#7039=CARTESIAN_POINT('',(-226.992963060369,-883.358264728067,-4.87971755976808));
#7040=CARTESIAN_POINT('Origin',(-231.045078736105,-887.380176372506,-4.38588890451561));
#7041=CARTESIAN_POINT('',(-225.421771792572,-881.798784881723,-5.07119760793834));
#7042=CARTESIAN_POINT('Origin',(-226.20736742647,-882.578524804895,-4.97545758385334));
#7043=CARTESIAN_POINT('',(-232.682749962063,-879.812868009135,-5.31503753912874));
#7044=CARTESIAN_POINT('Origin',(-230.813743092695,-887.150565245421,-4.41408160593317));
#7045=CARTESIAN_POINT('',(-232.682749962063,-878.52626110911,-5.4730130024029));
#7046=CARTESIAN_POINT('',(-120.2875,-907.629929152114,-1.89953190107968));
#7047=CARTESIAN_POINT('Origin',(-115.0875,-907.629929152114,-1.89953190107953));
#7048=CARTESIAN_POINT('',(-120.2875,-847.52400700874,-9.27961115911659));
#7049=CARTESIAN_POINT('Origin',(-115.0875,-847.52400700874,-9.27961115911649));
#7050=CARTESIAN_POINT('',(-101.65,-918.755807772943,-0.533445779961319));
#7051=CARTESIAN_POINT('Origin',(-103.85,-918.755807772943,-0.533445779961319));
#7052=CARTESIAN_POINT('Origin',(-296.896875,-876.899807169446,145.453757383614));
#7053=CARTESIAN_POINT('Origin',(-238.237750094505,-876.875734170341,-5.67567222783819));
#7054=CARTESIAN_POINT('',(-232.682750094505,-876.778238695616,-4.88163530652514));
#7055=CARTESIAN_POINT('',(-232.682750094505,-876.875734170341,-5.67567222783819));
#7056=CARTESIAN_POINT('',(-242.165728263996,-872.879539079757,-5.36033542695079));
#7057=CARTESIAN_POINT('Origin',(-238.237750094505,-876.778238695616,-4.88163530652516));
#7058=CARTESIAN_POINT('',(-242.165728263996,-872.977034554481,-6.15437234826386));
#7059=CARTESIAN_POINT('Origin',(-232.682749962063,-879.812868009135,-5.31503753912874));
#7060=CARTESIAN_POINT('',(-232.682749962063,-879.715372534411,-4.52100061781569));
#7061=CARTESIAN_POINT('',(-232.682749962063,-879.812868009135,-5.31503753912874));
#7062=CARTESIAN_POINT('',(-232.682749962063,-879.715372534411,-4.52100061781571));
#7063=CARTESIAN_POINT('Origin',(-230.813743092695,-887.150565245421,-4.41408160593292));
#7064=CARTESIAN_POINT('',(-225.421771792572,-881.701289406999,-4.27716068662528));
#7065=CARTESIAN_POINT('',(-225.421771792572,-881.798784881723,-5.07119760793834));
#7066=CARTESIAN_POINT('Origin',(-230.813743092695,-887.053069770697,-3.62004468461988));
#7067=CARTESIAN_POINT('Origin',(-226.20736742647,-882.578524804895,-4.9754575838532));
#7068=CARTESIAN_POINT('',(-226.992963060369,-883.260769253343,-4.08568063845501));
#7069=CARTESIAN_POINT('',(-226.992963060369,-883.358264728067,-4.87971755976808));
#7070=CARTESIAN_POINT('Origin',(-226.20736742647,-882.481029330171,-4.18142066254016));
#7071=CARTESIAN_POINT('Origin',(-231.045078736105,-887.380176372506,-4.38588890451536));
#7072=CARTESIAN_POINT('',(-232.682749962063,-881.832046635564,-4.261105717731));
#7073=CARTESIAN_POINT('',(-232.682749962063,-881.929542110289,-5.05514263904405));
#7074=CARTESIAN_POINT('Origin',(-231.045078736105,-887.282680897782,-3.59185198320231));
#7075=CARTESIAN_POINT('Origin',(-232.682749962063,-885.697484579742,-4.59249747742484));
#7076=CARTESIAN_POINT('',(-232.682749962063,-885.599989105018,-3.79846055611177));
#7077=CARTESIAN_POINT('',(-232.682749962063,-885.697484579742,-4.59249747742484));
#7078=CARTESIAN_POINT('',(-232.682749962063,-885.599989105018,-3.79846055611178));
#7079=CARTESIAN_POINT('Origin',(-229.349749962063,-885.697484497583,-4.59249748751269));
#7080=CARTESIAN_POINT('',(-228.998026816301,-888.889673876225,-3.39453805597016));
#7081=CARTESIAN_POINT('',(-228.998026816301,-888.987169350949,-4.18857497728322));
#7082=CARTESIAN_POINT('Origin',(-229.349749962063,-885.599989022859,-3.79846056619964));
#7083=CARTESIAN_POINT('Origin',(-226.992963060369,-888.036704267099,-4.30527741525729));
#7084=CARTESIAN_POINT('',(-225.421771792572,-889.498688638719,-3.31976044577396));
#7085=CARTESIAN_POINT('',(-225.421771792572,-889.596184113443,-4.11379736708702));
#7086=CARTESIAN_POINT('Origin',(-226.992963060369,-887.939208792375,-3.51124049394425));
#7087=CARTESIAN_POINT('Origin',(-229.349749962063,-885.697484497583,-4.59249748751269));
#7088=CARTESIAN_POINT('',(-234.904749962063,-885.599989105018,-3.79846055611177));
#7089=CARTESIAN_POINT('',(-234.904749962063,-885.697484579742,-4.59249747742484));
#7090=CARTESIAN_POINT('Origin',(-229.349749962063,-885.599989022859,-3.79846056619964));
#7091=CARTESIAN_POINT('Origin',(-234.904750006159,-882.76035063662,-4.9531321789441));
#7092=CARTESIAN_POINT('',(-234.904750006159,-882.662855161896,-4.15909525763104));
#7093=CARTESIAN_POINT('',(-234.904750006159,-882.76035063662,-4.9531321789441));
#7094=CARTESIAN_POINT('',(-234.904750006159,-882.662855161896,-4.15909525763106));
#7095=CARTESIAN_POINT('Origin',(-236.773756963873,-875.422653422503,-5.85408810941794));
#7096=CARTESIAN_POINT('',(-242.165728263996,-880.676938311476,-4.40293518609947));
#7097=CARTESIAN_POINT('',(-242.165728263996,-880.7744337862,-5.19697210741255));
#7098=CARTESIAN_POINT('Origin',(-236.773756963873,-875.325157947779,-5.06005118810489));
#7099=CARTESIAN_POINT('Origin',(-241.380132630098,-879.994693863028,-5.29271213149768));
#7100=CARTESIAN_POINT('',(-240.594536860297,-879.117458600022,-4.59441521770738));
#7101=CARTESIAN_POINT('',(-240.594536860297,-879.214954074746,-5.38845213902045));
#7102=CARTESIAN_POINT('Origin',(-241.380132630098,-879.897198388304,-4.49867521018463));
#7103=CARTESIAN_POINT('Origin',(-236.542421311782,-875.193042235393,-5.8822808182056));
#7104=CARTESIAN_POINT('',(-234.904750037937,-880.54618105936,-4.41899015788537));
#7105=CARTESIAN_POINT('',(-234.904750037937,-880.643676534085,-5.21302707919843));
#7106=CARTESIAN_POINT('Origin',(-236.542421311782,-875.095546760669,-5.08824389689256));
#7107=CARTESIAN_POINT('Origin',(-234.904750094505,-876.875734170341,-5.67567222783819));
#7108=CARTESIAN_POINT('',(-234.904750094505,-876.778238695616,-4.88163530652514));
#7109=CARTESIAN_POINT('',(-234.904750094505,-876.875734170341,-5.67567222783819));
#7110=CARTESIAN_POINT('',(-234.904750094505,-876.778238695616,-4.88163530652516));
#7111=CARTESIAN_POINT('Origin',(-238.237750094505,-876.875734170341,-5.67567222783819));
#7112=CARTESIAN_POINT('',(-238.589473240267,-873.48855384225,-5.2855578167546));
#7113=CARTESIAN_POINT('',(-238.589473240267,-873.586049316975,-6.07959473806766));
#7114=CARTESIAN_POINT('Origin',(-238.237750094505,-876.778238695616,-4.88163530652516));
#7115=CARTESIAN_POINT('Origin',(-240.5945369962,-874.536514400825,-5.96289230009358));
#7116=CARTESIAN_POINT('Origin',(-240.5945369962,-874.439018926101,-5.16885537878053));
#7117=CARTESIAN_POINT('Origin',(-233.793750028284,-881.189113859238,-4.3400479363624));
#7118=CARTESIAN_POINT('Origin',(-115.0875,-907.629929152114,-1.89953190107882));
#7119=CARTESIAN_POINT('',(-120.2875,-907.53243367739,-1.10549497976563));
#7120=CARTESIAN_POINT('',(-120.2875,-907.629929152114,-1.89953190107882));
#7121=CARTESIAN_POINT('Origin',(-115.0875,-907.53243367739,-1.10549497976576));
#7122=CARTESIAN_POINT('Origin',(-233.79375,-881.189113847462,-4.34004793780796));
#7123=CARTESIAN_POINT('Origin',(-115.0875,-847.52400700874,-9.27961115911724));
#7124=CARTESIAN_POINT('',(-120.2875,-847.426511534016,-8.48557423780402));
#7125=CARTESIAN_POINT('',(-120.2875,-847.52400700874,-9.27961115911724));
#7126=CARTESIAN_POINT('Origin',(-115.0875,-847.426511534016,-8.48557423780417));
#7127=CARTESIAN_POINT('Origin',(-233.79375,-881.189113847462,-4.34004793780796));
#7128=CARTESIAN_POINT('Origin',(-170.690625,-841.564851808984,-1.46201072914621));
#7129=CARTESIAN_POINT('',(-170.690625,-838.782054902668,1.00000000000009));
#7130=CARTESIAN_POINT('Origin',(-107.5875,-906.68935690924,1.00000000000008));
#7131=CARTESIAN_POINT('Origin',(-245.79375,-851.746726004315,-6.74610681051142));
#7132=CARTESIAN_POINT('',(-243.29375,-851.502987317505,-4.76101450722876));
#7133=CARTESIAN_POINT('',(-243.79375,-851.502987317505,-4.76101450722876));
#7134=CARTESIAN_POINT('',(-243.29375,-851.746726004315,-6.74610681051153));
#7135=CARTESIAN_POINT('Origin',(-228.79375,-881.523110553554,-3.09002650835196));
#7136=CARTESIAN_POINT('',(-228.79375,-877.859485494681,0.490176199316865));
#7137=CARTESIAN_POINT('',(-228.79375,-878.346962868302,-3.48000840724842));
#7138=CARTESIAN_POINT('',(-228.79375,-879.844577797964,0.733914886127165));
#7139=CARTESIAN_POINT('',(-228.79375,-881.035633179934,0.880158098213339));
#7140=CARTESIAN_POINT('',(-228.79375,-880.332055171585,-3.23626972043812));
#7141=CARTESIAN_POINT('Origin',(-238.79375,-880.332055171585,-3.23626972043812));
#7142=CARTESIAN_POINT('',(-238.79375,-879.844577797964,0.733914886127156));
#7143=CARTESIAN_POINT('',(-236.29375,-879.844577797964,0.733914886127138));
#7144=CARTESIAN_POINT('',(-238.79375,-880.332055171585,-3.23626972043813));
#7145=CARTESIAN_POINT('Origin',(-238.79375,-879.538018250272,-3.33376519516225));
#7146=CARTESIAN_POINT('',(-238.79375,-877.859485494681,0.490176199316856));
#7147=CARTESIAN_POINT('',(-238.79375,-879.050540876651,0.63641941140304));
#7148=CARTESIAN_POINT('',(-238.79375,-878.346962868302,-3.48000840724842));
#7149=CARTESIAN_POINT('Origin',(-228.79375,-878.346962868302,-3.48000840724842));
#7150=CARTESIAN_POINT('',(-231.29375,-877.859485494681,0.490176199316856));
#7151=CARTESIAN_POINT('Origin',(-233.79375,-876.93976260516,0.377248428174646));
#7152=CARTESIAN_POINT('Origin',(-245.29375,-851.746726004315,-6.74610681051142));
#7153=CARTESIAN_POINT('',(-245.29375,-872.102717815162,-0.21666599243801));
#7154=CARTESIAN_POINT('',(-245.29375,-872.590195188783,-4.18685059900338));
#7155=CARTESIAN_POINT('',(-245.29375,-851.259248630695,-2.77592220394613));
#7156=CARTESIAN_POINT('',(-245.29375,-864.099505617928,-1.19933688788818));
#7157=CARTESIAN_POINT('',(-245.29375,-851.502987317505,-4.76101450722877));
#7158=CARTESIAN_POINT('',(-245.29375,-851.746726004315,-6.74610681051142));
#7159=CARTESIAN_POINT('',(-245.29375,-854.97689884825,-4.33447180531725));
#7160=CARTESIAN_POINT('Origin',(-243.79375,-851.746726004315,-6.74610681051142));
#7161=CARTESIAN_POINT('',(-238.79375,-851.502987317505,-4.76101450722877));
#7162=CARTESIAN_POINT('',(-243.29375,-851.259248630695,-2.77592220394613));
#7163=CARTESIAN_POINT('',(-243.79375,-851.259248630695,-2.77592220394613));
#7164=CARTESIAN_POINT('',(-243.29375,-851.746726004315,-6.74610681051134));
#7165=CARTESIAN_POINT('Origin',(-243.29375,-872.590195188783,-4.18685059900331));
#7166=CARTESIAN_POINT('',(-243.29375,-872.102717815162,-0.21666599243801));
#7167=CARTESIAN_POINT('',(-243.29375,-874.521240210162,0.0802912178657866));
#7168=CARTESIAN_POINT('',(-243.29375,-872.590195188783,-4.18685059900331));
#7169=CARTESIAN_POINT('Origin',(-245.79375,-872.590195188783,-4.18685059900331));
#7170=CARTESIAN_POINT('',(-245.79375,-872.102717815162,-0.21666599243801));
#7171=CARTESIAN_POINT('Origin',(-233.79375,-876.939762605161,0.377248428169601));
#7172=CARTESIAN_POINT('Origin',(-224.29375,-851.746726004315,-6.74610681051142));
#7173=CARTESIAN_POINT('',(-224.29375,-872.102717815162,-0.21666599243801));
#7174=CARTESIAN_POINT('',(-224.29375,-872.590195188783,-4.18685059900338));
#7175=CARTESIAN_POINT('',(-224.29375,-851.259248630695,-2.77592220394613));
#7176=CARTESIAN_POINT('',(-224.29375,-864.099505617928,-1.19933688788818));
#7177=CARTESIAN_POINT('',(-224.29375,-851.746726004315,-6.74610681051143));
#7178=CARTESIAN_POINT('Origin',(-221.79375,-851.746726004315,-6.74610681051143));
#7179=CARTESIAN_POINT('',(-222.29375,-851.502987317505,-4.7610145072287));
#7180=CARTESIAN_POINT('',(-227.79375,-851.502987317505,-4.7610145072287));
#7181=CARTESIAN_POINT('',(-222.29375,-851.259248630695,-2.77592220394613));
#7182=CARTESIAN_POINT('',(-221.79375,-851.259248630695,-2.77592220394613));
#7183=CARTESIAN_POINT('',(-222.29375,-851.746726004315,-6.74610681051136));
#7184=CARTESIAN_POINT('Origin',(-222.29375,-872.590195188783,-4.18685059900331));
#7185=CARTESIAN_POINT('',(-222.29375,-865.398633440482,-3.05484369954016));
#7186=CARTESIAN_POINT('',(-222.29375,-872.102717815162,-0.21666599243801));
#7187=CARTESIAN_POINT('',(-222.29375,-874.521240210162,0.0802912178657955));
#7188=CARTESIAN_POINT('',(-222.29375,-872.590195188783,-4.18685059900331));
#7189=CARTESIAN_POINT('Origin',(-223.79375,-872.590195188783,-4.18685059900331));
#7190=CARTESIAN_POINT('',(-223.79375,-872.102717815162,-0.21666599243801));
#7191=CARTESIAN_POINT('Origin',(-233.79375,-876.939762605161,0.377248428169601));
#7192=CARTESIAN_POINT('Origin',(-233.793750000002,-858.450810378994,-3.90792910338772));
#7193=CARTESIAN_POINT('',(-228.793750000002,-872.346456501972,-2.20175829571063));
#7194=CARTESIAN_POINT('',(-233.793750000002,-872.346456501972,-2.20175829571565));
#7195=CARTESIAN_POINT('',(-228.793750000002,-858.450810378993,-3.90792910338271));
#7196=CARTESIAN_POINT('Origin',(-228.793750000001,-858.572679722398,-4.90047525502403));
#7197=CARTESIAN_POINT('',(-228.793750000001,-872.468325845377,-3.19430444735195));
#7198=CARTESIAN_POINT('Origin',(-233.793750000001,-872.468325845377,-3.19430444735696));
#7199=CARTESIAN_POINT('Origin',(-277.1085,-835.043806565949,-1.07453848358668));
#7200=CARTESIAN_POINT('',(-274.9085,-835.043806565949,1.92546151641332));
#7201=CARTESIAN_POINT('',(-274.9085,-835.043806565949,-1.07453848358668));
#7202=CARTESIAN_POINT('Origin',(-277.1085,-835.043806565949,1.92546151641332));
#7203=CARTESIAN_POINT('Origin',(-190.479,-835.043806565949,-1.07453848358669));
#7204=CARTESIAN_POINT('',(-188.279,-835.043806565949,1.92546151641331));
#7205=CARTESIAN_POINT('',(-188.279,-835.043806565949,-1.07453848358669));
#7206=CARTESIAN_POINT('Origin',(-190.479,-835.043806565949,1.92546151641331));
#7207=CARTESIAN_POINT('Origin',(-103.85,-835.043806565949,-1.0745384835867));
#7208=CARTESIAN_POINT('',(-101.65,-835.043806565949,1.92546151641329));
#7209=CARTESIAN_POINT('',(-101.65,-835.043806565949,-1.0745384835867));
#7210=CARTESIAN_POINT('Origin',(-103.85,-835.043806565949,1.92546151641329));
#7211=CARTESIAN_POINT('Origin',(-103.85,-918.755807772943,-1.0745384835867));
#7212=CARTESIAN_POINT('',(-101.65,-918.755807772943,1.92546151641331));
#7213=CARTESIAN_POINT('',(-101.65,-918.755807772943,-1.0745384835867));
#7214=CARTESIAN_POINT('Origin',(-103.85,-918.755807772943,1.92546151641331));
#7215=CARTESIAN_POINT('Origin',(-233.79375,-876.899807169446,1.92546151641332));
#7216=CARTESIAN_POINT('',(-102.65,-918.755807772943,1.92546151641332));
#7217=CARTESIAN_POINT('Origin',(-103.85,-918.755807772943,1.92546151641332));
#7218=CARTESIAN_POINT('Origin',(-233.79375,-876.899807169446,1.92546151641332));
#7219=CARTESIAN_POINT('',(-102.65,-835.043806565949,1.92546151641331));
#7220=CARTESIAN_POINT('Origin',(-103.85,-835.043806565949,1.92546151641331));
#7221=CARTESIAN_POINT('Origin',(-233.79375,-876.899807169446,1.92546151641332));
#7222=CARTESIAN_POINT('',(-189.279,-835.043806565949,1.92546151641331));
#7223=CARTESIAN_POINT('Origin',(-190.479,-835.043806565949,1.92546151641331));
#7224=CARTESIAN_POINT('Origin',(-233.79375,-876.899807169446,1.92546151641332));
#7225=CARTESIAN_POINT('',(-275.9085,-835.043806565949,1.92546151641331));
#7226=CARTESIAN_POINT('Origin',(-277.1085,-835.043806565949,1.92546151641331));
#7227=CARTESIAN_POINT('Origin',(-103.85,-918.755807772943,9.92546151641331));
#7228=CARTESIAN_POINT('',(-102.65,-918.755807772943,9.92546151641331));
#7229=CARTESIAN_POINT('Origin',(-103.85,-835.043806565949,9.9254615164133));
#7230=CARTESIAN_POINT('',(-102.65,-835.043806565949,9.9254615164133));
#7231=CARTESIAN_POINT('Origin',(-190.479,-835.043806565949,9.92546151641331));
#7232=CARTESIAN_POINT('',(-189.279,-835.043806565949,9.92546151641331));
#7233=CARTESIAN_POINT('Origin',(-277.1085,-835.043806565949,9.92546151641332));
#7234=CARTESIAN_POINT('',(-275.9085,-835.043806565949,9.92546151641332));
#7235=CARTESIAN_POINT('Origin',(-100.1125,-876.899807169446,4.92546151641329));
#7236=CARTESIAN_POINT('Origin',(-103.85,-877.899807169446,9.92546151641331));
#7237=CARTESIAN_POINT('',(-103.85,-877.899807169446,9.92546151641331));
#7238=CARTESIAN_POINT('Origin',(-103.85,-875.899807169446,9.92546151641331));
#7239=CARTESIAN_POINT('Origin',(-101.7125,-832.906306565949,9.92546151641331));
#7240=CARTESIAN_POINT('Origin',(-148.1645,-835.043806565949,9.92546151641331));
#7241=CARTESIAN_POINT('',(-148.1645,-835.043806565949,9.92546151641331));
#7242=CARTESIAN_POINT('Origin',(-148.1645,-832.906306565949,9.92546151641331));
#7243=CARTESIAN_POINT('Origin',(-234.79375,-835.043806565949,9.92546151641332));
#7244=CARTESIAN_POINT('',(-234.79375,-835.043806565949,9.92546151641332));
#7245=CARTESIAN_POINT('Origin',(-234.79375,-832.906306565949,9.92546151641333));
#7246=CARTESIAN_POINT('',(0.,0.,0.));
#7247=UNCERTAINTY_MEASURE_WITH_UNIT(LENGTH_MEASURE(0.01),#7253,
'DISTANCE_ACCURACY_VALUE',
'Maximum model space distance between geometric entities at asserted c
onnectivities');
#7248=UNCERTAINTY_MEASURE_WITH_UNIT(LENGTH_MEASURE(0.01),#7253,
'DISTANCE_ACCURACY_VALUE',
'Maximum model space distance between geometric entities at asserted c
onnectivities');
#7249=UNCERTAINTY_MEASURE_WITH_UNIT(LENGTH_MEASURE(0.01),#7253,
'DISTANCE_ACCURACY_VALUE',
'Maximum model space distance between geometric entities at asserted c
onnectivities');
#7250=(
GEOMETRIC_REPRESENTATION_CONTEXT(3)
GLOBAL_UNCERTAINTY_ASSIGNED_CONTEXT((#7247))
GLOBAL_UNIT_ASSIGNED_CONTEXT((#7253,#7255,#7256))
REPRESENTATION_CONTEXT('','3D')
);
#7251=(
GEOMETRIC_REPRESENTATION_CONTEXT(3)
GLOBAL_UNCERTAINTY_ASSIGNED_CONTEXT((#7248))
GLOBAL_UNIT_ASSIGNED_CONTEXT((#7253,#7255,#7256))
REPRESENTATION_CONTEXT('','3D')
);
#7252=(
GEOMETRIC_REPRESENTATION_CONTEXT(3)
GLOBAL_UNCERTAINTY_ASSIGNED_CONTEXT((#7249))
GLOBAL_UNIT_ASSIGNED_CONTEXT((#7253,#7255,#7256))
REPRESENTATION_CONTEXT('','3D')
);
#7253=(
LENGTH_UNIT()
NAMED_UNIT(*)
SI_UNIT(.MILLI.,.METRE.)
);
#7254=(
LENGTH_UNIT()
NAMED_UNIT(*)
SI_UNIT($,.METRE.)
);
#7255=(
NAMED_UNIT(*)
PLANE_ANGLE_UNIT()
SI_UNIT($,.RADIAN.)
);
#7256=(
NAMED_UNIT(*)
SI_UNIT($,.STERADIAN.)
SOLID_ANGLE_UNIT()
);
#7257=SHAPE_DEFINITION_REPRESENTATION(#7259,#7262);
#7258=SHAPE_DEFINITION_REPRESENTATION(#7260,#7263);
#7259=PRODUCT_DEFINITION_SHAPE('',$,#7265);
#7260=PRODUCT_DEFINITION_SHAPE('',$,#7266);
#7261=PRODUCT_DEFINITION_SHAPE($,$,#14);
#7262=SHAPE_REPRESENTATION('',(#4235,#4670),#7250);
#7263=SHAPE_REPRESENTATION('',(#4236),#7251);
#7264=PRODUCT_DEFINITION_CONTEXT('part definition',#7272,'design');
#7265=PRODUCT_DEFINITION('prototype','prototype',#7267,#7264);
#7266=PRODUCT_DEFINITION('bottom_.5fillet','bottom_.5fillet',#7268,#7264);
#7267=PRODUCT_DEFINITION_FORMATION('',$,#7274);
#7268=PRODUCT_DEFINITION_FORMATION('',$,#7275);
#7269=PRODUCT_RELATED_PRODUCT_CATEGORY('prototype','prototype',(#7274));
#7270=PRODUCT_RELATED_PRODUCT_CATEGORY('bottom_.5fillet',
'bottom_.5fillet',(#7275));
#7271=APPLICATION_PROTOCOL_DEFINITION('international standard',
'automotive_design',2009,#7272);
#7272=APPLICATION_CONTEXT(
'Core Data for Automotive Mechanical Design Process');
#7273=PRODUCT_CONTEXT('part definition',#7272,'mechanical');
#7274=PRODUCT('prototype','prototype',$,(#7273));
#7275=PRODUCT('bottom_.5fillet','bottom_.5fillet',$,(#7273));
#7276=PRESENTATION_STYLE_ASSIGNMENT((#7282));
#7277=PRESENTATION_STYLE_ASSIGNMENT((#7283));
#7278=PRESENTATION_STYLE_ASSIGNMENT((#7284));
#7279=PRESENTATION_STYLE_ASSIGNMENT((#7285));
#7280=PRESENTATION_STYLE_ASSIGNMENT((#7286));
#7281=PRESENTATION_STYLE_ASSIGNMENT((#7287));
#7282=SURFACE_STYLE_USAGE(.BOTH.,#7288);
#7283=SURFACE_STYLE_USAGE(.BOTH.,#7289);
#7284=SURFACE_STYLE_USAGE(.BOTH.,#7290);
#7285=SURFACE_STYLE_USAGE(.BOTH.,#7291);
#7286=SURFACE_STYLE_USAGE(.BOTH.,#7292);
#7287=SURFACE_STYLE_USAGE(.BOTH.,#7293);
#7288=SURFACE_SIDE_STYLE('',(#7294));
#7289=SURFACE_SIDE_STYLE('',(#7295));
#7290=SURFACE_SIDE_STYLE('',(#7296));
#7291=SURFACE_SIDE_STYLE('',(#7297));
#7292=SURFACE_SIDE_STYLE('',(#7298));
#7293=SURFACE_SIDE_STYLE('',(#7299));
#7294=SURFACE_STYLE_FILL_AREA(#7300);
#7295=SURFACE_STYLE_FILL_AREA(#7301);
#7296=SURFACE_STYLE_FILL_AREA(#7302);
#7297=SURFACE_STYLE_FILL_AREA(#7303);
#7298=SURFACE_STYLE_FILL_AREA(#7304);
#7299=SURFACE_STYLE_FILL_AREA(#7305);
#7300=FILL_AREA_STYLE('Steel - Satin',(#7306));
#7301=FILL_AREA_STYLE('Aluminum - Bead Blasted',(#7307));
#7302=FILL_AREA_STYLE('Brass - Matte',(#7308));
#7303=FILL_AREA_STYLE('Plastic - Glossy (White)',(#7309));
#7304=FILL_AREA_STYLE('Brass - Polished',(#7310));
#7305=FILL_AREA_STYLE('Brass - Knurled',(#7311));
#7306=FILL_AREA_STYLE_COLOUR('Steel - Satin',#7312);
#7307=FILL_AREA_STYLE_COLOUR('Aluminum - Bead Blasted',#7313);
#7308=FILL_AREA_STYLE_COLOUR('Brass - Matte',#7314);
#7309=FILL_AREA_STYLE_COLOUR('Plastic - Glossy (White)',#7315);
#7310=FILL_AREA_STYLE_COLOUR('Brass - Polished',#7316);
#7311=FILL_AREA_STYLE_COLOUR('Brass - Knurled',#7317);
#7312=COLOUR_RGB('Steel - Satin',0.627450980392157,0.627450980392157,0.627450980392157);
#7313=COLOUR_RGB('Aluminum - Bead Blasted',0.96078431372549,0.96078431372549,
0.964705882352941);
#7314=COLOUR_RGB('Brass - Matte',0.952941176470588,0.796078431372549,0.486274509803922);
#7315=COLOUR_RGB('Plastic - Glossy (White)',0.964705882352941,0.964705882352941,
0.952941176470588);
#7316=COLOUR_RGB('Brass - Polished',0.952941176470588,0.796078431372549,
0.486274509803922);
#7317=COLOUR_RGB('Brass - Knurled',0.952941176470588,0.796078431372549,
0.486274509803922);
ENDSEC;
END-ISO-10303-21;
