ISO-10303-21;
HEADER;
/* Generated by software containing ST-Developer
 * from STEP Tools, Inc. (www.steptools.com) 
 */

FILE_DESCRIPTION(
/* description */ (''),
/* implementation_level */ '2;1');

FILE_NAME(
/* name */ 'top.step',
/* time_stamp */ '2026-09-05T16:48:59-07:00',
/* author */ (''),
/* organization */ (''),
/* preprocessor_version */ 'ST-DEVELOPER v20.1',
/* originating_system */ 'Autodesk Translation Framework v15.8.0.0',
/* authorisation */ '');

FILE_SCHEMA (('AUTOMOTIVE_DESIGN { 1 0 10303 214 3 1 1 }'));
ENDSEC;

DATA;
#10=MECHANICAL_DESIGN_GEOMETRIC_PRESENTATION_REPRESENTATION('',(#17),#2983);
#11=ITEM_DEFINED_TRANSFORMATION($,$,#1749,#1937);
#12=(
REPRESENTATION_RELATIONSHIP($,$,#2994,#2993)
REPRESENTATION_RELATIONSHIP_WITH_TRANSFORMATION(#11)
SHAPE_REPRESENTATION_RELATIONSHIP()
);
#13=CONTEXT_DEPENDENT_SHAPE_REPRESENTATION(#12,#2992);
#14=NEXT_ASSEMBLY_USAGE_OCCURRENCE('top_.5fillet:1','top_.5fillet:1',
'top_.5fillet:1',#2996,#2997,'top_.5fillet:1');
#15=SHAPE_REPRESENTATION_RELATIONSHIP('SRR','None',#2994,#16);
#16=ADVANCED_BREP_SHAPE_REPRESENTATION('',(#18),#2982);
#17=STYLED_ITEM('',(#3007),#18);
#18=MANIFOLD_SOLID_BREP('Body1',#1735);
#19=SPHERICAL_SURFACE('',#1866,1.19999999999997);
#20=SPHERICAL_SURFACE('',#1871,1.19999999999997);
#21=SPHERICAL_SURFACE('',#1907,1.19999999999997);
#22=SPHERICAL_SURFACE('',#1911,1.19999999999999);
#23=FACE_BOUND('',#187,.T.);
#24=FACE_BOUND('',#188,.T.);
#25=FACE_BOUND('',#189,.T.);
#26=FACE_BOUND('',#190,.T.);
#27=FACE_BOUND('',#191,.T.);
#28=FACE_BOUND('',#192,.T.);
#29=FACE_BOUND('',#193,.T.);
#30=FACE_BOUND('',#194,.T.);
#31=FACE_BOUND('',#195,.T.);
#32=FACE_BOUND('',#196,.T.);
#33=FACE_BOUND('',#197,.T.);
#34=FACE_BOUND('',#230,.T.);
#35=FACE_BOUND('',#231,.T.);
#36=FACE_BOUND('',#232,.T.);
#37=FACE_BOUND('',#274,.T.);
#38=PLANE('',#1753);
#39=PLANE('',#1788);
#40=PLANE('',#1793);
#41=PLANE('',#1798);
#42=PLANE('',#1801);
#43=PLANE('',#1804);
#44=PLANE('',#1807);
#45=PLANE('',#1810);
#46=PLANE('',#1815);
#47=PLANE('',#1818);
#48=PLANE('',#1823);
#49=PLANE('',#1826);
#50=PLANE('',#1831);
#51=PLANE('',#1834);
#52=PLANE('',#1837);
#53=PLANE('',#1847);
#54=PLANE('',#1849);
#55=PLANE('',#1851);
#56=PLANE('',#1854);
#57=PLANE('',#1856);
#58=PLANE('',#1858);
#59=PLANE('',#1862);
#60=PLANE('',#1863);
#61=PLANE('',#1864);
#62=PLANE('',#1865);
#63=PLANE('',#1880);
#64=PLANE('',#1881);
#65=PLANE('',#1884);
#66=PLANE('',#1887);
#67=PLANE('',#1890);
#68=PLANE('',#1893);
#69=PLANE('',#1894);
#70=PLANE('',#1895);
#71=PLANE('',#1897);
#72=PLANE('',#1898);
#73=PLANE('',#1903);
#74=PLANE('',#1906);
#75=PLANE('',#1916);
#76=PLANE('',#1918);
#77=PLANE('',#1919);
#78=PLANE('',#1920);
#79=PLANE('',#1921);
#80=PLANE('',#1922);
#81=PLANE('',#1925);
#82=PLANE('',#1928);
#83=PLANE('',#1931);
#84=PLANE('',#1934);
#85=PLANE('',#1935);
#86=PLANE('',#1936);
#87=FACE_OUTER_BOUND('',#185,.T.);
#88=FACE_OUTER_BOUND('',#186,.T.);
#89=FACE_OUTER_BOUND('',#198,.T.);
#90=FACE_OUTER_BOUND('',#199,.T.);
#91=FACE_OUTER_BOUND('',#200,.T.);
#92=FACE_OUTER_BOUND('',#201,.T.);
#93=FACE_OUTER_BOUND('',#202,.T.);
#94=FACE_OUTER_BOUND('',#203,.T.);
#95=FACE_OUTER_BOUND('',#204,.T.);
#96=FACE_OUTER_BOUND('',#205,.T.);
#97=FACE_OUTER_BOUND('',#206,.T.);
#98=FACE_OUTER_BOUND('',#207,.T.);
#99=FACE_OUTER_BOUND('',#208,.T.);
#100=FACE_OUTER_BOUND('',#209,.T.);
#101=FACE_OUTER_BOUND('',#210,.T.);
#102=FACE_OUTER_BOUND('',#211,.T.);
#103=FACE_OUTER_BOUND('',#212,.T.);
#104=FACE_OUTER_BOUND('',#213,.T.);
#105=FACE_OUTER_BOUND('',#214,.T.);
#106=FACE_OUTER_BOUND('',#215,.T.);
#107=FACE_OUTER_BOUND('',#216,.T.);
#108=FACE_OUTER_BOUND('',#217,.T.);
#109=FACE_OUTER_BOUND('',#218,.T.);
#110=FACE_OUTER_BOUND('',#219,.T.);
#111=FACE_OUTER_BOUND('',#220,.T.);
#112=FACE_OUTER_BOUND('',#221,.T.);
#113=FACE_OUTER_BOUND('',#222,.T.);
#114=FACE_OUTER_BOUND('',#223,.T.);
#115=FACE_OUTER_BOUND('',#224,.T.);
#116=FACE_OUTER_BOUND('',#225,.T.);
#117=FACE_OUTER_BOUND('',#226,.T.);
#118=FACE_OUTER_BOUND('',#227,.T.);
#119=FACE_OUTER_BOUND('',#228,.T.);
#120=FACE_OUTER_BOUND('',#229,.T.);
#121=FACE_OUTER_BOUND('',#233,.T.);
#122=FACE_OUTER_BOUND('',#234,.T.);
#123=FACE_OUTER_BOUND('',#235,.T.);
#124=FACE_OUTER_BOUND('',#236,.T.);
#125=FACE_OUTER_BOUND('',#237,.T.);
#126=FACE_OUTER_BOUND('',#238,.T.);
#127=FACE_OUTER_BOUND('',#239,.T.);
#128=FACE_OUTER_BOUND('',#240,.T.);
#129=FACE_OUTER_BOUND('',#241,.T.);
#130=FACE_OUTER_BOUND('',#242,.T.);
#131=FACE_OUTER_BOUND('',#243,.T.);
#132=FACE_OUTER_BOUND('',#244,.T.);
#133=FACE_OUTER_BOUND('',#245,.T.);
#134=FACE_OUTER_BOUND('',#246,.T.);
#135=FACE_OUTER_BOUND('',#247,.T.);
#136=FACE_OUTER_BOUND('',#248,.T.);
#137=FACE_OUTER_BOUND('',#249,.T.);
#138=FACE_OUTER_BOUND('',#250,.T.);
#139=FACE_OUTER_BOUND('',#251,.T.);
#140=FACE_OUTER_BOUND('',#252,.T.);
#141=FACE_OUTER_BOUND('',#253,.T.);
#142=FACE_OUTER_BOUND('',#254,.T.);
#143=FACE_OUTER_BOUND('',#255,.T.);
#144=FACE_OUTER_BOUND('',#256,.T.);
#145=FACE_OUTER_BOUND('',#257,.T.);
#146=FACE_OUTER_BOUND('',#258,.T.);
#147=FACE_OUTER_BOUND('',#259,.T.);
#148=FACE_OUTER_BOUND('',#260,.T.);
#149=FACE_OUTER_BOUND('',#261,.T.);
#150=FACE_OUTER_BOUND('',#262,.T.);
#151=FACE_OUTER_BOUND('',#263,.T.);
#152=FACE_OUTER_BOUND('',#264,.T.);
#153=FACE_OUTER_BOUND('',#265,.T.);
#154=FACE_OUTER_BOUND('',#266,.T.);
#155=FACE_OUTER_BOUND('',#267,.T.);
#156=FACE_OUTER_BOUND('',#268,.T.);
#157=FACE_OUTER_BOUND('',#269,.T.);
#158=FACE_OUTER_BOUND('',#270,.T.);
#159=FACE_OUTER_BOUND('',#271,.T.);
#160=FACE_OUTER_BOUND('',#272,.T.);
#161=FACE_OUTER_BOUND('',#273,.T.);
#162=FACE_OUTER_BOUND('',#275,.T.);
#163=FACE_OUTER_BOUND('',#276,.T.);
#164=FACE_OUTER_BOUND('',#277,.T.);
#165=FACE_OUTER_BOUND('',#278,.T.);
#166=FACE_OUTER_BOUND('',#279,.T.);
#167=FACE_OUTER_BOUND('',#280,.T.);
#168=FACE_OUTER_BOUND('',#281,.T.);
#169=FACE_OUTER_BOUND('',#282,.T.);
#170=FACE_OUTER_BOUND('',#283,.T.);
#171=FACE_OUTER_BOUND('',#284,.T.);
#172=FACE_OUTER_BOUND('',#285,.T.);
#173=FACE_OUTER_BOUND('',#286,.T.);
#174=FACE_OUTER_BOUND('',#287,.T.);
#175=FACE_OUTER_BOUND('',#288,.T.);
#176=FACE_OUTER_BOUND('',#289,.T.);
#177=FACE_OUTER_BOUND('',#290,.T.);
#178=FACE_OUTER_BOUND('',#291,.T.);
#179=FACE_OUTER_BOUND('',#292,.T.);
#180=FACE_OUTER_BOUND('',#293,.T.);
#181=FACE_OUTER_BOUND('',#294,.T.);
#182=FACE_OUTER_BOUND('',#295,.T.);
#183=FACE_OUTER_BOUND('',#296,.T.);
#184=FACE_OUTER_BOUND('',#297,.T.);
#185=EDGE_LOOP('',(#1102,#1103,#1104,#1105));
#186=EDGE_LOOP('',(#1106,#1107,#1108,#1109,#1110,#1111,#1112,#1113,#1114,
#1115));
#187=EDGE_LOOP('',(#1116,#1117,#1118,#1119,#1120,#1121));
#188=EDGE_LOOP('',(#1122,#1123,#1124,#1125,#1126,#1127,#1128,#1129,#1130,
#1131,#1132,#1133,#1134,#1135,#1136,#1137));
#189=EDGE_LOOP('',(#1138));
#190=EDGE_LOOP('',(#1139));
#191=EDGE_LOOP('',(#1140));
#192=EDGE_LOOP('',(#1141));
#193=EDGE_LOOP('',(#1142));
#194=EDGE_LOOP('',(#1143));
#195=EDGE_LOOP('',(#1144));
#196=EDGE_LOOP('',(#1145));
#197=EDGE_LOOP('',(#1146,#1147,#1148,#1149,#1150,#1151,#1152,#1153,#1154,
#1155,#1156,#1157,#1158,#1159,#1160,#1161,#1162,#1163,#1164,#1165,#1166,
#1167,#1168,#1169,#1170,#1171));
#198=EDGE_LOOP('',(#1172,#1173,#1174,#1175));
#199=EDGE_LOOP('',(#1176,#1177,#1178,#1179));
#200=EDGE_LOOP('',(#1180,#1181,#1182,#1183));
#201=EDGE_LOOP('',(#1184,#1185,#1186,#1187));
#202=EDGE_LOOP('',(#1188,#1189,#1190,#1191));
#203=EDGE_LOOP('',(#1192,#1193,#1194,#1195));
#204=EDGE_LOOP('',(#1196,#1197,#1198,#1199));
#205=EDGE_LOOP('',(#1200,#1201,#1202,#1203));
#206=EDGE_LOOP('',(#1204,#1205,#1206,#1207));
#207=EDGE_LOOP('',(#1208,#1209,#1210,#1211));
#208=EDGE_LOOP('',(#1212,#1213,#1214,#1215));
#209=EDGE_LOOP('',(#1216,#1217,#1218,#1219));
#210=EDGE_LOOP('',(#1220,#1221,#1222,#1223));
#211=EDGE_LOOP('',(#1224,#1225,#1226,#1227));
#212=EDGE_LOOP('',(#1228,#1229,#1230,#1231));
#213=EDGE_LOOP('',(#1232,#1233,#1234,#1235));
#214=EDGE_LOOP('',(#1236,#1237,#1238,#1239));
#215=EDGE_LOOP('',(#1240,#1241,#1242,#1243));
#216=EDGE_LOOP('',(#1244,#1245,#1246,#1247));
#217=EDGE_LOOP('',(#1248,#1249,#1250,#1251));
#218=EDGE_LOOP('',(#1252,#1253,#1254,#1255));
#219=EDGE_LOOP('',(#1256,#1257,#1258,#1259));
#220=EDGE_LOOP('',(#1260,#1261,#1262,#1263));
#221=EDGE_LOOP('',(#1264,#1265,#1266,#1267));
#222=EDGE_LOOP('',(#1268,#1269,#1270,#1271));
#223=EDGE_LOOP('',(#1272,#1273,#1274,#1275));
#224=EDGE_LOOP('',(#1276,#1277,#1278,#1279));
#225=EDGE_LOOP('',(#1280,#1281,#1282,#1283));
#226=EDGE_LOOP('',(#1284,#1285,#1286,#1287));
#227=EDGE_LOOP('',(#1288,#1289,#1290,#1291));
#228=EDGE_LOOP('',(#1292,#1293,#1294,#1295));
#229=EDGE_LOOP('',(#1296,#1297,#1298,#1299,#1300,#1301));
#230=EDGE_LOOP('',(#1302,#1303,#1304,#1305,#1306,#1307,#1308,#1309,#1310,
#1311,#1312,#1313,#1314,#1315,#1316,#1317));
#231=EDGE_LOOP('',(#1318,#1319,#1320,#1321,#1322,#1323,#1324,#1325,#1326,
#1327,#1328,#1329,#1330,#1331,#1332,#1333,#1334,#1335,#1336,#1337,#1338,
#1339,#1340,#1341,#1342,#1343));
#232=EDGE_LOOP('',(#1344,#1345,#1346,#1347,#1348,#1349));
#233=EDGE_LOOP('',(#1350,#1351,#1352,#1353));
#234=EDGE_LOOP('',(#1354,#1355,#1356,#1357));
#235=EDGE_LOOP('',(#1358,#1359,#1360,#1361));
#236=EDGE_LOOP('',(#1362,#1363,#1364,#1365));
#237=EDGE_LOOP('',(#1366,#1367,#1368,#1369));
#238=EDGE_LOOP('',(#1370,#1371,#1372,#1373));
#239=EDGE_LOOP('',(#1374,#1375,#1376,#1377));
#240=EDGE_LOOP('',(#1378,#1379,#1380,#1381));
#241=EDGE_LOOP('',(#1382,#1383,#1384,#1385));
#242=EDGE_LOOP('',(#1386,#1387,#1388,#1389));
#243=EDGE_LOOP('',(#1390,#1391,#1392,#1393));
#244=EDGE_LOOP('',(#1394,#1395,#1396,#1397));
#245=EDGE_LOOP('',(#1398,#1399,#1400,#1401));
#246=EDGE_LOOP('',(#1402,#1403,#1404,#1405));
#247=EDGE_LOOP('',(#1406,#1407,#1408,#1409));
#248=EDGE_LOOP('',(#1410,#1411,#1412,#1413));
#249=EDGE_LOOP('',(#1414,#1415,#1416,#1417));
#250=EDGE_LOOP('',(#1418,#1419,#1420,#1421));
#251=EDGE_LOOP('',(#1422,#1423,#1424));
#252=EDGE_LOOP('',(#1425,#1426,#1427,#1428));
#253=EDGE_LOOP('',(#1429,#1430,#1431));
#254=EDGE_LOOP('',(#1432,#1433,#1434,#1435));
#255=EDGE_LOOP('',(#1436,#1437,#1438,#1439));
#256=EDGE_LOOP('',(#1440,#1441,#1442,#1443));
#257=EDGE_LOOP('',(#1444,#1445,#1446,#1447));
#258=EDGE_LOOP('',(#1448,#1449,#1450,#1451));
#259=EDGE_LOOP('',(#1452,#1453,#1454,#1455));
#260=EDGE_LOOP('',(#1456));
#261=EDGE_LOOP('',(#1457,#1458,#1459,#1460));
#262=EDGE_LOOP('',(#1461));
#263=EDGE_LOOP('',(#1462,#1463,#1464,#1465));
#264=EDGE_LOOP('',(#1466));
#265=EDGE_LOOP('',(#1467,#1468,#1469,#1470));
#266=EDGE_LOOP('',(#1471));
#267=EDGE_LOOP('',(#1472,#1473,#1474,#1475));
#268=EDGE_LOOP('',(#1476,#1477));
#269=EDGE_LOOP('',(#1478,#1479,#1480,#1481));
#270=EDGE_LOOP('',(#1482,#1483,#1484,#1485));
#271=EDGE_LOOP('',(#1486,#1487,#1488,#1489));
#272=EDGE_LOOP('',(#1490,#1491,#1492,#1493));
#273=EDGE_LOOP('',(#1494,#1495,#1496,#1497,#1498,#1499,#1500,#1501,#1502,
#1503));
#274=EDGE_LOOP('',(#1504,#1505,#1506,#1507,#1508,#1509,#1510,#1511,#1512,
#1513));
#275=EDGE_LOOP('',(#1514,#1515,#1516,#1517));
#276=EDGE_LOOP('',(#1518,#1519,#1520));
#277=EDGE_LOOP('',(#1521,#1522,#1523,#1524));
#278=EDGE_LOOP('',(#1525,#1526,#1527));
#279=EDGE_LOOP('',(#1528,#1529,#1530,#1531));
#280=EDGE_LOOP('',(#1532,#1533,#1534,#1535));
#281=EDGE_LOOP('',(#1536,#1537,#1538,#1539));
#282=EDGE_LOOP('',(#1540,#1541,#1542,#1543));
#283=EDGE_LOOP('',(#1544,#1545,#1546,#1547));
#284=EDGE_LOOP('',(#1548,#1549,#1550,#1551));
#285=EDGE_LOOP('',(#1552,#1553,#1554,#1555));
#286=EDGE_LOOP('',(#1556,#1557,#1558,#1559));
#287=EDGE_LOOP('',(#1560,#1561,#1562,#1563));
#288=EDGE_LOOP('',(#1564,#1565,#1566,#1567));
#289=EDGE_LOOP('',(#1568));
#290=EDGE_LOOP('',(#1569,#1570,#1571,#1572));
#291=EDGE_LOOP('',(#1573));
#292=EDGE_LOOP('',(#1574,#1575,#1576,#1577));
#293=EDGE_LOOP('',(#1578));
#294=EDGE_LOOP('',(#1579,#1580,#1581,#1582));
#295=EDGE_LOOP('',(#1583));
#296=EDGE_LOOP('',(#1584,#1585,#1586,#1587));
#297=EDGE_LOOP('',(#1588,#1589,#1590,#1591));
#298=LINE('',#2481,#454);
#299=LINE('',#2484,#455);
#300=LINE('',#2487,#456);
#301=LINE('',#2491,#457);
#302=LINE('',#2493,#458);
#303=LINE('',#2497,#459);
#304=LINE('',#2501,#460);
#305=LINE('',#2502,#461);
#306=LINE('',#2507,#462);
#307=LINE('',#2511,#463);
#308=LINE('',#2514,#464);
#309=LINE('',#2519,#465);
#310=LINE('',#2523,#466);
#311=LINE('',#2527,#467);
#312=LINE('',#2531,#468);
#313=LINE('',#2535,#469);
#314=LINE('',#2539,#470);
#315=LINE('',#2543,#471);
#316=LINE('',#2546,#472);
#317=LINE('',#2567,#473);
#318=LINE('',#2571,#474);
#319=LINE('',#2575,#475);
#320=LINE('',#2577,#476);
#321=LINE('',#2581,#477);
#322=LINE('',#2585,#478);
#323=LINE('',#2589,#479);
#324=LINE('',#2593,#480);
#325=LINE('',#2597,#481);
#326=LINE('',#2601,#482);
#327=LINE('',#2603,#483);
#328=LINE('',#2607,#484);
#329=LINE('',#2611,#485);
#330=LINE('',#2614,#486);
#331=LINE('',#2617,#487);
#332=LINE('',#2618,#488);
#333=LINE('',#2622,#489);
#334=LINE('',#2625,#490);
#335=LINE('',#2628,#491);
#336=LINE('',#2631,#492);
#337=LINE('',#2632,#493);
#338=LINE('',#2636,#494);
#339=LINE('',#2639,#495);
#340=LINE('',#2642,#496);
#341=LINE('',#2645,#497);
#342=LINE('',#2646,#498);
#343=LINE('',#2649,#499);
#344=LINE('',#2653,#500);
#345=LINE('',#2654,#501);
#346=LINE('',#2657,#502);
#347=LINE('',#2660,#503);
#348=LINE('',#2663,#504);
#349=LINE('',#2664,#505);
#350=LINE('',#2667,#506);
#351=LINE('',#2670,#507);
#352=LINE('',#2672,#508);
#353=LINE('',#2677,#509);
#354=LINE('',#2678,#510);
#355=LINE('',#2681,#511);
#356=LINE('',#2682,#512);
#357=LINE('',#2686,#513);
#358=LINE('',#2689,#514);
#359=LINE('',#2692,#515);
#360=LINE('',#2694,#516);
#361=LINE('',#2699,#517);
#362=LINE('',#2700,#518);
#363=LINE('',#2703,#519);
#364=LINE('',#2704,#520);
#365=LINE('',#2708,#521);
#366=LINE('',#2711,#522);
#367=LINE('',#2714,#523);
#368=LINE('',#2717,#524);
#369=LINE('',#2720,#525);
#370=LINE('',#2723,#526);
#371=LINE('',#2724,#527);
#372=LINE('',#2728,#528);
#373=LINE('',#2733,#529);
#374=LINE('',#2734,#530);
#375=LINE('',#2737,#531);
#376=LINE('',#2738,#532);
#377=LINE('',#2741,#533);
#378=LINE('',#2745,#534);
#379=LINE('',#2746,#535);
#380=LINE('',#2750,#536);
#381=LINE('',#2754,#537);
#382=LINE('',#2756,#538);
#383=LINE('',#2758,#539);
#384=LINE('',#2760,#540);
#385=LINE('',#2762,#541);
#386=LINE('',#2763,#542);
#387=LINE('',#2764,#543);
#388=LINE('',#2765,#544);
#389=LINE('',#2767,#545);
#390=LINE('',#2771,#546);
#391=LINE('',#2773,#547);
#392=LINE('',#2777,#548);
#393=LINE('',#2781,#549);
#394=LINE('',#2785,#550);
#395=LINE('',#2789,#551);
#396=LINE('',#2793,#552);
#397=LINE('',#2797,#553);
#398=LINE('',#2798,#554);
#399=LINE('',#2799,#555);
#400=LINE('',#2802,#556);
#401=LINE('',#2804,#557);
#402=LINE('',#2805,#558);
#403=LINE('',#2807,#559);
#404=LINE('',#2809,#560);
#405=LINE('',#2810,#561);
#406=LINE('',#2812,#562);
#407=LINE('',#2814,#563);
#408=LINE('',#2816,#564);
#409=LINE('',#2818,#565);
#410=LINE('',#2820,#566);
#411=LINE('',#2821,#567);
#412=LINE('',#2824,#568);
#413=LINE('',#2825,#569);
#414=LINE('',#2827,#570);
#415=LINE('',#2829,#571);
#416=LINE('',#2831,#572);
#417=LINE('',#2836,#573);
#418=LINE('',#2840,#574);
#419=LINE('',#2842,#575);
#420=LINE('',#2843,#576);
#421=LINE('',#2846,#577);
#422=LINE('',#2847,#578);
#423=LINE('',#2857,#579);
#424=LINE('',#2868,#580);
#425=LINE('',#2869,#581);
#426=LINE('',#2873,#582);
#427=LINE('',#2875,#583);
#428=LINE('',#2878,#584);
#429=LINE('',#2879,#585);
#430=LINE('',#2882,#586);
#431=LINE('',#2883,#587);
#432=LINE('',#2886,#588);
#433=LINE('',#2891,#589);
#434=LINE('',#2896,#590);
#435=LINE('',#2901,#591);
#436=LINE('',#2905,#592);
#437=LINE('',#2910,#593);
#438=LINE('',#2912,#594);
#439=LINE('',#2913,#595);
#440=LINE('',#2915,#596);
#441=LINE('',#2920,#597);
#442=LINE('',#2926,#598);
#443=LINE('',#2929,#599);
#444=LINE('',#2930,#600);
#445=LINE('',#2932,#601);
#446=LINE('',#2938,#602);
#447=LINE('',#2944,#603);
#448=LINE('',#2946,#604);
#449=LINE('',#2949,#605);
#450=LINE('',#2957,#606);
#451=LINE('',#2962,#607);
#452=LINE('',#2967,#608);
#453=LINE('',#2972,#609);
#454=VECTOR('',#1946,10.);
#455=VECTOR('',#1949,10.);
#456=VECTOR('',#1952,10.);
#457=VECTOR('',#1955,10.);
#458=VECTOR('',#1956,10.);
#459=VECTOR('',#1959,10.);
#460=VECTOR('',#1962,10.);
#461=VECTOR('',#1963,10.);
#462=VECTOR('',#1966,10.);
#463=VECTOR('',#1969,10.);
#464=VECTOR('',#1972,10.);
#465=VECTOR('',#1975,10.);
#466=VECTOR('',#1978,10.);
#467=VECTOR('',#1981,10.);
#468=VECTOR('',#1984,10.);
#469=VECTOR('',#1987,10.);
#470=VECTOR('',#1990,10.);
#471=VECTOR('',#1993,10.);
#472=VECTOR('',#1996,10.);
#473=VECTOR('',#2015,10.);
#474=VECTOR('',#2018,10.);
#475=VECTOR('',#2021,10.);
#476=VECTOR('',#2022,10.);
#477=VECTOR('',#2025,10.);
#478=VECTOR('',#2028,10.);
#479=VECTOR('',#2031,10.);
#480=VECTOR('',#2034,10.);
#481=VECTOR('',#2037,10.);
#482=VECTOR('',#2040,10.);
#483=VECTOR('',#2041,10.);
#484=VECTOR('',#2044,10.);
#485=VECTOR('',#2047,10.);
#486=VECTOR('',#2050,10.);
#487=VECTOR('',#2053,10.);
#488=VECTOR('',#2054,10.);
#489=VECTOR('',#2059,10.);
#490=VECTOR('',#2062,10.);
#491=VECTOR('',#2065,10.);
#492=VECTOR('',#2068,10.);
#493=VECTOR('',#2069,10.);
#494=VECTOR('',#2074,10.);
#495=VECTOR('',#2077,10.);
#496=VECTOR('',#2080,10.);
#497=VECTOR('',#2083,10.);
#498=VECTOR('',#2084,10.);
#499=VECTOR('',#2087,10.);
#500=VECTOR('',#2092,10.);
#501=VECTOR('',#2093,10.);
#502=VECTOR('',#2096,10.);
#503=VECTOR('',#2099,10.);
#504=VECTOR('',#2102,10.);
#505=VECTOR('',#2103,10.);
#506=VECTOR('',#2106,10.);
#507=VECTOR('',#2109,10.);
#508=VECTOR('',#2112,10.);
#509=VECTOR('',#2117,10.);
#510=VECTOR('',#2118,10.);
#511=VECTOR('',#2121,10.);
#512=VECTOR('',#2122,10.);
#513=VECTOR('',#2127,10.);
#514=VECTOR('',#2130,10.);
#515=VECTOR('',#2133,10.);
#516=VECTOR('',#2136,10.);
#517=VECTOR('',#2141,10.);
#518=VECTOR('',#2142,10.);
#519=VECTOR('',#2145,10.);
#520=VECTOR('',#2146,10.);
#521=VECTOR('',#2151,10.);
#522=VECTOR('',#2154,10.);
#523=VECTOR('',#2159,10.);
#524=VECTOR('',#2162,10.);
#525=VECTOR('',#2165,10.);
#526=VECTOR('',#2168,10.);
#527=VECTOR('',#2169,10.);
#528=VECTOR('',#2174,10.);
#529=VECTOR('',#2179,10.);
#530=VECTOR('',#2180,10.);
#531=VECTOR('',#2183,10.);
#532=VECTOR('',#2184,10.);
#533=VECTOR('',#2187,10.);
#534=VECTOR('',#2192,10.);
#535=VECTOR('',#2193,10.);
#536=VECTOR('',#2198,10.);
#537=VECTOR('',#2201,10.);
#538=VECTOR('',#2202,10.);
#539=VECTOR('',#2203,10.);
#540=VECTOR('',#2204,10.);
#541=VECTOR('',#2205,10.);
#542=VECTOR('',#2206,10.);
#543=VECTOR('',#2207,10.);
#544=VECTOR('',#2208,10.);
#545=VECTOR('',#2209,10.);
#546=VECTOR('',#2212,10.);
#547=VECTOR('',#2213,10.);
#548=VECTOR('',#2216,10.);
#549=VECTOR('',#2219,10.);
#550=VECTOR('',#2222,10.);
#551=VECTOR('',#2225,10.);
#552=VECTOR('',#2228,10.);
#553=VECTOR('',#2231,10.);
#554=VECTOR('',#2232,10.);
#555=VECTOR('',#2233,10.);
#556=VECTOR('',#2236,10.);
#557=VECTOR('',#2239,10.);
#558=VECTOR('',#2240,10.);
#559=VECTOR('',#2243,10.);
#560=VECTOR('',#2246,10.);
#561=VECTOR('',#2247,10.);
#562=VECTOR('',#2250,10.);
#563=VECTOR('',#2253,10.);
#564=VECTOR('',#2256,10.);
#565=VECTOR('',#2259,10.);
#566=VECTOR('',#2262,10.);
#567=VECTOR('',#2263,10.);
#568=VECTOR('',#2268,10.);
#569=VECTOR('',#2269,10.);
#570=VECTOR('',#2272,10.);
#571=VECTOR('',#2275,10.);
#572=VECTOR('',#2278,10.);
#573=VECTOR('',#2283,10.);
#574=VECTOR('',#2288,10.);
#575=VECTOR('',#2289,10.);
#576=VECTOR('',#2290,10.);
#577=VECTOR('',#2293,10.);
#578=VECTOR('',#2294,10.);
#579=VECTOR('',#2309,10.);
#580=VECTOR('',#2322,10.);
#581=VECTOR('',#2323,10.);
#582=VECTOR('',#2328,10.);
#583=VECTOR('',#2331,10.);
#584=VECTOR('',#2334,10.);
#585=VECTOR('',#2335,10.);
#586=VECTOR('',#2338,10.);
#587=VECTOR('',#2339,10.);
#588=VECTOR('',#2342,1.00000000000001);
#589=VECTOR('',#2349,1.00000000000005);
#590=VECTOR('',#2356,1.00000000000001);
#591=VECTOR('',#2363,1.00000000000001);
#592=VECTOR('',#2370,10.);
#593=VECTOR('',#2377,10.);
#594=VECTOR('',#2378,10.);
#595=VECTOR('',#2379,10.);
#596=VECTOR('',#2382,10.);
#597=VECTOR('',#2389,10.);
#598=VECTOR('',#2396,10.);
#599=VECTOR('',#2399,10.);
#600=VECTOR('',#2400,10.);
#601=VECTOR('',#2403,10.);
#602=VECTOR('',#2412,10.);
#603=VECTOR('',#2421,10.);
#604=VECTOR('',#2424,10.);
#605=VECTOR('',#2429,10.);
#606=VECTOR('',#2442,0.999999999999979);
#607=VECTOR('',#2449,1.00000000000001);
#608=VECTOR('',#2456,1.00000000000001);
#609=VECTOR('',#2463,1.00000000000001);
#610=CIRCLE('',#1751,0.5);
#611=CIRCLE('',#1752,0.5);
#612=CIRCLE('',#1754,0.5);
#613=CIRCLE('',#1755,0.5);
#614=CIRCLE('',#1756,0.5);
#615=CIRCLE('',#1757,10.325);
#616=CIRCLE('',#1758,0.5);
#617=CIRCLE('',#1759,0.5);
#618=CIRCLE('',#1760,0.5);
#619=CIRCLE('',#1761,0.5);
#620=CIRCLE('',#1762,0.5);
#621=CIRCLE('',#1763,0.5);
#622=CIRCLE('',#1764,0.5);
#623=CIRCLE('',#1765,0.5);
#624=CIRCLE('',#1766,0.5);
#625=CIRCLE('',#1767,0.5);
#626=CIRCLE('',#1768,1.00000000000001);
#627=CIRCLE('',#1769,0.999999999999979);
#628=CIRCLE('',#1770,1.00000000000001);
#629=CIRCLE('',#1771,1.00000000000001);
#630=CIRCLE('',#1772,1.00000000000005);
#631=CIRCLE('',#1773,1.00000000000001);
#632=CIRCLE('',#1774,1.00000000000001);
#633=CIRCLE('',#1775,1.00000000000001);
#634=CIRCLE('',#1776,0.5);
#635=CIRCLE('',#1777,0.5);
#636=CIRCLE('',#1778,0.5);
#637=CIRCLE('',#1779,0.5);
#638=CIRCLE('',#1780,0.5);
#639=CIRCLE('',#1781,0.5);
#640=CIRCLE('',#1782,0.5);
#641=CIRCLE('',#1783,0.5);
#642=CIRCLE('',#1784,0.5);
#643=CIRCLE('',#1785,0.5);
#644=CIRCLE('',#1786,0.5);
#645=CIRCLE('',#1787,0.5);
#646=CIRCLE('',#1790,0.5);
#647=CIRCLE('',#1792,0.5);
#648=CIRCLE('',#1795,0.5);
#649=CIRCLE('',#1797,0.5);
#650=CIRCLE('',#1800,0.5);
#651=CIRCLE('',#1803,0.5);
#652=CIRCLE('',#1806,0.5);
#653=CIRCLE('',#1809,0.5);
#654=CIRCLE('',#1812,0.5);
#655=CIRCLE('',#1814,0.5);
#656=CIRCLE('',#1817,0.5);
#657=CIRCLE('',#1820,0.5);
#658=CIRCLE('',#1822,0.5);
#659=CIRCLE('',#1825,0.5);
#660=CIRCLE('',#1828,0.5);
#661=CIRCLE('',#1830,0.5);
#662=CIRCLE('',#1833,0.5);
#663=CIRCLE('',#1836,0.5);
#664=CIRCLE('',#1838,0.5);
#665=CIRCLE('',#1839,0.5);
#666=CIRCLE('',#1840,0.5);
#667=CIRCLE('',#1841,0.5);
#668=CIRCLE('',#1842,0.5);
#669=CIRCLE('',#1843,0.5);
#670=CIRCLE('',#1844,0.5);
#671=CIRCLE('',#1845,10.325);
#672=CIRCLE('',#1860,1.2);
#673=CIRCLE('',#1861,1.19999999999997);
#674=CIRCLE('',#1867,1.19999999999997);
#675=CIRCLE('',#1868,1.2);
#676=CIRCLE('',#1870,1.2);
#677=CIRCLE('',#1872,1.19999999999997);
#678=CIRCLE('',#1873,1.19999999999997);
#679=CIRCLE('',#1874,1.2);
#680=CIRCLE('',#1876,1.2);
#681=CIRCLE('',#1878,1.2);
#682=CIRCLE('',#1883,1.00000000000001);
#683=CIRCLE('',#1886,1.00000000000005);
#684=CIRCLE('',#1889,1.00000000000001);
#685=CIRCLE('',#1892,1.00000000000001);
#686=CIRCLE('',#1896,1.2);
#687=CIRCLE('',#1900,1.2);
#688=CIRCLE('',#1902,1.19999999999997);
#689=CIRCLE('',#1904,1.2);
#690=CIRCLE('',#1905,1.2);
#691=CIRCLE('',#1908,1.20000000000001);
#692=CIRCLE('',#1909,1.19999999999997);
#693=CIRCLE('',#1912,1.19999999999999);
#694=CIRCLE('',#1913,1.2);
#695=CIRCLE('',#1924,0.999999999999979);
#696=CIRCLE('',#1927,1.00000000000001);
#697=CIRCLE('',#1930,1.00000000000001);
#698=CIRCLE('',#1933,1.00000000000001);
#699=VERTEX_POINT('',#2477);
#700=VERTEX_POINT('',#2478);
#701=VERTEX_POINT('',#2480);
#702=VERTEX_POINT('',#2482);
#703=VERTEX_POINT('',#2486);
#704=VERTEX_POINT('',#2488);
#705=VERTEX_POINT('',#2490);
#706=VERTEX_POINT('',#2492);
#707=VERTEX_POINT('',#2494);
#708=VERTEX_POINT('',#2496);
#709=VERTEX_POINT('',#2498);
#710=VERTEX_POINT('',#2500);
#711=VERTEX_POINT('',#2503);
#712=VERTEX_POINT('',#2504);
#713=VERTEX_POINT('',#2506);
#714=VERTEX_POINT('',#2508);
#715=VERTEX_POINT('',#2510);
#716=VERTEX_POINT('',#2512);
#717=VERTEX_POINT('',#2515);
#718=VERTEX_POINT('',#2516);
#719=VERTEX_POINT('',#2518);
#720=VERTEX_POINT('',#2520);
#721=VERTEX_POINT('',#2522);
#722=VERTEX_POINT('',#2524);
#723=VERTEX_POINT('',#2526);
#724=VERTEX_POINT('',#2528);
#725=VERTEX_POINT('',#2530);
#726=VERTEX_POINT('',#2532);
#727=VERTEX_POINT('',#2534);
#728=VERTEX_POINT('',#2536);
#729=VERTEX_POINT('',#2538);
#730=VERTEX_POINT('',#2540);
#731=VERTEX_POINT('',#2542);
#732=VERTEX_POINT('',#2544);
#733=VERTEX_POINT('',#2547);
#734=VERTEX_POINT('',#2549);
#735=VERTEX_POINT('',#2551);
#736=VERTEX_POINT('',#2553);
#737=VERTEX_POINT('',#2555);
#738=VERTEX_POINT('',#2557);
#739=VERTEX_POINT('',#2559);
#740=VERTEX_POINT('',#2561);
#741=VERTEX_POINT('',#2563);
#742=VERTEX_POINT('',#2564);
#743=VERTEX_POINT('',#2566);
#744=VERTEX_POINT('',#2568);
#745=VERTEX_POINT('',#2570);
#746=VERTEX_POINT('',#2572);
#747=VERTEX_POINT('',#2574);
#748=VERTEX_POINT('',#2576);
#749=VERTEX_POINT('',#2578);
#750=VERTEX_POINT('',#2580);
#751=VERTEX_POINT('',#2582);
#752=VERTEX_POINT('',#2584);
#753=VERTEX_POINT('',#2586);
#754=VERTEX_POINT('',#2588);
#755=VERTEX_POINT('',#2590);
#756=VERTEX_POINT('',#2592);
#757=VERTEX_POINT('',#2594);
#758=VERTEX_POINT('',#2596);
#759=VERTEX_POINT('',#2598);
#760=VERTEX_POINT('',#2600);
#761=VERTEX_POINT('',#2602);
#762=VERTEX_POINT('',#2604);
#763=VERTEX_POINT('',#2606);
#764=VERTEX_POINT('',#2608);
#765=VERTEX_POINT('',#2610);
#766=VERTEX_POINT('',#2612);
#767=VERTEX_POINT('',#2616);
#768=VERTEX_POINT('',#2620);
#769=VERTEX_POINT('',#2624);
#770=VERTEX_POINT('',#2626);
#771=VERTEX_POINT('',#2630);
#772=VERTEX_POINT('',#2634);
#773=VERTEX_POINT('',#2638);
#774=VERTEX_POINT('',#2640);
#775=VERTEX_POINT('',#2644);
#776=VERTEX_POINT('',#2648);
#777=VERTEX_POINT('',#2652);
#778=VERTEX_POINT('',#2656);
#779=VERTEX_POINT('',#2658);
#780=VERTEX_POINT('',#2662);
#781=VERTEX_POINT('',#2666);
#782=VERTEX_POINT('',#2668);
#783=VERTEX_POINT('',#2674);
#784=VERTEX_POINT('',#2675);
#785=VERTEX_POINT('',#2680);
#786=VERTEX_POINT('',#2684);
#787=VERTEX_POINT('',#2688);
#788=VERTEX_POINT('',#2690);
#789=VERTEX_POINT('',#2696);
#790=VERTEX_POINT('',#2697);
#791=VERTEX_POINT('',#2702);
#792=VERTEX_POINT('',#2706);
#793=VERTEX_POINT('',#2710);
#794=VERTEX_POINT('',#2716);
#795=VERTEX_POINT('',#2718);
#796=VERTEX_POINT('',#2722);
#797=VERTEX_POINT('',#2726);
#798=VERTEX_POINT('',#2730);
#799=VERTEX_POINT('',#2731);
#800=VERTEX_POINT('',#2736);
#801=VERTEX_POINT('',#2740);
#802=VERTEX_POINT('',#2744);
#803=VERTEX_POINT('',#2748);
#804=VERTEX_POINT('',#2752);
#805=VERTEX_POINT('',#2753);
#806=VERTEX_POINT('',#2755);
#807=VERTEX_POINT('',#2757);
#808=VERTEX_POINT('',#2759);
#809=VERTEX_POINT('',#2761);
#810=VERTEX_POINT('',#2766);
#811=VERTEX_POINT('',#2768);
#812=VERTEX_POINT('',#2770);
#813=VERTEX_POINT('',#2772);
#814=VERTEX_POINT('',#2774);
#815=VERTEX_POINT('',#2776);
#816=VERTEX_POINT('',#2778);
#817=VERTEX_POINT('',#2780);
#818=VERTEX_POINT('',#2782);
#819=VERTEX_POINT('',#2784);
#820=VERTEX_POINT('',#2786);
#821=VERTEX_POINT('',#2788);
#822=VERTEX_POINT('',#2790);
#823=VERTEX_POINT('',#2792);
#824=VERTEX_POINT('',#2794);
#825=VERTEX_POINT('',#2796);
#826=VERTEX_POINT('',#2800);
#827=VERTEX_POINT('',#2833);
#828=VERTEX_POINT('',#2835);
#829=VERTEX_POINT('',#2839);
#830=VERTEX_POINT('',#2841);
#831=VERTEX_POINT('',#2845);
#832=VERTEX_POINT('',#2851);
#833=VERTEX_POINT('',#2855);
#834=VERTEX_POINT('',#2859);
#835=VERTEX_POINT('',#2861);
#836=VERTEX_POINT('',#2865);
#837=VERTEX_POINT('',#2866);
#838=VERTEX_POINT('',#2871);
#839=VERTEX_POINT('',#2877);
#840=VERTEX_POINT('',#2881);
#841=VERTEX_POINT('',#2885);
#842=VERTEX_POINT('',#2890);
#843=VERTEX_POINT('',#2895);
#844=VERTEX_POINT('',#2900);
#845=VERTEX_POINT('',#2909);
#846=VERTEX_POINT('',#2911);
#847=VERTEX_POINT('',#2919);
#848=VERTEX_POINT('',#2923);
#849=VERTEX_POINT('',#2925);
#850=VERTEX_POINT('',#2927);
#851=VERTEX_POINT('',#2934);
#852=VERTEX_POINT('',#2940);
#853=VERTEX_POINT('',#2956);
#854=VERTEX_POINT('',#2961);
#855=VERTEX_POINT('',#2966);
#856=VERTEX_POINT('',#2971);
#857=EDGE_CURVE('',#699,#700,#610,.T.);
#858=EDGE_CURVE('',#699,#701,#298,.T.);
#859=EDGE_CURVE('',#701,#702,#611,.T.);
#860=EDGE_CURVE('',#702,#700,#299,.T.);
#861=EDGE_CURVE('',#703,#700,#300,.T.);
#862=EDGE_CURVE('',#703,#704,#612,.T.);
#863=EDGE_CURVE('',#705,#704,#301,.T.);
#864=EDGE_CURVE('',#706,#705,#302,.T.);
#865=EDGE_CURVE('',#706,#707,#613,.T.);
#866=EDGE_CURVE('',#708,#707,#303,.T.);
#867=EDGE_CURVE('',#708,#709,#614,.T.);
#868=EDGE_CURVE('',#710,#709,#304,.T.);
#869=EDGE_CURVE('',#699,#710,#305,.T.);
#870=EDGE_CURVE('',#711,#712,#615,.T.);
#871=EDGE_CURVE('',#713,#711,#306,.T.);
#872=EDGE_CURVE('',#714,#713,#616,.T.);
#873=EDGE_CURVE('',#715,#714,#307,.T.);
#874=EDGE_CURVE('',#716,#715,#617,.T.);
#875=EDGE_CURVE('',#712,#716,#308,.T.);
#876=EDGE_CURVE('',#717,#718,#618,.T.);
#877=EDGE_CURVE('',#719,#717,#309,.T.);
#878=EDGE_CURVE('',#720,#719,#619,.T.);
#879=EDGE_CURVE('',#721,#720,#310,.T.);
#880=EDGE_CURVE('',#722,#721,#620,.T.);
#881=EDGE_CURVE('',#723,#722,#311,.T.);
#882=EDGE_CURVE('',#724,#723,#621,.T.);
#883=EDGE_CURVE('',#725,#724,#312,.T.);
#884=EDGE_CURVE('',#726,#725,#622,.T.);
#885=EDGE_CURVE('',#727,#726,#313,.T.);
#886=EDGE_CURVE('',#728,#727,#623,.T.);
#887=EDGE_CURVE('',#729,#728,#314,.T.);
#888=EDGE_CURVE('',#730,#729,#624,.T.);
#889=EDGE_CURVE('',#731,#730,#315,.T.);
#890=EDGE_CURVE('',#732,#731,#625,.T.);
#891=EDGE_CURVE('',#718,#732,#316,.T.);
#892=EDGE_CURVE('',#733,#733,#626,.T.);
#893=EDGE_CURVE('',#734,#734,#627,.T.);
#894=EDGE_CURVE('',#735,#735,#628,.T.);
#895=EDGE_CURVE('',#736,#736,#629,.T.);
#896=EDGE_CURVE('',#737,#737,#630,.T.);
#897=EDGE_CURVE('',#738,#738,#631,.T.);
#898=EDGE_CURVE('',#739,#739,#632,.T.);
#899=EDGE_CURVE('',#740,#740,#633,.T.);
#900=EDGE_CURVE('',#741,#742,#634,.T.);
#901=EDGE_CURVE('',#743,#741,#317,.T.);
#902=EDGE_CURVE('',#744,#743,#635,.T.);
#903=EDGE_CURVE('',#745,#744,#318,.T.);
#904=EDGE_CURVE('',#746,#745,#636,.T.);
#905=EDGE_CURVE('',#747,#746,#319,.T.);
#906=EDGE_CURVE('',#748,#747,#320,.T.);
#907=EDGE_CURVE('',#749,#748,#637,.T.);
#908=EDGE_CURVE('',#750,#749,#321,.T.);
#909=EDGE_CURVE('',#751,#750,#638,.T.);
#910=EDGE_CURVE('',#752,#751,#322,.T.);
#911=EDGE_CURVE('',#753,#752,#639,.T.);
#912=EDGE_CURVE('',#753,#754,#323,.F.);
#913=EDGE_CURVE('',#755,#754,#640,.T.);
#914=EDGE_CURVE('',#755,#756,#324,.F.);
#915=EDGE_CURVE('',#757,#756,#641,.T.);
#916=EDGE_CURVE('',#757,#758,#325,.F.);
#917=EDGE_CURVE('',#759,#758,#642,.T.);
#918=EDGE_CURVE('',#760,#759,#326,.T.);
#919=EDGE_CURVE('',#761,#760,#327,.T.);
#920=EDGE_CURVE('',#762,#761,#643,.T.);
#921=EDGE_CURVE('',#763,#762,#328,.T.);
#922=EDGE_CURVE('',#764,#763,#644,.T.);
#923=EDGE_CURVE('',#765,#764,#329,.T.);
#924=EDGE_CURVE('',#766,#765,#645,.T.);
#925=EDGE_CURVE('',#742,#766,#330,.T.);
#926=EDGE_CURVE('',#767,#702,#331,.T.);
#927=EDGE_CURVE('',#703,#767,#332,.T.);
#928=EDGE_CURVE('',#767,#768,#646,.T.);
#929=EDGE_CURVE('',#768,#704,#333,.T.);
#930=EDGE_CURVE('',#706,#769,#334,.T.);
#931=EDGE_CURVE('',#769,#770,#647,.T.);
#932=EDGE_CURVE('',#770,#707,#335,.T.);
#933=EDGE_CURVE('',#771,#770,#336,.T.);
#934=EDGE_CURVE('',#708,#771,#337,.T.);
#935=EDGE_CURVE('',#771,#772,#648,.T.);
#936=EDGE_CURVE('',#772,#709,#338,.T.);
#937=EDGE_CURVE('',#715,#773,#339,.T.);
#938=EDGE_CURVE('',#773,#774,#649,.T.);
#939=EDGE_CURVE('',#774,#716,#340,.T.);
#940=EDGE_CURVE('',#775,#714,#341,.T.);
#941=EDGE_CURVE('',#773,#775,#342,.F.);
#942=EDGE_CURVE('',#713,#776,#343,.T.);
#943=EDGE_CURVE('',#776,#775,#650,.T.);
#944=EDGE_CURVE('',#777,#711,#344,.T.);
#945=EDGE_CURVE('',#776,#777,#345,.F.);
#946=EDGE_CURVE('',#729,#778,#346,.T.);
#947=EDGE_CURVE('',#778,#779,#651,.T.);
#948=EDGE_CURVE('',#779,#730,#347,.T.);
#949=EDGE_CURVE('',#780,#728,#348,.T.);
#950=EDGE_CURVE('',#778,#780,#349,.F.);
#951=EDGE_CURVE('',#731,#781,#350,.T.);
#952=EDGE_CURVE('',#781,#782,#652,.T.);
#953=EDGE_CURVE('',#782,#732,#351,.T.);
#954=EDGE_CURVE('',#781,#779,#352,.F.);
#955=EDGE_CURVE('',#783,#784,#653,.T.);
#956=EDGE_CURVE('',#784,#717,#353,.T.);
#957=EDGE_CURVE('',#718,#783,#354,.T.);
#958=EDGE_CURVE('',#785,#784,#355,.F.);
#959=EDGE_CURVE('',#719,#785,#356,.T.);
#960=EDGE_CURVE('',#785,#786,#654,.T.);
#961=EDGE_CURVE('',#786,#720,#357,.T.);
#962=EDGE_CURVE('',#721,#787,#358,.T.);
#963=EDGE_CURVE('',#787,#788,#655,.T.);
#964=EDGE_CURVE('',#788,#722,#359,.T.);
#965=EDGE_CURVE('',#787,#786,#360,.F.);
#966=EDGE_CURVE('',#789,#790,#656,.T.);
#967=EDGE_CURVE('',#790,#724,#361,.T.);
#968=EDGE_CURVE('',#723,#789,#362,.T.);
#969=EDGE_CURVE('',#791,#790,#363,.F.);
#970=EDGE_CURVE('',#725,#791,#364,.T.);
#971=EDGE_CURVE('',#791,#792,#657,.T.);
#972=EDGE_CURVE('',#792,#726,#365,.T.);
#973=EDGE_CURVE('',#727,#793,#366,.T.);
#974=EDGE_CURVE('',#793,#780,#658,.T.);
#975=EDGE_CURVE('',#793,#792,#367,.F.);
#976=EDGE_CURVE('',#745,#794,#368,.T.);
#977=EDGE_CURVE('',#794,#795,#659,.T.);
#978=EDGE_CURVE('',#795,#746,#369,.T.);
#979=EDGE_CURVE('',#796,#744,#370,.T.);
#980=EDGE_CURVE('',#794,#796,#371,.F.);
#981=EDGE_CURVE('',#797,#796,#660,.T.);
#982=EDGE_CURVE('',#743,#797,#372,.T.);
#983=EDGE_CURVE('',#798,#799,#661,.T.);
#984=EDGE_CURVE('',#799,#741,#373,.T.);
#985=EDGE_CURVE('',#742,#798,#374,.T.);
#986=EDGE_CURVE('',#800,#766,#375,.T.);
#987=EDGE_CURVE('',#798,#800,#376,.F.);
#988=EDGE_CURVE('',#765,#801,#377,.T.);
#989=EDGE_CURVE('',#801,#800,#662,.T.);
#990=EDGE_CURVE('',#802,#764,#378,.T.);
#991=EDGE_CURVE('',#801,#802,#379,.F.);
#992=EDGE_CURVE('',#803,#802,#663,.T.);
#993=EDGE_CURVE('',#763,#803,#380,.T.);
#994=EDGE_CURVE('',#804,#805,#381,.T.);
#995=EDGE_CURVE('',#806,#804,#382,.T.);
#996=EDGE_CURVE('',#807,#806,#383,.T.);
#997=EDGE_CURVE('',#808,#807,#384,.T.);
#998=EDGE_CURVE('',#809,#808,#385,.T.);
#999=EDGE_CURVE('',#805,#809,#386,.T.);
#1000=EDGE_CURVE('',#783,#782,#387,.F.);
#1001=EDGE_CURVE('',#789,#788,#388,.F.);
#1002=EDGE_CURVE('',#803,#810,#389,.F.);
#1003=EDGE_CURVE('',#811,#810,#664,.T.);
#1004=EDGE_CURVE('',#811,#812,#390,.F.);
#1005=EDGE_CURVE('',#812,#813,#391,.F.);
#1006=EDGE_CURVE('',#814,#813,#665,.T.);
#1007=EDGE_CURVE('',#814,#815,#392,.F.);
#1008=EDGE_CURVE('',#816,#815,#666,.T.);
#1009=EDGE_CURVE('',#816,#817,#393,.F.);
#1010=EDGE_CURVE('',#818,#817,#667,.T.);
#1011=EDGE_CURVE('',#818,#819,#394,.F.);
#1012=EDGE_CURVE('',#820,#819,#668,.T.);
#1013=EDGE_CURVE('',#820,#821,#395,.F.);
#1014=EDGE_CURVE('',#822,#821,#669,.T.);
#1015=EDGE_CURVE('',#822,#823,#396,.F.);
#1016=EDGE_CURVE('',#824,#823,#670,.T.);
#1017=EDGE_CURVE('',#824,#825,#397,.F.);
#1018=EDGE_CURVE('',#825,#795,#398,.F.);
#1019=EDGE_CURVE('',#797,#799,#399,.F.);
#1020=EDGE_CURVE('',#826,#777,#671,.T.);
#1021=EDGE_CURVE('',#826,#774,#400,.F.);
#1022=EDGE_CURVE('',#761,#811,#401,.T.);
#1023=EDGE_CURVE('',#810,#762,#402,.T.);
#1024=EDGE_CURVE('',#760,#812,#403,.T.);
#1025=EDGE_CURVE('',#758,#814,#404,.T.);
#1026=EDGE_CURVE('',#813,#759,#405,.T.);
#1027=EDGE_CURVE('',#815,#757,#406,.T.);
#1028=EDGE_CURVE('',#756,#816,#407,.T.);
#1029=EDGE_CURVE('',#817,#755,#408,.T.);
#1030=EDGE_CURVE('',#754,#818,#409,.T.);
#1031=EDGE_CURVE('',#819,#753,#410,.T.);
#1032=EDGE_CURVE('',#752,#820,#411,.T.);
#1033=EDGE_CURVE('',#750,#822,#412,.T.);
#1034=EDGE_CURVE('',#821,#751,#413,.T.);
#1035=EDGE_CURVE('',#823,#749,#414,.T.);
#1036=EDGE_CURVE('',#748,#824,#415,.T.);
#1037=EDGE_CURVE('',#825,#747,#416,.T.);
#1038=EDGE_CURVE('',#827,#805,#672,.T.);
#1039=EDGE_CURVE('',#827,#828,#417,.T.);
#1040=EDGE_CURVE('',#828,#804,#673,.F.);
#1041=EDGE_CURVE('',#829,#827,#418,.T.);
#1042=EDGE_CURVE('',#830,#829,#419,.T.);
#1043=EDGE_CURVE('',#828,#830,#420,.T.);
#1044=EDGE_CURVE('',#831,#710,#421,.T.);
#1045=EDGE_CURVE('',#701,#831,#422,.T.);
#1046=EDGE_CURVE('',#832,#828,#674,.F.);
#1047=EDGE_CURVE('',#804,#832,#675,.F.);
#1048=EDGE_CURVE('',#830,#833,#676,.T.);
#1049=EDGE_CURVE('',#833,#832,#423,.T.);
#1050=EDGE_CURVE('',#834,#806,#677,.F.);
#1051=EDGE_CURVE('',#835,#834,#678,.F.);
#1052=EDGE_CURVE('',#806,#835,#679,.F.);
#1053=EDGE_CURVE('',#836,#837,#680,.T.);
#1054=EDGE_CURVE('',#837,#835,#424,.T.);
#1055=EDGE_CURVE('',#834,#836,#425,.T.);
#1056=EDGE_CURVE('',#807,#838,#681,.T.);
#1057=EDGE_CURVE('',#835,#838,#426,.T.);
#1058=EDGE_CURVE('',#832,#834,#427,.T.);
#1059=EDGE_CURVE('',#838,#839,#428,.T.);
#1060=EDGE_CURVE('',#837,#839,#429,.T.);
#1061=EDGE_CURVE('',#840,#768,#430,.T.);
#1062=EDGE_CURVE('',#705,#840,#431,.T.);
#1063=EDGE_CURVE('',#738,#841,#432,.T.);
#1064=EDGE_CURVE('',#841,#841,#682,.T.);
#1065=EDGE_CURVE('',#737,#842,#433,.T.);
#1066=EDGE_CURVE('',#842,#842,#683,.T.);
#1067=EDGE_CURVE('',#739,#843,#434,.T.);
#1068=EDGE_CURVE('',#843,#843,#684,.T.);
#1069=EDGE_CURVE('',#740,#844,#435,.T.);
#1070=EDGE_CURVE('',#844,#844,#685,.T.);
#1071=EDGE_CURVE('',#836,#833,#436,.T.);
#1072=EDGE_CURVE('',#807,#838,#686,.T.);
#1073=EDGE_CURVE('',#845,#827,#437,.T.);
#1074=EDGE_CURVE('',#846,#845,#438,.T.);
#1075=EDGE_CURVE('',#829,#846,#439,.T.);
#1076=EDGE_CURVE('',#769,#840,#440,.T.);
#1077=EDGE_CURVE('',#809,#845,#687,.F.);
#1078=EDGE_CURVE('',#838,#847,#441,.T.);
#1079=EDGE_CURVE('',#847,#808,#688,.F.);
#1080=EDGE_CURVE('',#848,#846,#689,.T.);
#1081=EDGE_CURVE('',#848,#849,#442,.T.);
#1082=EDGE_CURVE('',#850,#849,#690,.T.);
#1083=EDGE_CURVE('',#839,#850,#443,.T.);
#1084=EDGE_CURVE('',#831,#772,#444,.T.);
#1085=EDGE_CURVE('',#847,#850,#445,.T.);
#1086=EDGE_CURVE('',#851,#809,#691,.F.);
#1087=EDGE_CURVE('',#845,#851,#692,.F.);
#1088=EDGE_CURVE('',#851,#848,#446,.T.);
#1089=EDGE_CURVE('',#852,#847,#693,.F.);
#1090=EDGE_CURVE('',#808,#852,#694,.F.);
#1091=EDGE_CURVE('',#849,#852,#447,.T.);
#1092=EDGE_CURVE('',#852,#851,#448,.T.);
#1093=EDGE_CURVE('',#712,#826,#449,.T.);
#1094=EDGE_CURVE('',#734,#853,#450,.T.);
#1095=EDGE_CURVE('',#853,#853,#695,.T.);
#1096=EDGE_CURVE('',#733,#854,#451,.T.);
#1097=EDGE_CURVE('',#854,#854,#696,.T.);
#1098=EDGE_CURVE('',#735,#855,#452,.T.);
#1099=EDGE_CURVE('',#855,#855,#697,.T.);
#1100=EDGE_CURVE('',#736,#856,#453,.T.);
#1101=EDGE_CURVE('',#856,#856,#698,.T.);
#1102=ORIENTED_EDGE('',*,*,#857,.F.);
#1103=ORIENTED_EDGE('',*,*,#858,.T.);
#1104=ORIENTED_EDGE('',*,*,#859,.T.);
#1105=ORIENTED_EDGE('',*,*,#860,.T.);
#1106=ORIENTED_EDGE('',*,*,#857,.T.);
#1107=ORIENTED_EDGE('',*,*,#861,.F.);
#1108=ORIENTED_EDGE('',*,*,#862,.T.);
#1109=ORIENTED_EDGE('',*,*,#863,.F.);
#1110=ORIENTED_EDGE('',*,*,#864,.F.);
#1111=ORIENTED_EDGE('',*,*,#865,.T.);
#1112=ORIENTED_EDGE('',*,*,#866,.F.);
#1113=ORIENTED_EDGE('',*,*,#867,.T.);
#1114=ORIENTED_EDGE('',*,*,#868,.F.);
#1115=ORIENTED_EDGE('',*,*,#869,.F.);
#1116=ORIENTED_EDGE('',*,*,#870,.F.);
#1117=ORIENTED_EDGE('',*,*,#871,.F.);
#1118=ORIENTED_EDGE('',*,*,#872,.F.);
#1119=ORIENTED_EDGE('',*,*,#873,.F.);
#1120=ORIENTED_EDGE('',*,*,#874,.F.);
#1121=ORIENTED_EDGE('',*,*,#875,.F.);
#1122=ORIENTED_EDGE('',*,*,#876,.F.);
#1123=ORIENTED_EDGE('',*,*,#877,.F.);
#1124=ORIENTED_EDGE('',*,*,#878,.F.);
#1125=ORIENTED_EDGE('',*,*,#879,.F.);
#1126=ORIENTED_EDGE('',*,*,#880,.F.);
#1127=ORIENTED_EDGE('',*,*,#881,.F.);
#1128=ORIENTED_EDGE('',*,*,#882,.F.);
#1129=ORIENTED_EDGE('',*,*,#883,.F.);
#1130=ORIENTED_EDGE('',*,*,#884,.F.);
#1131=ORIENTED_EDGE('',*,*,#885,.F.);
#1132=ORIENTED_EDGE('',*,*,#886,.F.);
#1133=ORIENTED_EDGE('',*,*,#887,.F.);
#1134=ORIENTED_EDGE('',*,*,#888,.F.);
#1135=ORIENTED_EDGE('',*,*,#889,.F.);
#1136=ORIENTED_EDGE('',*,*,#890,.F.);
#1137=ORIENTED_EDGE('',*,*,#891,.F.);
#1138=ORIENTED_EDGE('',*,*,#892,.F.);
#1139=ORIENTED_EDGE('',*,*,#893,.F.);
#1140=ORIENTED_EDGE('',*,*,#894,.F.);
#1141=ORIENTED_EDGE('',*,*,#895,.F.);
#1142=ORIENTED_EDGE('',*,*,#896,.F.);
#1143=ORIENTED_EDGE('',*,*,#897,.F.);
#1144=ORIENTED_EDGE('',*,*,#898,.F.);
#1145=ORIENTED_EDGE('',*,*,#899,.F.);
#1146=ORIENTED_EDGE('',*,*,#900,.F.);
#1147=ORIENTED_EDGE('',*,*,#901,.F.);
#1148=ORIENTED_EDGE('',*,*,#902,.F.);
#1149=ORIENTED_EDGE('',*,*,#903,.F.);
#1150=ORIENTED_EDGE('',*,*,#904,.F.);
#1151=ORIENTED_EDGE('',*,*,#905,.F.);
#1152=ORIENTED_EDGE('',*,*,#906,.F.);
#1153=ORIENTED_EDGE('',*,*,#907,.F.);
#1154=ORIENTED_EDGE('',*,*,#908,.F.);
#1155=ORIENTED_EDGE('',*,*,#909,.F.);
#1156=ORIENTED_EDGE('',*,*,#910,.F.);
#1157=ORIENTED_EDGE('',*,*,#911,.F.);
#1158=ORIENTED_EDGE('',*,*,#912,.T.);
#1159=ORIENTED_EDGE('',*,*,#913,.F.);
#1160=ORIENTED_EDGE('',*,*,#914,.T.);
#1161=ORIENTED_EDGE('',*,*,#915,.F.);
#1162=ORIENTED_EDGE('',*,*,#916,.T.);
#1163=ORIENTED_EDGE('',*,*,#917,.F.);
#1164=ORIENTED_EDGE('',*,*,#918,.F.);
#1165=ORIENTED_EDGE('',*,*,#919,.F.);
#1166=ORIENTED_EDGE('',*,*,#920,.F.);
#1167=ORIENTED_EDGE('',*,*,#921,.F.);
#1168=ORIENTED_EDGE('',*,*,#922,.F.);
#1169=ORIENTED_EDGE('',*,*,#923,.F.);
#1170=ORIENTED_EDGE('',*,*,#924,.F.);
#1171=ORIENTED_EDGE('',*,*,#925,.F.);
#1172=ORIENTED_EDGE('',*,*,#860,.F.);
#1173=ORIENTED_EDGE('',*,*,#926,.F.);
#1174=ORIENTED_EDGE('',*,*,#927,.F.);
#1175=ORIENTED_EDGE('',*,*,#861,.T.);
#1176=ORIENTED_EDGE('',*,*,#862,.F.);
#1177=ORIENTED_EDGE('',*,*,#927,.T.);
#1178=ORIENTED_EDGE('',*,*,#928,.T.);
#1179=ORIENTED_EDGE('',*,*,#929,.T.);
#1180=ORIENTED_EDGE('',*,*,#865,.F.);
#1181=ORIENTED_EDGE('',*,*,#930,.T.);
#1182=ORIENTED_EDGE('',*,*,#931,.T.);
#1183=ORIENTED_EDGE('',*,*,#932,.T.);
#1184=ORIENTED_EDGE('',*,*,#932,.F.);
#1185=ORIENTED_EDGE('',*,*,#933,.F.);
#1186=ORIENTED_EDGE('',*,*,#934,.F.);
#1187=ORIENTED_EDGE('',*,*,#866,.T.);
#1188=ORIENTED_EDGE('',*,*,#867,.F.);
#1189=ORIENTED_EDGE('',*,*,#934,.T.);
#1190=ORIENTED_EDGE('',*,*,#935,.T.);
#1191=ORIENTED_EDGE('',*,*,#936,.T.);
#1192=ORIENTED_EDGE('',*,*,#874,.T.);
#1193=ORIENTED_EDGE('',*,*,#937,.T.);
#1194=ORIENTED_EDGE('',*,*,#938,.T.);
#1195=ORIENTED_EDGE('',*,*,#939,.T.);
#1196=ORIENTED_EDGE('',*,*,#937,.F.);
#1197=ORIENTED_EDGE('',*,*,#873,.T.);
#1198=ORIENTED_EDGE('',*,*,#940,.F.);
#1199=ORIENTED_EDGE('',*,*,#941,.F.);
#1200=ORIENTED_EDGE('',*,*,#872,.T.);
#1201=ORIENTED_EDGE('',*,*,#942,.T.);
#1202=ORIENTED_EDGE('',*,*,#943,.T.);
#1203=ORIENTED_EDGE('',*,*,#940,.T.);
#1204=ORIENTED_EDGE('',*,*,#942,.F.);
#1205=ORIENTED_EDGE('',*,*,#871,.T.);
#1206=ORIENTED_EDGE('',*,*,#944,.F.);
#1207=ORIENTED_EDGE('',*,*,#945,.F.);
#1208=ORIENTED_EDGE('',*,*,#888,.T.);
#1209=ORIENTED_EDGE('',*,*,#946,.T.);
#1210=ORIENTED_EDGE('',*,*,#947,.T.);
#1211=ORIENTED_EDGE('',*,*,#948,.T.);
#1212=ORIENTED_EDGE('',*,*,#946,.F.);
#1213=ORIENTED_EDGE('',*,*,#887,.T.);
#1214=ORIENTED_EDGE('',*,*,#949,.F.);
#1215=ORIENTED_EDGE('',*,*,#950,.F.);
#1216=ORIENTED_EDGE('',*,*,#890,.T.);
#1217=ORIENTED_EDGE('',*,*,#951,.T.);
#1218=ORIENTED_EDGE('',*,*,#952,.T.);
#1219=ORIENTED_EDGE('',*,*,#953,.T.);
#1220=ORIENTED_EDGE('',*,*,#948,.F.);
#1221=ORIENTED_EDGE('',*,*,#954,.F.);
#1222=ORIENTED_EDGE('',*,*,#951,.F.);
#1223=ORIENTED_EDGE('',*,*,#889,.T.);
#1224=ORIENTED_EDGE('',*,*,#955,.T.);
#1225=ORIENTED_EDGE('',*,*,#956,.T.);
#1226=ORIENTED_EDGE('',*,*,#876,.T.);
#1227=ORIENTED_EDGE('',*,*,#957,.T.);
#1228=ORIENTED_EDGE('',*,*,#956,.F.);
#1229=ORIENTED_EDGE('',*,*,#958,.F.);
#1230=ORIENTED_EDGE('',*,*,#959,.F.);
#1231=ORIENTED_EDGE('',*,*,#877,.T.);
#1232=ORIENTED_EDGE('',*,*,#878,.T.);
#1233=ORIENTED_EDGE('',*,*,#959,.T.);
#1234=ORIENTED_EDGE('',*,*,#960,.T.);
#1235=ORIENTED_EDGE('',*,*,#961,.T.);
#1236=ORIENTED_EDGE('',*,*,#880,.T.);
#1237=ORIENTED_EDGE('',*,*,#962,.T.);
#1238=ORIENTED_EDGE('',*,*,#963,.T.);
#1239=ORIENTED_EDGE('',*,*,#964,.T.);
#1240=ORIENTED_EDGE('',*,*,#961,.F.);
#1241=ORIENTED_EDGE('',*,*,#965,.F.);
#1242=ORIENTED_EDGE('',*,*,#962,.F.);
#1243=ORIENTED_EDGE('',*,*,#879,.T.);
#1244=ORIENTED_EDGE('',*,*,#966,.T.);
#1245=ORIENTED_EDGE('',*,*,#967,.T.);
#1246=ORIENTED_EDGE('',*,*,#882,.T.);
#1247=ORIENTED_EDGE('',*,*,#968,.T.);
#1248=ORIENTED_EDGE('',*,*,#967,.F.);
#1249=ORIENTED_EDGE('',*,*,#969,.F.);
#1250=ORIENTED_EDGE('',*,*,#970,.F.);
#1251=ORIENTED_EDGE('',*,*,#883,.T.);
#1252=ORIENTED_EDGE('',*,*,#884,.T.);
#1253=ORIENTED_EDGE('',*,*,#970,.T.);
#1254=ORIENTED_EDGE('',*,*,#971,.T.);
#1255=ORIENTED_EDGE('',*,*,#972,.T.);
#1256=ORIENTED_EDGE('',*,*,#886,.T.);
#1257=ORIENTED_EDGE('',*,*,#973,.T.);
#1258=ORIENTED_EDGE('',*,*,#974,.T.);
#1259=ORIENTED_EDGE('',*,*,#949,.T.);
#1260=ORIENTED_EDGE('',*,*,#972,.F.);
#1261=ORIENTED_EDGE('',*,*,#975,.F.);
#1262=ORIENTED_EDGE('',*,*,#973,.F.);
#1263=ORIENTED_EDGE('',*,*,#885,.T.);
#1264=ORIENTED_EDGE('',*,*,#904,.T.);
#1265=ORIENTED_EDGE('',*,*,#976,.T.);
#1266=ORIENTED_EDGE('',*,*,#977,.T.);
#1267=ORIENTED_EDGE('',*,*,#978,.T.);
#1268=ORIENTED_EDGE('',*,*,#976,.F.);
#1269=ORIENTED_EDGE('',*,*,#903,.T.);
#1270=ORIENTED_EDGE('',*,*,#979,.F.);
#1271=ORIENTED_EDGE('',*,*,#980,.F.);
#1272=ORIENTED_EDGE('',*,*,#981,.T.);
#1273=ORIENTED_EDGE('',*,*,#979,.T.);
#1274=ORIENTED_EDGE('',*,*,#902,.T.);
#1275=ORIENTED_EDGE('',*,*,#982,.T.);
#1276=ORIENTED_EDGE('',*,*,#983,.T.);
#1277=ORIENTED_EDGE('',*,*,#984,.T.);
#1278=ORIENTED_EDGE('',*,*,#900,.T.);
#1279=ORIENTED_EDGE('',*,*,#985,.T.);
#1280=ORIENTED_EDGE('',*,*,#985,.F.);
#1281=ORIENTED_EDGE('',*,*,#925,.T.);
#1282=ORIENTED_EDGE('',*,*,#986,.F.);
#1283=ORIENTED_EDGE('',*,*,#987,.F.);
#1284=ORIENTED_EDGE('',*,*,#924,.T.);
#1285=ORIENTED_EDGE('',*,*,#988,.T.);
#1286=ORIENTED_EDGE('',*,*,#989,.T.);
#1287=ORIENTED_EDGE('',*,*,#986,.T.);
#1288=ORIENTED_EDGE('',*,*,#988,.F.);
#1289=ORIENTED_EDGE('',*,*,#923,.T.);
#1290=ORIENTED_EDGE('',*,*,#990,.F.);
#1291=ORIENTED_EDGE('',*,*,#991,.F.);
#1292=ORIENTED_EDGE('',*,*,#992,.T.);
#1293=ORIENTED_EDGE('',*,*,#990,.T.);
#1294=ORIENTED_EDGE('',*,*,#922,.T.);
#1295=ORIENTED_EDGE('',*,*,#993,.T.);
#1296=ORIENTED_EDGE('',*,*,#994,.F.);
#1297=ORIENTED_EDGE('',*,*,#995,.F.);
#1298=ORIENTED_EDGE('',*,*,#996,.F.);
#1299=ORIENTED_EDGE('',*,*,#997,.F.);
#1300=ORIENTED_EDGE('',*,*,#998,.F.);
#1301=ORIENTED_EDGE('',*,*,#999,.F.);
#1302=ORIENTED_EDGE('',*,*,#955,.F.);
#1303=ORIENTED_EDGE('',*,*,#1000,.T.);
#1304=ORIENTED_EDGE('',*,*,#952,.F.);
#1305=ORIENTED_EDGE('',*,*,#954,.T.);
#1306=ORIENTED_EDGE('',*,*,#947,.F.);
#1307=ORIENTED_EDGE('',*,*,#950,.T.);
#1308=ORIENTED_EDGE('',*,*,#974,.F.);
#1309=ORIENTED_EDGE('',*,*,#975,.T.);
#1310=ORIENTED_EDGE('',*,*,#971,.F.);
#1311=ORIENTED_EDGE('',*,*,#969,.T.);
#1312=ORIENTED_EDGE('',*,*,#966,.F.);
#1313=ORIENTED_EDGE('',*,*,#1001,.T.);
#1314=ORIENTED_EDGE('',*,*,#963,.F.);
#1315=ORIENTED_EDGE('',*,*,#965,.T.);
#1316=ORIENTED_EDGE('',*,*,#960,.F.);
#1317=ORIENTED_EDGE('',*,*,#958,.T.);
#1318=ORIENTED_EDGE('',*,*,#983,.F.);
#1319=ORIENTED_EDGE('',*,*,#987,.T.);
#1320=ORIENTED_EDGE('',*,*,#989,.F.);
#1321=ORIENTED_EDGE('',*,*,#991,.T.);
#1322=ORIENTED_EDGE('',*,*,#992,.F.);
#1323=ORIENTED_EDGE('',*,*,#1002,.T.);
#1324=ORIENTED_EDGE('',*,*,#1003,.F.);
#1325=ORIENTED_EDGE('',*,*,#1004,.T.);
#1326=ORIENTED_EDGE('',*,*,#1005,.T.);
#1327=ORIENTED_EDGE('',*,*,#1006,.F.);
#1328=ORIENTED_EDGE('',*,*,#1007,.T.);
#1329=ORIENTED_EDGE('',*,*,#1008,.F.);
#1330=ORIENTED_EDGE('',*,*,#1009,.T.);
#1331=ORIENTED_EDGE('',*,*,#1010,.F.);
#1332=ORIENTED_EDGE('',*,*,#1011,.T.);
#1333=ORIENTED_EDGE('',*,*,#1012,.F.);
#1334=ORIENTED_EDGE('',*,*,#1013,.T.);
#1335=ORIENTED_EDGE('',*,*,#1014,.F.);
#1336=ORIENTED_EDGE('',*,*,#1015,.T.);
#1337=ORIENTED_EDGE('',*,*,#1016,.F.);
#1338=ORIENTED_EDGE('',*,*,#1017,.T.);
#1339=ORIENTED_EDGE('',*,*,#1018,.T.);
#1340=ORIENTED_EDGE('',*,*,#977,.F.);
#1341=ORIENTED_EDGE('',*,*,#980,.T.);
#1342=ORIENTED_EDGE('',*,*,#981,.F.);
#1343=ORIENTED_EDGE('',*,*,#1019,.T.);
#1344=ORIENTED_EDGE('',*,*,#945,.T.);
#1345=ORIENTED_EDGE('',*,*,#1020,.F.);
#1346=ORIENTED_EDGE('',*,*,#1021,.T.);
#1347=ORIENTED_EDGE('',*,*,#938,.F.);
#1348=ORIENTED_EDGE('',*,*,#941,.T.);
#1349=ORIENTED_EDGE('',*,*,#943,.F.);
#1350=ORIENTED_EDGE('',*,*,#920,.T.);
#1351=ORIENTED_EDGE('',*,*,#1022,.T.);
#1352=ORIENTED_EDGE('',*,*,#1003,.T.);
#1353=ORIENTED_EDGE('',*,*,#1023,.T.);
#1354=ORIENTED_EDGE('',*,*,#1022,.F.);
#1355=ORIENTED_EDGE('',*,*,#919,.T.);
#1356=ORIENTED_EDGE('',*,*,#1024,.T.);
#1357=ORIENTED_EDGE('',*,*,#1004,.F.);
#1358=ORIENTED_EDGE('',*,*,#917,.T.);
#1359=ORIENTED_EDGE('',*,*,#1025,.T.);
#1360=ORIENTED_EDGE('',*,*,#1006,.T.);
#1361=ORIENTED_EDGE('',*,*,#1026,.T.);
#1362=ORIENTED_EDGE('',*,*,#1025,.F.);
#1363=ORIENTED_EDGE('',*,*,#916,.F.);
#1364=ORIENTED_EDGE('',*,*,#1027,.F.);
#1365=ORIENTED_EDGE('',*,*,#1007,.F.);
#1366=ORIENTED_EDGE('',*,*,#1008,.T.);
#1367=ORIENTED_EDGE('',*,*,#1027,.T.);
#1368=ORIENTED_EDGE('',*,*,#915,.T.);
#1369=ORIENTED_EDGE('',*,*,#1028,.T.);
#1370=ORIENTED_EDGE('',*,*,#1028,.F.);
#1371=ORIENTED_EDGE('',*,*,#914,.F.);
#1372=ORIENTED_EDGE('',*,*,#1029,.F.);
#1373=ORIENTED_EDGE('',*,*,#1009,.F.);
#1374=ORIENTED_EDGE('',*,*,#1010,.T.);
#1375=ORIENTED_EDGE('',*,*,#1029,.T.);
#1376=ORIENTED_EDGE('',*,*,#913,.T.);
#1377=ORIENTED_EDGE('',*,*,#1030,.T.);
#1378=ORIENTED_EDGE('',*,*,#1012,.T.);
#1379=ORIENTED_EDGE('',*,*,#1031,.T.);
#1380=ORIENTED_EDGE('',*,*,#911,.T.);
#1381=ORIENTED_EDGE('',*,*,#1032,.T.);
#1382=ORIENTED_EDGE('',*,*,#1030,.F.);
#1383=ORIENTED_EDGE('',*,*,#912,.F.);
#1384=ORIENTED_EDGE('',*,*,#1031,.F.);
#1385=ORIENTED_EDGE('',*,*,#1011,.F.);
#1386=ORIENTED_EDGE('',*,*,#909,.T.);
#1387=ORIENTED_EDGE('',*,*,#1033,.T.);
#1388=ORIENTED_EDGE('',*,*,#1014,.T.);
#1389=ORIENTED_EDGE('',*,*,#1034,.T.);
#1390=ORIENTED_EDGE('',*,*,#1033,.F.);
#1391=ORIENTED_EDGE('',*,*,#908,.T.);
#1392=ORIENTED_EDGE('',*,*,#1035,.F.);
#1393=ORIENTED_EDGE('',*,*,#1015,.F.);
#1394=ORIENTED_EDGE('',*,*,#907,.T.);
#1395=ORIENTED_EDGE('',*,*,#1036,.T.);
#1396=ORIENTED_EDGE('',*,*,#1016,.T.);
#1397=ORIENTED_EDGE('',*,*,#1035,.T.);
#1398=ORIENTED_EDGE('',*,*,#1036,.F.);
#1399=ORIENTED_EDGE('',*,*,#906,.T.);
#1400=ORIENTED_EDGE('',*,*,#1037,.F.);
#1401=ORIENTED_EDGE('',*,*,#1017,.F.);
#1402=ORIENTED_EDGE('',*,*,#1038,.F.);
#1403=ORIENTED_EDGE('',*,*,#1039,.T.);
#1404=ORIENTED_EDGE('',*,*,#1040,.T.);
#1405=ORIENTED_EDGE('',*,*,#994,.T.);
#1406=ORIENTED_EDGE('',*,*,#1041,.F.);
#1407=ORIENTED_EDGE('',*,*,#1042,.F.);
#1408=ORIENTED_EDGE('',*,*,#1043,.F.);
#1409=ORIENTED_EDGE('',*,*,#1039,.F.);
#1410=ORIENTED_EDGE('',*,*,#858,.F.);
#1411=ORIENTED_EDGE('',*,*,#869,.T.);
#1412=ORIENTED_EDGE('',*,*,#1044,.F.);
#1413=ORIENTED_EDGE('',*,*,#1045,.F.);
#1414=ORIENTED_EDGE('',*,*,#1026,.F.);
#1415=ORIENTED_EDGE('',*,*,#1005,.F.);
#1416=ORIENTED_EDGE('',*,*,#1024,.F.);
#1417=ORIENTED_EDGE('',*,*,#918,.T.);
#1418=ORIENTED_EDGE('',*,*,#1032,.F.);
#1419=ORIENTED_EDGE('',*,*,#910,.T.);
#1420=ORIENTED_EDGE('',*,*,#1034,.F.);
#1421=ORIENTED_EDGE('',*,*,#1013,.F.);
#1422=ORIENTED_EDGE('',*,*,#1040,.F.);
#1423=ORIENTED_EDGE('',*,*,#1046,.F.);
#1424=ORIENTED_EDGE('',*,*,#1047,.F.);
#1425=ORIENTED_EDGE('',*,*,#1048,.T.);
#1426=ORIENTED_EDGE('',*,*,#1049,.T.);
#1427=ORIENTED_EDGE('',*,*,#1046,.T.);
#1428=ORIENTED_EDGE('',*,*,#1043,.T.);
#1429=ORIENTED_EDGE('',*,*,#1050,.F.);
#1430=ORIENTED_EDGE('',*,*,#1051,.F.);
#1431=ORIENTED_EDGE('',*,*,#1052,.F.);
#1432=ORIENTED_EDGE('',*,*,#1053,.T.);
#1433=ORIENTED_EDGE('',*,*,#1054,.T.);
#1434=ORIENTED_EDGE('',*,*,#1051,.T.);
#1435=ORIENTED_EDGE('',*,*,#1055,.T.);
#1436=ORIENTED_EDGE('',*,*,#1056,.F.);
#1437=ORIENTED_EDGE('',*,*,#996,.T.);
#1438=ORIENTED_EDGE('',*,*,#1052,.T.);
#1439=ORIENTED_EDGE('',*,*,#1057,.T.);
#1440=ORIENTED_EDGE('',*,*,#1050,.T.);
#1441=ORIENTED_EDGE('',*,*,#995,.T.);
#1442=ORIENTED_EDGE('',*,*,#1047,.T.);
#1443=ORIENTED_EDGE('',*,*,#1058,.T.);
#1444=ORIENTED_EDGE('',*,*,#1059,.F.);
#1445=ORIENTED_EDGE('',*,*,#1057,.F.);
#1446=ORIENTED_EDGE('',*,*,#1054,.F.);
#1447=ORIENTED_EDGE('',*,*,#1060,.T.);
#1448=ORIENTED_EDGE('',*,*,#929,.F.);
#1449=ORIENTED_EDGE('',*,*,#1061,.F.);
#1450=ORIENTED_EDGE('',*,*,#1062,.F.);
#1451=ORIENTED_EDGE('',*,*,#863,.T.);
#1452=ORIENTED_EDGE('',*,*,#897,.T.);
#1453=ORIENTED_EDGE('',*,*,#1063,.T.);
#1454=ORIENTED_EDGE('',*,*,#1064,.T.);
#1455=ORIENTED_EDGE('',*,*,#1063,.F.);
#1456=ORIENTED_EDGE('',*,*,#1064,.F.);
#1457=ORIENTED_EDGE('',*,*,#896,.T.);
#1458=ORIENTED_EDGE('',*,*,#1065,.T.);
#1459=ORIENTED_EDGE('',*,*,#1066,.T.);
#1460=ORIENTED_EDGE('',*,*,#1065,.F.);
#1461=ORIENTED_EDGE('',*,*,#1066,.F.);
#1462=ORIENTED_EDGE('',*,*,#898,.T.);
#1463=ORIENTED_EDGE('',*,*,#1067,.T.);
#1464=ORIENTED_EDGE('',*,*,#1068,.T.);
#1465=ORIENTED_EDGE('',*,*,#1067,.F.);
#1466=ORIENTED_EDGE('',*,*,#1068,.F.);
#1467=ORIENTED_EDGE('',*,*,#899,.T.);
#1468=ORIENTED_EDGE('',*,*,#1069,.T.);
#1469=ORIENTED_EDGE('',*,*,#1070,.T.);
#1470=ORIENTED_EDGE('',*,*,#1069,.F.);
#1471=ORIENTED_EDGE('',*,*,#1070,.F.);
#1472=ORIENTED_EDGE('',*,*,#1049,.F.);
#1473=ORIENTED_EDGE('',*,*,#1071,.F.);
#1474=ORIENTED_EDGE('',*,*,#1055,.F.);
#1475=ORIENTED_EDGE('',*,*,#1058,.F.);
#1476=ORIENTED_EDGE('',*,*,#1056,.T.);
#1477=ORIENTED_EDGE('',*,*,#1072,.F.);
#1478=ORIENTED_EDGE('',*,*,#1041,.T.);
#1479=ORIENTED_EDGE('',*,*,#1073,.F.);
#1480=ORIENTED_EDGE('',*,*,#1074,.F.);
#1481=ORIENTED_EDGE('',*,*,#1075,.F.);
#1482=ORIENTED_EDGE('',*,*,#930,.F.);
#1483=ORIENTED_EDGE('',*,*,#864,.T.);
#1484=ORIENTED_EDGE('',*,*,#1062,.T.);
#1485=ORIENTED_EDGE('',*,*,#1076,.F.);
#1486=ORIENTED_EDGE('',*,*,#1038,.T.);
#1487=ORIENTED_EDGE('',*,*,#999,.T.);
#1488=ORIENTED_EDGE('',*,*,#1077,.T.);
#1489=ORIENTED_EDGE('',*,*,#1073,.T.);
#1490=ORIENTED_EDGE('',*,*,#1072,.T.);
#1491=ORIENTED_EDGE('',*,*,#1078,.T.);
#1492=ORIENTED_EDGE('',*,*,#1079,.T.);
#1493=ORIENTED_EDGE('',*,*,#997,.T.);
#1494=ORIENTED_EDGE('',*,*,#1075,.T.);
#1495=ORIENTED_EDGE('',*,*,#1080,.F.);
#1496=ORIENTED_EDGE('',*,*,#1081,.T.);
#1497=ORIENTED_EDGE('',*,*,#1082,.F.);
#1498=ORIENTED_EDGE('',*,*,#1083,.F.);
#1499=ORIENTED_EDGE('',*,*,#1060,.F.);
#1500=ORIENTED_EDGE('',*,*,#1053,.F.);
#1501=ORIENTED_EDGE('',*,*,#1071,.T.);
#1502=ORIENTED_EDGE('',*,*,#1048,.F.);
#1503=ORIENTED_EDGE('',*,*,#1042,.T.);
#1504=ORIENTED_EDGE('',*,*,#1061,.T.);
#1505=ORIENTED_EDGE('',*,*,#928,.F.);
#1506=ORIENTED_EDGE('',*,*,#926,.T.);
#1507=ORIENTED_EDGE('',*,*,#859,.F.);
#1508=ORIENTED_EDGE('',*,*,#1045,.T.);
#1509=ORIENTED_EDGE('',*,*,#1084,.T.);
#1510=ORIENTED_EDGE('',*,*,#935,.F.);
#1511=ORIENTED_EDGE('',*,*,#933,.T.);
#1512=ORIENTED_EDGE('',*,*,#931,.F.);
#1513=ORIENTED_EDGE('',*,*,#1076,.T.);
#1514=ORIENTED_EDGE('',*,*,#1059,.T.);
#1515=ORIENTED_EDGE('',*,*,#1083,.T.);
#1516=ORIENTED_EDGE('',*,*,#1085,.F.);
#1517=ORIENTED_EDGE('',*,*,#1078,.F.);
#1518=ORIENTED_EDGE('',*,*,#1086,.F.);
#1519=ORIENTED_EDGE('',*,*,#1087,.F.);
#1520=ORIENTED_EDGE('',*,*,#1077,.F.);
#1521=ORIENTED_EDGE('',*,*,#1080,.T.);
#1522=ORIENTED_EDGE('',*,*,#1074,.T.);
#1523=ORIENTED_EDGE('',*,*,#1087,.T.);
#1524=ORIENTED_EDGE('',*,*,#1088,.T.);
#1525=ORIENTED_EDGE('',*,*,#1079,.F.);
#1526=ORIENTED_EDGE('',*,*,#1089,.F.);
#1527=ORIENTED_EDGE('',*,*,#1090,.F.);
#1528=ORIENTED_EDGE('',*,*,#1082,.T.);
#1529=ORIENTED_EDGE('',*,*,#1091,.T.);
#1530=ORIENTED_EDGE('',*,*,#1089,.T.);
#1531=ORIENTED_EDGE('',*,*,#1085,.T.);
#1532=ORIENTED_EDGE('',*,*,#1086,.T.);
#1533=ORIENTED_EDGE('',*,*,#998,.T.);
#1534=ORIENTED_EDGE('',*,*,#1090,.T.);
#1535=ORIENTED_EDGE('',*,*,#1092,.T.);
#1536=ORIENTED_EDGE('',*,*,#1088,.F.);
#1537=ORIENTED_EDGE('',*,*,#1092,.F.);
#1538=ORIENTED_EDGE('',*,*,#1091,.F.);
#1539=ORIENTED_EDGE('',*,*,#1081,.F.);
#1540=ORIENTED_EDGE('',*,*,#870,.T.);
#1541=ORIENTED_EDGE('',*,*,#1093,.T.);
#1542=ORIENTED_EDGE('',*,*,#1020,.T.);
#1543=ORIENTED_EDGE('',*,*,#944,.T.);
#1544=ORIENTED_EDGE('',*,*,#939,.F.);
#1545=ORIENTED_EDGE('',*,*,#1021,.F.);
#1546=ORIENTED_EDGE('',*,*,#1093,.F.);
#1547=ORIENTED_EDGE('',*,*,#875,.T.);
#1548=ORIENTED_EDGE('',*,*,#936,.F.);
#1549=ORIENTED_EDGE('',*,*,#1084,.F.);
#1550=ORIENTED_EDGE('',*,*,#1044,.T.);
#1551=ORIENTED_EDGE('',*,*,#868,.T.);
#1552=ORIENTED_EDGE('',*,*,#953,.F.);
#1553=ORIENTED_EDGE('',*,*,#1000,.F.);
#1554=ORIENTED_EDGE('',*,*,#957,.F.);
#1555=ORIENTED_EDGE('',*,*,#891,.T.);
#1556=ORIENTED_EDGE('',*,*,#978,.F.);
#1557=ORIENTED_EDGE('',*,*,#1018,.F.);
#1558=ORIENTED_EDGE('',*,*,#1037,.T.);
#1559=ORIENTED_EDGE('',*,*,#905,.T.);
#1560=ORIENTED_EDGE('',*,*,#982,.F.);
#1561=ORIENTED_EDGE('',*,*,#901,.T.);
#1562=ORIENTED_EDGE('',*,*,#984,.F.);
#1563=ORIENTED_EDGE('',*,*,#1019,.F.);
#1564=ORIENTED_EDGE('',*,*,#893,.T.);
#1565=ORIENTED_EDGE('',*,*,#1094,.T.);
#1566=ORIENTED_EDGE('',*,*,#1095,.T.);
#1567=ORIENTED_EDGE('',*,*,#1094,.F.);
#1568=ORIENTED_EDGE('',*,*,#1095,.F.);
#1569=ORIENTED_EDGE('',*,*,#892,.T.);
#1570=ORIENTED_EDGE('',*,*,#1096,.T.);
#1571=ORIENTED_EDGE('',*,*,#1097,.T.);
#1572=ORIENTED_EDGE('',*,*,#1096,.F.);
#1573=ORIENTED_EDGE('',*,*,#1097,.F.);
#1574=ORIENTED_EDGE('',*,*,#894,.T.);
#1575=ORIENTED_EDGE('',*,*,#1098,.T.);
#1576=ORIENTED_EDGE('',*,*,#1099,.T.);
#1577=ORIENTED_EDGE('',*,*,#1098,.F.);
#1578=ORIENTED_EDGE('',*,*,#1099,.F.);
#1579=ORIENTED_EDGE('',*,*,#895,.T.);
#1580=ORIENTED_EDGE('',*,*,#1100,.T.);
#1581=ORIENTED_EDGE('',*,*,#1101,.T.);
#1582=ORIENTED_EDGE('',*,*,#1100,.F.);
#1583=ORIENTED_EDGE('',*,*,#1101,.F.);
#1584=ORIENTED_EDGE('',*,*,#964,.F.);
#1585=ORIENTED_EDGE('',*,*,#1001,.F.);
#1586=ORIENTED_EDGE('',*,*,#968,.F.);
#1587=ORIENTED_EDGE('',*,*,#881,.T.);
#1588=ORIENTED_EDGE('',*,*,#993,.F.);
#1589=ORIENTED_EDGE('',*,*,#921,.T.);
#1590=ORIENTED_EDGE('',*,*,#1023,.F.);
#1591=ORIENTED_EDGE('',*,*,#1002,.F.);
#1592=CYLINDRICAL_SURFACE('',#1750,0.5);
#1593=CYLINDRICAL_SURFACE('',#1789,0.5);
#1594=CYLINDRICAL_SURFACE('',#1791,0.5);
#1595=CYLINDRICAL_SURFACE('',#1794,0.5);
#1596=CYLINDRICAL_SURFACE('',#1796,0.5);
#1597=CYLINDRICAL_SURFACE('',#1799,0.5);
#1598=CYLINDRICAL_SURFACE('',#1802,0.5);
#1599=CYLINDRICAL_SURFACE('',#1805,0.5);
#1600=CYLINDRICAL_SURFACE('',#1808,0.5);
#1601=CYLINDRICAL_SURFACE('',#1811,0.5);
#1602=CYLINDRICAL_SURFACE('',#1813,0.5);
#1603=CYLINDRICAL_SURFACE('',#1816,0.5);
#1604=CYLINDRICAL_SURFACE('',#1819,0.5);
#1605=CYLINDRICAL_SURFACE('',#1821,0.5);
#1606=CYLINDRICAL_SURFACE('',#1824,0.5);
#1607=CYLINDRICAL_SURFACE('',#1827,0.5);
#1608=CYLINDRICAL_SURFACE('',#1829,0.5);
#1609=CYLINDRICAL_SURFACE('',#1832,0.5);
#1610=CYLINDRICAL_SURFACE('',#1835,0.5);
#1611=CYLINDRICAL_SURFACE('',#1846,0.5);
#1612=CYLINDRICAL_SURFACE('',#1848,0.5);
#1613=CYLINDRICAL_SURFACE('',#1850,0.5);
#1614=CYLINDRICAL_SURFACE('',#1852,0.5);
#1615=CYLINDRICAL_SURFACE('',#1853,0.5);
#1616=CYLINDRICAL_SURFACE('',#1855,0.5);
#1617=CYLINDRICAL_SURFACE('',#1857,0.5);
#1618=CYLINDRICAL_SURFACE('',#1859,1.2);
#1619=CYLINDRICAL_SURFACE('',#1869,1.2);
#1620=CYLINDRICAL_SURFACE('',#1875,1.2);
#1621=CYLINDRICAL_SURFACE('',#1877,1.2);
#1622=CYLINDRICAL_SURFACE('',#1879,1.2);
#1623=CYLINDRICAL_SURFACE('',#1882,1.00000000000001);
#1624=CYLINDRICAL_SURFACE('',#1885,1.00000000000005);
#1625=CYLINDRICAL_SURFACE('',#1888,1.00000000000001);
#1626=CYLINDRICAL_SURFACE('',#1891,1.00000000000001);
#1627=CYLINDRICAL_SURFACE('',#1899,1.2);
#1628=CYLINDRICAL_SURFACE('',#1901,1.2);
#1629=CYLINDRICAL_SURFACE('',#1910,1.2);
#1630=CYLINDRICAL_SURFACE('',#1914,1.2);
#1631=CYLINDRICAL_SURFACE('',#1915,1.2);
#1632=CYLINDRICAL_SURFACE('',#1917,10.325);
#1633=CYLINDRICAL_SURFACE('',#1923,0.999999999999979);
#1634=CYLINDRICAL_SURFACE('',#1926,1.00000000000001);
#1635=CYLINDRICAL_SURFACE('',#1929,1.00000000000001);
#1636=CYLINDRICAL_SURFACE('',#1932,1.00000000000001);
#1637=ADVANCED_FACE('',(#87),#1592,.F.);
#1638=ADVANCED_FACE('',(#88,#23,#24,#25,#26,#27,#28,#29,#30,#31,#32,#33),
#38,.T.);
#1639=ADVANCED_FACE('',(#89),#39,.F.);
#1640=ADVANCED_FACE('',(#90),#1593,.F.);
#1641=ADVANCED_FACE('',(#91),#1594,.F.);
#1642=ADVANCED_FACE('',(#92),#40,.F.);
#1643=ADVANCED_FACE('',(#93),#1595,.F.);
#1644=ADVANCED_FACE('',(#94),#1596,.F.);
#1645=ADVANCED_FACE('',(#95),#41,.T.);
#1646=ADVANCED_FACE('',(#96),#1597,.F.);
#1647=ADVANCED_FACE('',(#97),#42,.T.);
#1648=ADVANCED_FACE('',(#98),#1598,.F.);
#1649=ADVANCED_FACE('',(#99),#43,.T.);
#1650=ADVANCED_FACE('',(#100),#1599,.F.);
#1651=ADVANCED_FACE('',(#101),#44,.T.);
#1652=ADVANCED_FACE('',(#102),#1600,.T.);
#1653=ADVANCED_FACE('',(#103),#45,.T.);
#1654=ADVANCED_FACE('',(#104),#1601,.F.);
#1655=ADVANCED_FACE('',(#105),#1602,.F.);
#1656=ADVANCED_FACE('',(#106),#46,.T.);
#1657=ADVANCED_FACE('',(#107),#1603,.T.);
#1658=ADVANCED_FACE('',(#108),#47,.T.);
#1659=ADVANCED_FACE('',(#109),#1604,.F.);
#1660=ADVANCED_FACE('',(#110),#1605,.F.);
#1661=ADVANCED_FACE('',(#111),#48,.T.);
#1662=ADVANCED_FACE('',(#112),#1606,.F.);
#1663=ADVANCED_FACE('',(#113),#49,.T.);
#1664=ADVANCED_FACE('',(#114),#1607,.F.);
#1665=ADVANCED_FACE('',(#115),#1608,.T.);
#1666=ADVANCED_FACE('',(#116),#50,.T.);
#1667=ADVANCED_FACE('',(#117),#1609,.F.);
#1668=ADVANCED_FACE('',(#118),#51,.T.);
#1669=ADVANCED_FACE('',(#119),#1610,.T.);
#1670=ADVANCED_FACE('',(#120,#34,#35,#36),#52,.T.);
#1671=ADVANCED_FACE('',(#121),#1611,.F.);
#1672=ADVANCED_FACE('',(#122),#53,.T.);
#1673=ADVANCED_FACE('',(#123),#1612,.F.);
#1674=ADVANCED_FACE('',(#124),#54,.T.);
#1675=ADVANCED_FACE('',(#125),#1613,.T.);
#1676=ADVANCED_FACE('',(#126),#55,.T.);
#1677=ADVANCED_FACE('',(#127),#1614,.T.);
#1678=ADVANCED_FACE('',(#128),#1615,.F.);
#1679=ADVANCED_FACE('',(#129),#56,.T.);
#1680=ADVANCED_FACE('',(#130),#1616,.F.);
#1681=ADVANCED_FACE('',(#131),#57,.T.);
#1682=ADVANCED_FACE('',(#132),#1617,.F.);
#1683=ADVANCED_FACE('',(#133),#58,.T.);
#1684=ADVANCED_FACE('',(#134),#1618,.T.);
#1685=ADVANCED_FACE('',(#135),#59,.T.);
#1686=ADVANCED_FACE('',(#136),#60,.F.);
#1687=ADVANCED_FACE('',(#137),#61,.T.);
#1688=ADVANCED_FACE('',(#138),#62,.T.);
#1689=ADVANCED_FACE('',(#139),#19,.T.);
#1690=ADVANCED_FACE('',(#140),#1619,.T.);
#1691=ADVANCED_FACE('',(#141),#20,.T.);
#1692=ADVANCED_FACE('',(#142),#1620,.T.);
#1693=ADVANCED_FACE('',(#143),#1621,.T.);
#1694=ADVANCED_FACE('',(#144),#1622,.T.);
#1695=ADVANCED_FACE('',(#145),#63,.T.);
#1696=ADVANCED_FACE('',(#146),#64,.F.);
#1697=ADVANCED_FACE('',(#147),#1623,.F.);
#1698=ADVANCED_FACE('',(#148),#65,.T.);
#1699=ADVANCED_FACE('',(#149),#1624,.F.);
#1700=ADVANCED_FACE('',(#150),#66,.T.);
#1701=ADVANCED_FACE('',(#151),#1625,.F.);
#1702=ADVANCED_FACE('',(#152),#67,.T.);
#1703=ADVANCED_FACE('',(#153),#1626,.F.);
#1704=ADVANCED_FACE('',(#154),#68,.T.);
#1705=ADVANCED_FACE('',(#155),#69,.T.);
#1706=ADVANCED_FACE('',(#156),#70,.T.);
#1707=ADVANCED_FACE('',(#157),#71,.T.);
#1708=ADVANCED_FACE('',(#158),#72,.F.);
#1709=ADVANCED_FACE('',(#159),#1627,.T.);
#1710=ADVANCED_FACE('',(#160),#1628,.T.);
#1711=ADVANCED_FACE('',(#161,#37),#73,.F.);
#1712=ADVANCED_FACE('',(#162),#74,.T.);
#1713=ADVANCED_FACE('',(#163),#21,.T.);
#1714=ADVANCED_FACE('',(#164),#1629,.T.);
#1715=ADVANCED_FACE('',(#165),#22,.T.);
#1716=ADVANCED_FACE('',(#166),#1630,.T.);
#1717=ADVANCED_FACE('',(#167),#1631,.T.);
#1718=ADVANCED_FACE('',(#168),#75,.T.);
#1719=ADVANCED_FACE('',(#169),#1632,.F.);
#1720=ADVANCED_FACE('',(#170),#76,.T.);
#1721=ADVANCED_FACE('',(#171),#77,.F.);
#1722=ADVANCED_FACE('',(#172),#78,.T.);
#1723=ADVANCED_FACE('',(#173),#79,.T.);
#1724=ADVANCED_FACE('',(#174),#80,.T.);
#1725=ADVANCED_FACE('',(#175),#1633,.F.);
#1726=ADVANCED_FACE('',(#176),#81,.T.);
#1727=ADVANCED_FACE('',(#177),#1634,.F.);
#1728=ADVANCED_FACE('',(#178),#82,.T.);
#1729=ADVANCED_FACE('',(#179),#1635,.F.);
#1730=ADVANCED_FACE('',(#180),#83,.T.);
#1731=ADVANCED_FACE('',(#181),#1636,.F.);
#1732=ADVANCED_FACE('',(#182),#84,.T.);
#1733=ADVANCED_FACE('',(#183),#85,.T.);
#1734=ADVANCED_FACE('',(#184),#86,.T.);
#1735=CLOSED_SHELL('',(#1637,#1638,#1639,#1640,#1641,#1642,#1643,#1644,
#1645,#1646,#1647,#1648,#1649,#1650,#1651,#1652,#1653,#1654,#1655,#1656,
#1657,#1658,#1659,#1660,#1661,#1662,#1663,#1664,#1665,#1666,#1667,#1668,
#1669,#1670,#1671,#1672,#1673,#1674,#1675,#1676,#1677,#1678,#1679,#1680,
#1681,#1682,#1683,#1684,#1685,#1686,#1687,#1688,#1689,#1690,#1691,#1692,
#1693,#1694,#1695,#1696,#1697,#1698,#1699,#1700,#1701,#1702,#1703,#1704,
#1705,#1706,#1707,#1708,#1709,#1710,#1711,#1712,#1713,#1714,#1715,#1716,
#1717,#1718,#1719,#1720,#1721,#1722,#1723,#1724,#1725,#1726,#1727,#1728,
#1729,#1730,#1731,#1732,#1733,#1734));
#1736=DERIVED_UNIT_ELEMENT(#1738,1.);
#1737=DERIVED_UNIT_ELEMENT(#2985,-3.);
#1738=(
MASS_UNIT()
NAMED_UNIT(*)
SI_UNIT(.KILO.,.GRAM.)
);
#1739=DERIVED_UNIT((#1736,#1737));
#1740=MEASURE_REPRESENTATION_ITEM('density measure',
POSITIVE_RATIO_MEASURE(7850.),#1739);
#1741=PROPERTY_DEFINITION_REPRESENTATION(#1746,#1743);
#1742=PROPERTY_DEFINITION_REPRESENTATION(#1747,#1744);
#1743=REPRESENTATION('material name',(#1745),#2982);
#1744=REPRESENTATION('density',(#1740),#2982);
#1745=DESCRIPTIVE_REPRESENTATION_ITEM('Steel','Steel');
#1746=PROPERTY_DEFINITION('material property','material name',#2997);
#1747=PROPERTY_DEFINITION('material property','density of part',#2997);
#1748=AXIS2_PLACEMENT_3D('',#2474,#1938,#1939);
#1749=AXIS2_PLACEMENT_3D('',#2475,#1940,#1941);
#1750=AXIS2_PLACEMENT_3D('',#2476,#1942,#1943);
#1751=AXIS2_PLACEMENT_3D('',#2479,#1944,#1945);
#1752=AXIS2_PLACEMENT_3D('',#2483,#1947,#1948);
#1753=AXIS2_PLACEMENT_3D('',#2485,#1950,#1951);
#1754=AXIS2_PLACEMENT_3D('',#2489,#1953,#1954);
#1755=AXIS2_PLACEMENT_3D('',#2495,#1957,#1958);
#1756=AXIS2_PLACEMENT_3D('',#2499,#1960,#1961);
#1757=AXIS2_PLACEMENT_3D('',#2505,#1964,#1965);
#1758=AXIS2_PLACEMENT_3D('',#2509,#1967,#1968);
#1759=AXIS2_PLACEMENT_3D('',#2513,#1970,#1971);
#1760=AXIS2_PLACEMENT_3D('',#2517,#1973,#1974);
#1761=AXIS2_PLACEMENT_3D('',#2521,#1976,#1977);
#1762=AXIS2_PLACEMENT_3D('',#2525,#1979,#1980);
#1763=AXIS2_PLACEMENT_3D('',#2529,#1982,#1983);
#1764=AXIS2_PLACEMENT_3D('',#2533,#1985,#1986);
#1765=AXIS2_PLACEMENT_3D('',#2537,#1988,#1989);
#1766=AXIS2_PLACEMENT_3D('',#2541,#1991,#1992);
#1767=AXIS2_PLACEMENT_3D('',#2545,#1994,#1995);
#1768=AXIS2_PLACEMENT_3D('',#2548,#1997,#1998);
#1769=AXIS2_PLACEMENT_3D('',#2550,#1999,#2000);
#1770=AXIS2_PLACEMENT_3D('',#2552,#2001,#2002);
#1771=AXIS2_PLACEMENT_3D('',#2554,#2003,#2004);
#1772=AXIS2_PLACEMENT_3D('',#2556,#2005,#2006);
#1773=AXIS2_PLACEMENT_3D('',#2558,#2007,#2008);
#1774=AXIS2_PLACEMENT_3D('',#2560,#2009,#2010);
#1775=AXIS2_PLACEMENT_3D('',#2562,#2011,#2012);
#1776=AXIS2_PLACEMENT_3D('',#2565,#2013,#2014);
#1777=AXIS2_PLACEMENT_3D('',#2569,#2016,#2017);
#1778=AXIS2_PLACEMENT_3D('',#2573,#2019,#2020);
#1779=AXIS2_PLACEMENT_3D('',#2579,#2023,#2024);
#1780=AXIS2_PLACEMENT_3D('',#2583,#2026,#2027);
#1781=AXIS2_PLACEMENT_3D('',#2587,#2029,#2030);
#1782=AXIS2_PLACEMENT_3D('',#2591,#2032,#2033);
#1783=AXIS2_PLACEMENT_3D('',#2595,#2035,#2036);
#1784=AXIS2_PLACEMENT_3D('',#2599,#2038,#2039);
#1785=AXIS2_PLACEMENT_3D('',#2605,#2042,#2043);
#1786=AXIS2_PLACEMENT_3D('',#2609,#2045,#2046);
#1787=AXIS2_PLACEMENT_3D('',#2613,#2048,#2049);
#1788=AXIS2_PLACEMENT_3D('',#2615,#2051,#2052);
#1789=AXIS2_PLACEMENT_3D('',#2619,#2055,#2056);
#1790=AXIS2_PLACEMENT_3D('',#2621,#2057,#2058);
#1791=AXIS2_PLACEMENT_3D('',#2623,#2060,#2061);
#1792=AXIS2_PLACEMENT_3D('',#2627,#2063,#2064);
#1793=AXIS2_PLACEMENT_3D('',#2629,#2066,#2067);
#1794=AXIS2_PLACEMENT_3D('',#2633,#2070,#2071);
#1795=AXIS2_PLACEMENT_3D('',#2635,#2072,#2073);
#1796=AXIS2_PLACEMENT_3D('',#2637,#2075,#2076);
#1797=AXIS2_PLACEMENT_3D('',#2641,#2078,#2079);
#1798=AXIS2_PLACEMENT_3D('',#2643,#2081,#2082);
#1799=AXIS2_PLACEMENT_3D('',#2647,#2085,#2086);
#1800=AXIS2_PLACEMENT_3D('',#2650,#2088,#2089);
#1801=AXIS2_PLACEMENT_3D('',#2651,#2090,#2091);
#1802=AXIS2_PLACEMENT_3D('',#2655,#2094,#2095);
#1803=AXIS2_PLACEMENT_3D('',#2659,#2097,#2098);
#1804=AXIS2_PLACEMENT_3D('',#2661,#2100,#2101);
#1805=AXIS2_PLACEMENT_3D('',#2665,#2104,#2105);
#1806=AXIS2_PLACEMENT_3D('',#2669,#2107,#2108);
#1807=AXIS2_PLACEMENT_3D('',#2671,#2110,#2111);
#1808=AXIS2_PLACEMENT_3D('',#2673,#2113,#2114);
#1809=AXIS2_PLACEMENT_3D('',#2676,#2115,#2116);
#1810=AXIS2_PLACEMENT_3D('',#2679,#2119,#2120);
#1811=AXIS2_PLACEMENT_3D('',#2683,#2123,#2124);
#1812=AXIS2_PLACEMENT_3D('',#2685,#2125,#2126);
#1813=AXIS2_PLACEMENT_3D('',#2687,#2128,#2129);
#1814=AXIS2_PLACEMENT_3D('',#2691,#2131,#2132);
#1815=AXIS2_PLACEMENT_3D('',#2693,#2134,#2135);
#1816=AXIS2_PLACEMENT_3D('',#2695,#2137,#2138);
#1817=AXIS2_PLACEMENT_3D('',#2698,#2139,#2140);
#1818=AXIS2_PLACEMENT_3D('',#2701,#2143,#2144);
#1819=AXIS2_PLACEMENT_3D('',#2705,#2147,#2148);
#1820=AXIS2_PLACEMENT_3D('',#2707,#2149,#2150);
#1821=AXIS2_PLACEMENT_3D('',#2709,#2152,#2153);
#1822=AXIS2_PLACEMENT_3D('',#2712,#2155,#2156);
#1823=AXIS2_PLACEMENT_3D('',#2713,#2157,#2158);
#1824=AXIS2_PLACEMENT_3D('',#2715,#2160,#2161);
#1825=AXIS2_PLACEMENT_3D('',#2719,#2163,#2164);
#1826=AXIS2_PLACEMENT_3D('',#2721,#2166,#2167);
#1827=AXIS2_PLACEMENT_3D('',#2725,#2170,#2171);
#1828=AXIS2_PLACEMENT_3D('',#2727,#2172,#2173);
#1829=AXIS2_PLACEMENT_3D('',#2729,#2175,#2176);
#1830=AXIS2_PLACEMENT_3D('',#2732,#2177,#2178);
#1831=AXIS2_PLACEMENT_3D('',#2735,#2181,#2182);
#1832=AXIS2_PLACEMENT_3D('',#2739,#2185,#2186);
#1833=AXIS2_PLACEMENT_3D('',#2742,#2188,#2189);
#1834=AXIS2_PLACEMENT_3D('',#2743,#2190,#2191);
#1835=AXIS2_PLACEMENT_3D('',#2747,#2194,#2195);
#1836=AXIS2_PLACEMENT_3D('',#2749,#2196,#2197);
#1837=AXIS2_PLACEMENT_3D('',#2751,#2199,#2200);
#1838=AXIS2_PLACEMENT_3D('',#2769,#2210,#2211);
#1839=AXIS2_PLACEMENT_3D('',#2775,#2214,#2215);
#1840=AXIS2_PLACEMENT_3D('',#2779,#2217,#2218);
#1841=AXIS2_PLACEMENT_3D('',#2783,#2220,#2221);
#1842=AXIS2_PLACEMENT_3D('',#2787,#2223,#2224);
#1843=AXIS2_PLACEMENT_3D('',#2791,#2226,#2227);
#1844=AXIS2_PLACEMENT_3D('',#2795,#2229,#2230);
#1845=AXIS2_PLACEMENT_3D('',#2801,#2234,#2235);
#1846=AXIS2_PLACEMENT_3D('',#2803,#2237,#2238);
#1847=AXIS2_PLACEMENT_3D('',#2806,#2241,#2242);
#1848=AXIS2_PLACEMENT_3D('',#2808,#2244,#2245);
#1849=AXIS2_PLACEMENT_3D('',#2811,#2248,#2249);
#1850=AXIS2_PLACEMENT_3D('',#2813,#2251,#2252);
#1851=AXIS2_PLACEMENT_3D('',#2815,#2254,#2255);
#1852=AXIS2_PLACEMENT_3D('',#2817,#2257,#2258);
#1853=AXIS2_PLACEMENT_3D('',#2819,#2260,#2261);
#1854=AXIS2_PLACEMENT_3D('',#2822,#2264,#2265);
#1855=AXIS2_PLACEMENT_3D('',#2823,#2266,#2267);
#1856=AXIS2_PLACEMENT_3D('',#2826,#2270,#2271);
#1857=AXIS2_PLACEMENT_3D('',#2828,#2273,#2274);
#1858=AXIS2_PLACEMENT_3D('',#2830,#2276,#2277);
#1859=AXIS2_PLACEMENT_3D('',#2832,#2279,#2280);
#1860=AXIS2_PLACEMENT_3D('',#2834,#2281,#2282);
#1861=AXIS2_PLACEMENT_3D('',#2837,#2284,#2285);
#1862=AXIS2_PLACEMENT_3D('',#2838,#2286,#2287);
#1863=AXIS2_PLACEMENT_3D('',#2844,#2291,#2292);
#1864=AXIS2_PLACEMENT_3D('',#2848,#2295,#2296);
#1865=AXIS2_PLACEMENT_3D('',#2849,#2297,#2298);
#1866=AXIS2_PLACEMENT_3D('',#2850,#2299,#2300);
#1867=AXIS2_PLACEMENT_3D('',#2852,#2301,#2302);
#1868=AXIS2_PLACEMENT_3D('',#2853,#2303,#2304);
#1869=AXIS2_PLACEMENT_3D('',#2854,#2305,#2306);
#1870=AXIS2_PLACEMENT_3D('',#2856,#2307,#2308);
#1871=AXIS2_PLACEMENT_3D('',#2858,#2310,#2311);
#1872=AXIS2_PLACEMENT_3D('',#2860,#2312,#2313);
#1873=AXIS2_PLACEMENT_3D('',#2862,#2314,#2315);
#1874=AXIS2_PLACEMENT_3D('',#2863,#2316,#2317);
#1875=AXIS2_PLACEMENT_3D('',#2864,#2318,#2319);
#1876=AXIS2_PLACEMENT_3D('',#2867,#2320,#2321);
#1877=AXIS2_PLACEMENT_3D('',#2870,#2324,#2325);
#1878=AXIS2_PLACEMENT_3D('',#2872,#2326,#2327);
#1879=AXIS2_PLACEMENT_3D('',#2874,#2329,#2330);
#1880=AXIS2_PLACEMENT_3D('',#2876,#2332,#2333);
#1881=AXIS2_PLACEMENT_3D('',#2880,#2336,#2337);
#1882=AXIS2_PLACEMENT_3D('',#2884,#2340,#2341);
#1883=AXIS2_PLACEMENT_3D('',#2887,#2343,#2344);
#1884=AXIS2_PLACEMENT_3D('',#2888,#2345,#2346);
#1885=AXIS2_PLACEMENT_3D('',#2889,#2347,#2348);
#1886=AXIS2_PLACEMENT_3D('',#2892,#2350,#2351);
#1887=AXIS2_PLACEMENT_3D('',#2893,#2352,#2353);
#1888=AXIS2_PLACEMENT_3D('',#2894,#2354,#2355);
#1889=AXIS2_PLACEMENT_3D('',#2897,#2357,#2358);
#1890=AXIS2_PLACEMENT_3D('',#2898,#2359,#2360);
#1891=AXIS2_PLACEMENT_3D('',#2899,#2361,#2362);
#1892=AXIS2_PLACEMENT_3D('',#2902,#2364,#2365);
#1893=AXIS2_PLACEMENT_3D('',#2903,#2366,#2367);
#1894=AXIS2_PLACEMENT_3D('',#2904,#2368,#2369);
#1895=AXIS2_PLACEMENT_3D('',#2906,#2371,#2372);
#1896=AXIS2_PLACEMENT_3D('',#2907,#2373,#2374);
#1897=AXIS2_PLACEMENT_3D('',#2908,#2375,#2376);
#1898=AXIS2_PLACEMENT_3D('',#2914,#2380,#2381);
#1899=AXIS2_PLACEMENT_3D('',#2916,#2383,#2384);
#1900=AXIS2_PLACEMENT_3D('',#2917,#2385,#2386);
#1901=AXIS2_PLACEMENT_3D('',#2918,#2387,#2388);
#1902=AXIS2_PLACEMENT_3D('',#2921,#2390,#2391);
#1903=AXIS2_PLACEMENT_3D('',#2922,#2392,#2393);
#1904=AXIS2_PLACEMENT_3D('',#2924,#2394,#2395);
#1905=AXIS2_PLACEMENT_3D('',#2928,#2397,#2398);
#1906=AXIS2_PLACEMENT_3D('',#2931,#2401,#2402);
#1907=AXIS2_PLACEMENT_3D('',#2933,#2404,#2405);
#1908=AXIS2_PLACEMENT_3D('',#2935,#2406,#2407);
#1909=AXIS2_PLACEMENT_3D('',#2936,#2408,#2409);
#1910=AXIS2_PLACEMENT_3D('',#2937,#2410,#2411);
#1911=AXIS2_PLACEMENT_3D('',#2939,#2413,#2414);
#1912=AXIS2_PLACEMENT_3D('',#2941,#2415,#2416);
#1913=AXIS2_PLACEMENT_3D('',#2942,#2417,#2418);
#1914=AXIS2_PLACEMENT_3D('',#2943,#2419,#2420);
#1915=AXIS2_PLACEMENT_3D('',#2945,#2422,#2423);
#1916=AXIS2_PLACEMENT_3D('',#2947,#2425,#2426);
#1917=AXIS2_PLACEMENT_3D('',#2948,#2427,#2428);
#1918=AXIS2_PLACEMENT_3D('',#2950,#2430,#2431);
#1919=AXIS2_PLACEMENT_3D('',#2951,#2432,#2433);
#1920=AXIS2_PLACEMENT_3D('',#2952,#2434,#2435);
#1921=AXIS2_PLACEMENT_3D('',#2953,#2436,#2437);
#1922=AXIS2_PLACEMENT_3D('',#2954,#2438,#2439);
#1923=AXIS2_PLACEMENT_3D('',#2955,#2440,#2441);
#1924=AXIS2_PLACEMENT_3D('',#2958,#2443,#2444);
#1925=AXIS2_PLACEMENT_3D('',#2959,#2445,#2446);
#1926=AXIS2_PLACEMENT_3D('',#2960,#2447,#2448);
#1927=AXIS2_PLACEMENT_3D('',#2963,#2450,#2451);
#1928=AXIS2_PLACEMENT_3D('',#2964,#2452,#2453);
#1929=AXIS2_PLACEMENT_3D('',#2965,#2454,#2455);
#1930=AXIS2_PLACEMENT_3D('',#2968,#2457,#2458);
#1931=AXIS2_PLACEMENT_3D('',#2969,#2459,#2460);
#1932=AXIS2_PLACEMENT_3D('',#2970,#2461,#2462);
#1933=AXIS2_PLACEMENT_3D('',#2973,#2464,#2465);
#1934=AXIS2_PLACEMENT_3D('',#2974,#2466,#2467);
#1935=AXIS2_PLACEMENT_3D('',#2975,#2468,#2469);
#1936=AXIS2_PLACEMENT_3D('',#2976,#2470,#2471);
#1937=AXIS2_PLACEMENT_3D('',#2977,#2472,#2473);
#1938=DIRECTION('axis',(0.,0.,1.));
#1939=DIRECTION('refdir',(1.,0.,0.));
#1940=DIRECTION('axis',(0.,0.,1.));
#1941=DIRECTION('refdir',(1.,0.,0.));
#1942=DIRECTION('center_axis',(2.73691106313441E-46,9.56049382076764E-32,
1.));
#1943=DIRECTION('ref_axis',(-0.707106637937398,-0.707106924435668,0.));
#1944=DIRECTION('center_axis',(-2.44929359829471E-16,4.58033774020967E-32,
-1.));
#1945=DIRECTION('ref_axis',(-0.707106637937398,-0.707106924435668,0.));
#1946=DIRECTION('',(-2.73691106313441E-46,-9.56049382076764E-32,-1.));
#1947=DIRECTION('center_axis',(-2.44929359829471E-16,4.58033774020967E-32,
-1.));
#1948=DIRECTION('ref_axis',(-0.707106637937398,-0.707106924435668,0.));
#1949=DIRECTION('',(2.73691106313441E-46,9.56049382076764E-32,1.));
#1950=DIRECTION('center_axis',(-2.44929359829471E-16,4.58033774020967E-32,
-1.));
#1951=DIRECTION('ref_axis',(1.,-1.4791141972894E-31,-2.44929359829471E-16));
#1952=DIRECTION('',(-9.86076131526266E-32,-1.,4.98015608055799E-32));
#1953=DIRECTION('center_axis',(-2.44929359829471E-16,4.58033774020967E-32,
-1.));
#1954=DIRECTION('ref_axis',(-0.707106781186648,0.707106781186447,0.));
#1955=DIRECTION('',(-1.,9.86076131526266E-32,2.44929359829471E-16));
#1956=DIRECTION('',(-1.,1.4791141972894E-31,2.44929359829471E-16));
#1957=DIRECTION('center_axis',(-2.44929359829471E-16,4.58033774020967E-32,
-1.));
#1958=DIRECTION('ref_axis',(0.707106781186673,0.707106781186422,0.));
#1959=DIRECTION('',(-2.01975129239271E-16,1.,9.52730165081459E-32));
#1960=DIRECTION('center_axis',(-2.44929359829471E-16,4.58033774020967E-32,
-1.));
#1961=DIRECTION('ref_axis',(0.707106924435585,-0.707106637937481,0.));
#1962=DIRECTION('',(0.999999999999918,4.05169762323528E-7,-3.781384571565E-16));
#1963=DIRECTION('',(0.999999999999918,4.05169762323528E-7,-3.781384571565E-16));
#1964=DIRECTION('center_axis',(-2.44929359829471E-16,4.58033774020967E-32,
-1.));
#1965=DIRECTION('ref_axis',(0.707106781186548,0.707106781186548,-1.64839103273887E-16));
#1966=DIRECTION('',(-3.90336782304255E-16,1.,1.41408315609773E-31));
#1967=DIRECTION('center_axis',(-2.44929359829471E-16,4.58033774020967E-32,
-1.));
#1968=DIRECTION('ref_axis',(-0.707106781186472,-0.707106781186623,0.));
#1969=DIRECTION('',(-1.,-3.90336782304255E-16,2.44929359829471E-16));
#1970=DIRECTION('center_axis',(-2.44929359829471E-16,4.58033774020967E-32,
-1.));
#1971=DIRECTION('ref_axis',(0.707106781186472,-0.707106781186623,0.));
#1972=DIRECTION('',(3.90336782304255E-16,-1.,-1.41408315609773E-31));
#1973=DIRECTION('center_axis',(2.44929359829471E-16,-4.58033774020967E-32,
1.));
#1974=DIRECTION('ref_axis',(-0.707106781186472,-0.707106781186623,0.));
#1975=DIRECTION('',(3.90336782304255E-16,-1.,-1.41408315609773E-31));
#1976=DIRECTION('center_axis',(-2.44929359829471E-16,4.58033774020967E-32,
-1.));
#1977=DIRECTION('ref_axis',(0.707106781186472,0.707106781186623,0.));
#1978=DIRECTION('',(1.,3.90336782304255E-16,-2.44929359829471E-16));
#1979=DIRECTION('center_axis',(-2.44929359829471E-16,4.58033774020967E-32,
-1.));
#1980=DIRECTION('ref_axis',(-0.707106781186472,0.707106781186623,0.));
#1981=DIRECTION('',(-3.90336782304255E-16,1.,1.41408315609773E-31));
#1982=DIRECTION('center_axis',(2.44929359829471E-16,-4.58033774020967E-32,
1.));
#1983=DIRECTION('ref_axis',(0.707106781186472,-0.707106781186623,0.));
#1984=DIRECTION('',(1.,3.90336782304255E-16,-2.44929359829471E-16));
#1985=DIRECTION('center_axis',(-2.44929359829471E-16,4.58033774020967E-32,
-1.));
#1986=DIRECTION('ref_axis',(-0.707106781186497,0.707106781186598,0.));
#1987=DIRECTION('',(-3.90336782304255E-16,1.,1.41408315609773E-31));
#1988=DIRECTION('center_axis',(-2.44929359829471E-16,4.58033774020967E-32,
-1.));
#1989=DIRECTION('ref_axis',(-0.707106781186497,-0.707106781186598,0.));
#1990=DIRECTION('',(-1.,-3.90336782304255E-16,2.44929359829471E-16));
#1991=DIRECTION('center_axis',(-2.44929359829471E-16,4.58033774020967E-32,
-1.));
#1992=DIRECTION('ref_axis',(0.707106781186472,-0.707106781186623,0.));
#1993=DIRECTION('',(3.90336782304255E-16,-1.,-1.41408315609773E-31));
#1994=DIRECTION('center_axis',(-2.44929359829471E-16,4.58033774020967E-32,
-1.));
#1995=DIRECTION('ref_axis',(0.707106781186472,0.707106781186623,0.));
#1996=DIRECTION('',(1.,3.90336782304255E-16,-2.44929359829471E-16));
#1997=DIRECTION('center_axis',(-2.44929359829471E-16,4.58033774020967E-32,
-1.));
#1998=DIRECTION('ref_axis',(1.,-1.4791141972894E-31,-4.93038065763135E-32));
#1999=DIRECTION('center_axis',(-2.44929359829471E-16,4.58033774020967E-32,
-1.));
#2000=DIRECTION('ref_axis',(1.,-1.4791141972894E-31,-4.93038065763135E-32));
#2001=DIRECTION('center_axis',(-2.44929359829471E-16,4.58033774020967E-32,
-1.));
#2002=DIRECTION('ref_axis',(1.,-1.4791141972894E-31,-4.93038065763135E-32));
#2003=DIRECTION('center_axis',(-2.44929359829471E-16,4.58033774020967E-32,
-1.));
#2004=DIRECTION('ref_axis',(1.,-1.4791141972894E-31,-4.93038065763135E-32));
#2005=DIRECTION('center_axis',(-2.44929359829471E-16,-4.98015608055798E-32,
-1.));
#2006=DIRECTION('ref_axis',(1.,-9.86076131526266E-32,-2.73691106313427E-46));
#2007=DIRECTION('center_axis',(-2.44929359829471E-16,-4.98015608055798E-32,
-1.));
#2008=DIRECTION('ref_axis',(1.,-9.86076131526266E-32,-2.73691106313437E-46));
#2009=DIRECTION('center_axis',(-2.44929359829471E-16,-4.98015608055798E-32,
-1.));
#2010=DIRECTION('ref_axis',(1.,-9.86076131526266E-32,-2.73691106313437E-46));
#2011=DIRECTION('center_axis',(-2.44929359829471E-16,-4.98015608055798E-32,
-1.));
#2012=DIRECTION('ref_axis',(1.,-9.86076131526266E-32,-2.73691106313437E-46));
#2013=DIRECTION('center_axis',(2.44929359829471E-16,-4.58033774020967E-32,
1.));
#2014=DIRECTION('ref_axis',(-0.707106781186472,0.707106781186623,0.));
#2015=DIRECTION('',(-1.,-3.90336782304255E-16,2.44929359829471E-16));
#2016=DIRECTION('center_axis',(-2.44929359829471E-16,4.58033774020967E-32,
-1.));
#2017=DIRECTION('ref_axis',(0.707106781186472,-0.707106781186623,0.));
#2018=DIRECTION('',(3.90336782304255E-16,-1.,-1.41408315609773E-31));
#2019=DIRECTION('center_axis',(-2.44929359829471E-16,4.58033774020967E-32,
-1.));
#2020=DIRECTION('ref_axis',(0.707106781186472,0.707106781186623,0.));
#2021=DIRECTION('',(1.,3.90336782304255E-16,-2.44929359829471E-16));
#2022=DIRECTION('',(1.,3.90336782304255E-16,-2.44929359829471E-16));
#2023=DIRECTION('center_axis',(-2.44929359829471E-16,4.58033774020967E-32,
-1.));
#2024=DIRECTION('ref_axis',(-0.707106781186648,0.707106781186447,0.));
#2025=DIRECTION('',(-3.90336782304255E-16,1.,4.58033774020968E-32));
#2026=DIRECTION('center_axis',(-2.44929359829471E-16,4.58033774020967E-32,
-1.));
#2027=DIRECTION('ref_axis',(-0.707106781186447,-0.707106781186648,0.));
#2028=DIRECTION('',(-1.,-3.90336782304255E-16,2.44929359829471E-16));
#2029=DIRECTION('center_axis',(-2.44929359829471E-16,4.58033774020967E-32,
-1.));
#2030=DIRECTION('ref_axis',(0.707106781186648,-0.707106781186447,0.));
#2031=DIRECTION('',(4.66235390918701E-16,-1.,-6.43931750219806E-32));
#2032=DIRECTION('center_axis',(2.44929359829471E-16,-4.58033774020967E-32,
1.));
#2033=DIRECTION('ref_axis',(-0.707106781186447,0.707106781186648,0.));
#2034=DIRECTION('',(-1.,9.86076131526266E-32,2.44929359829471E-16));
#2035=DIRECTION('center_axis',(2.44929359829471E-16,-4.58033774020967E-32,
1.));
#2036=DIRECTION('ref_axis',(0.707106781186447,0.707106781186648,0.));
#2037=DIRECTION('',(9.86076131526266E-32,1.,-4.98015608055799E-32));
#2038=DIRECTION('center_axis',(-2.44929359829471E-16,4.58033774020967E-32,
-1.));
#2039=DIRECTION('ref_axis',(-0.707106781186698,-0.707106781186397,0.));
#2040=DIRECTION('',(-1.,-3.90336782304255E-16,2.44929359829471E-16));
#2041=DIRECTION('',(-1.,-3.90336782304255E-16,2.44929359829471E-16));
#2042=DIRECTION('center_axis',(-2.44929359829471E-16,4.58033774020967E-32,
-1.));
#2043=DIRECTION('ref_axis',(0.707106781186648,-0.707106781186447,0.));
#2044=DIRECTION('',(3.90336782304255E-16,-1.,-1.41408315609773E-31));
#2045=DIRECTION('center_axis',(2.44929359829471E-16,-4.58033774020967E-32,
1.));
#2046=DIRECTION('ref_axis',(-0.707106781186497,0.707106781186598,0.));
#2047=DIRECTION('',(-1.,-3.90336782304255E-16,2.44929359829471E-16));
#2048=DIRECTION('center_axis',(-2.44929359829471E-16,4.58033774020967E-32,
-1.));
#2049=DIRECTION('ref_axis',(0.707106781186472,-0.707106781186623,0.));
#2050=DIRECTION('',(3.90336782304255E-16,-1.,-1.41408315609773E-31));
#2051=DIRECTION('center_axis',(-1.,9.86076131526266E-32,2.73691106313441E-46));
#2052=DIRECTION('ref_axis',(-9.86076131526266E-32,-1.,4.98015608055799E-32));
#2053=DIRECTION('',(-9.86076131526266E-32,-1.,4.98015608055799E-32));
#2054=DIRECTION('',(-2.73691106313441E-46,-9.56049382076764E-32,-1.));
#2055=DIRECTION('center_axis',(2.73691106313441E-46,9.56049382076764E-32,
1.));
#2056=DIRECTION('ref_axis',(-0.707106781186648,0.707106781186447,0.));
#2057=DIRECTION('center_axis',(-2.44929359829471E-16,4.58033774020967E-32,
-1.));
#2058=DIRECTION('ref_axis',(-0.707106781186648,0.707106781186447,0.));
#2059=DIRECTION('',(2.73691106313441E-46,9.56049382076764E-32,1.));
#2060=DIRECTION('center_axis',(4.93038065763135E-32,-1.25897908904183E-46,
1.));
#2061=DIRECTION('ref_axis',(0.707106781186673,0.707106781186422,0.));
#2062=DIRECTION('',(-4.93038065763135E-32,1.25897908904183E-46,-1.));
#2063=DIRECTION('center_axis',(-2.44929359829471E-16,4.58033774020967E-32,
-1.));
#2064=DIRECTION('ref_axis',(0.707106781186673,0.707106781186422,0.));
#2065=DIRECTION('',(4.93038065763135E-32,-1.25897908904183E-46,1.));
#2066=DIRECTION('center_axis',(1.,2.01975129239271E-16,-4.93038065763135E-32));
#2067=DIRECTION('ref_axis',(-2.01975129239271E-16,1.,9.52730165081459E-32));
#2068=DIRECTION('',(-2.01975129239271E-16,1.,9.52730165081459E-32));
#2069=DIRECTION('',(-4.93038065763135E-32,1.25897908904193E-46,-1.));
#2070=DIRECTION('center_axis',(4.93038065763135E-32,-1.25897908904193E-46,
1.));
#2071=DIRECTION('ref_axis',(0.707106924435585,-0.707106637937481,0.));
#2072=DIRECTION('center_axis',(-2.44929359829471E-16,4.58033774020967E-32,
-1.));
#2073=DIRECTION('ref_axis',(0.707106924435585,-0.707106637937481,0.));
#2074=DIRECTION('',(4.93038065763135E-32,-1.25897908904193E-46,1.));
#2075=DIRECTION('center_axis',(2.44929359829471E-16,-4.39892537542683E-32,
1.));
#2076=DIRECTION('ref_axis',(0.707106781186472,-0.707106781186623,0.));
#2077=DIRECTION('',(2.44929359829471E-16,-4.39892537542683E-32,1.));
#2078=DIRECTION('center_axis',(2.44929359829471E-16,-4.58033774020967E-32,
1.));
#2079=DIRECTION('ref_axis',(0.707106781186472,-0.707106781186623,0.));
#2080=DIRECTION('',(-2.44929359829471E-16,4.39892537542683E-32,-1.));
#2081=DIRECTION('center_axis',(-3.90336782304255E-16,1.,1.39594191961945E-31));
#2082=DIRECTION('ref_axis',(-1.,-3.90336782304255E-16,2.44929359829471E-16));
#2083=DIRECTION('',(-2.44929359829471E-16,4.39892537542683E-32,-1.));
#2084=DIRECTION('',(1.,3.90336782304255E-16,-2.44929359829471E-16));
#2085=DIRECTION('center_axis',(2.44929359829471E-16,-4.39892537542683E-32,
1.));
#2086=DIRECTION('ref_axis',(-0.707106781186472,-0.707106781186623,0.));
#2087=DIRECTION('',(2.44929359829471E-16,-4.39892537542683E-32,1.));
#2088=DIRECTION('center_axis',(2.44929359829471E-16,-4.58033774020967E-32,
1.));
#2089=DIRECTION('ref_axis',(-0.707106781186472,-0.707106781186623,0.));
#2090=DIRECTION('center_axis',(1.,3.90336782304255E-16,-2.44929359829471E-16));
#2091=DIRECTION('ref_axis',(-3.90336782304255E-16,1.,1.39594191961945E-31));
#2092=DIRECTION('',(-2.44929359829471E-16,4.39892537542683E-32,-1.));
#2093=DIRECTION('',(3.90336782304255E-16,-1.,-1.41408315609773E-31));
#2094=DIRECTION('center_axis',(2.44929359829471E-16,-4.39892537542683E-32,
1.));
#2095=DIRECTION('ref_axis',(0.707106781186472,-0.707106781186623,0.));
#2096=DIRECTION('',(2.44929359829471E-16,-4.39892537542683E-32,1.));
#2097=DIRECTION('center_axis',(2.44929359829471E-16,-4.58033774020967E-32,
1.));
#2098=DIRECTION('ref_axis',(0.707106781186472,-0.707106781186623,0.));
#2099=DIRECTION('',(-2.44929359829471E-16,4.39892537542683E-32,-1.));
#2100=DIRECTION('center_axis',(-3.90336782304255E-16,1.,1.39594191961945E-31));
#2101=DIRECTION('ref_axis',(-1.,-3.90336782304255E-16,2.44929359829471E-16));
#2102=DIRECTION('',(-2.44929359829471E-16,4.39892537542683E-32,-1.));
#2103=DIRECTION('',(1.,3.90336782304255E-16,-2.44929359829471E-16));
#2104=DIRECTION('center_axis',(2.44929359829471E-16,-4.39892537542683E-32,
1.));
#2105=DIRECTION('ref_axis',(0.707106781186472,0.707106781186623,0.));
#2106=DIRECTION('',(2.44929359829471E-16,-4.39892537542683E-32,1.));
#2107=DIRECTION('center_axis',(2.44929359829471E-16,-4.58033774020967E-32,
1.));
#2108=DIRECTION('ref_axis',(0.707106781186472,0.707106781186623,0.));
#2109=DIRECTION('',(-2.44929359829471E-16,4.39892537542683E-32,-1.));
#2110=DIRECTION('center_axis',(-1.,-3.90336782304255E-16,2.44929359829471E-16));
#2111=DIRECTION('ref_axis',(3.90336782304255E-16,-1.,-1.39594191961945E-31));
#2112=DIRECTION('',(-3.90336782304255E-16,1.,1.41408315609773E-31));
#2113=DIRECTION('center_axis',(2.44929359829471E-16,-4.39892537542683E-32,
1.));
#2114=DIRECTION('ref_axis',(-0.707106781186472,-0.707106781186623,0.));
#2115=DIRECTION('center_axis',(-2.44929359829471E-16,4.58033774020967E-32,
-1.));
#2116=DIRECTION('ref_axis',(-0.707106781186472,-0.707106781186623,0.));
#2117=DIRECTION('',(-2.44929359829471E-16,4.39892537542683E-32,-1.));
#2118=DIRECTION('',(2.44929359829471E-16,-4.39892537542683E-32,1.));
#2119=DIRECTION('center_axis',(-1.,-3.90336782304255E-16,2.44929359829471E-16));
#2120=DIRECTION('ref_axis',(3.90336782304255E-16,-1.,-1.39594191961945E-31));
#2121=DIRECTION('',(-3.90336782304255E-16,1.,1.41408315609773E-31));
#2122=DIRECTION('',(2.44929359829471E-16,-4.39892537542683E-32,1.));
#2123=DIRECTION('center_axis',(2.44929359829471E-16,-4.39892537542683E-32,
1.));
#2124=DIRECTION('ref_axis',(0.707106781186472,0.707106781186623,0.));
#2125=DIRECTION('center_axis',(2.44929359829471E-16,-4.58033774020967E-32,
1.));
#2126=DIRECTION('ref_axis',(0.707106781186472,0.707106781186623,0.));
#2127=DIRECTION('',(-2.44929359829471E-16,4.39892537542683E-32,-1.));
#2128=DIRECTION('center_axis',(2.44929359829471E-16,-4.39892537542683E-32,
1.));
#2129=DIRECTION('ref_axis',(-0.707106781186472,0.707106781186623,0.));
#2130=DIRECTION('',(2.44929359829471E-16,-4.39892537542683E-32,1.));
#2131=DIRECTION('center_axis',(2.44929359829471E-16,-4.58033774020967E-32,
1.));
#2132=DIRECTION('ref_axis',(-0.707106781186472,0.707106781186623,0.));
#2133=DIRECTION('',(-2.44929359829471E-16,4.39892537542683E-32,-1.));
#2134=DIRECTION('center_axis',(3.90336782304255E-16,-1.,-1.39594191961945E-31));
#2135=DIRECTION('ref_axis',(1.,3.90336782304255E-16,-2.44929359829471E-16));
#2136=DIRECTION('',(-1.,-3.90336782304255E-16,2.44929359829471E-16));
#2137=DIRECTION('center_axis',(2.44929359829471E-16,-4.39892537542683E-32,
1.));
#2138=DIRECTION('ref_axis',(0.707106781186472,-0.707106781186623,0.));
#2139=DIRECTION('center_axis',(-2.44929359829471E-16,4.58033774020967E-32,
-1.));
#2140=DIRECTION('ref_axis',(0.707106781186472,-0.707106781186623,0.));
#2141=DIRECTION('',(-2.44929359829471E-16,4.39892537542683E-32,-1.));
#2142=DIRECTION('',(2.44929359829471E-16,-4.39892537542683E-32,1.));
#2143=DIRECTION('center_axis',(3.90336782304255E-16,-1.,-1.39594191961945E-31));
#2144=DIRECTION('ref_axis',(1.,3.90336782304255E-16,-2.44929359829471E-16));
#2145=DIRECTION('',(-1.,-3.90336782304255E-16,2.44929359829471E-16));
#2146=DIRECTION('',(2.44929359829471E-16,-4.39892537542683E-32,1.));
#2147=DIRECTION('center_axis',(2.44929359829471E-16,-4.39892537542683E-32,
1.));
#2148=DIRECTION('ref_axis',(-0.707106781186497,0.707106781186598,0.));
#2149=DIRECTION('center_axis',(2.44929359829471E-16,-4.58033774020967E-32,
1.));
#2150=DIRECTION('ref_axis',(-0.707106781186497,0.707106781186598,0.));
#2151=DIRECTION('',(-2.44929359829471E-16,4.39892537542683E-32,-1.));
#2152=DIRECTION('center_axis',(2.44929359829471E-16,-4.39892537542683E-32,
1.));
#2153=DIRECTION('ref_axis',(-0.707106781186497,-0.707106781186598,0.));
#2154=DIRECTION('',(2.44929359829471E-16,-4.39892537542683E-32,1.));
#2155=DIRECTION('center_axis',(2.44929359829471E-16,-4.58033774020967E-32,
1.));
#2156=DIRECTION('ref_axis',(-0.707106781186497,-0.707106781186598,0.));
#2157=DIRECTION('center_axis',(1.,3.90336782304255E-16,-2.44929359829471E-16));
#2158=DIRECTION('ref_axis',(-3.90336782304255E-16,1.,1.39594191961945E-31));
#2159=DIRECTION('',(3.90336782304255E-16,-1.,-1.41408315609773E-31));
#2160=DIRECTION('center_axis',(2.44929359829471E-16,-4.39892537542683E-32,
1.));
#2161=DIRECTION('ref_axis',(0.707106781186472,0.707106781186623,0.));
#2162=DIRECTION('',(2.44929359829471E-16,-4.39892537542683E-32,1.));
#2163=DIRECTION('center_axis',(2.44929359829471E-16,-4.58033774020967E-32,
1.));
#2164=DIRECTION('ref_axis',(0.707106781186472,0.707106781186623,0.));
#2165=DIRECTION('',(-2.44929359829471E-16,4.39892537542683E-32,-1.));
#2166=DIRECTION('center_axis',(-1.,-3.90336782304255E-16,2.44929359829471E-16));
#2167=DIRECTION('ref_axis',(3.90336782304255E-16,-1.,-1.39594191961945E-31));
#2168=DIRECTION('',(-2.44929359829471E-16,4.39892537542683E-32,-1.));
#2169=DIRECTION('',(-3.90336782304255E-16,1.,1.41408315609773E-31));
#2170=DIRECTION('center_axis',(-2.44929359829471E-16,4.39892537542683E-32,
-1.));
#2171=DIRECTION('ref_axis',(0.707106781186472,-0.707106781186623,0.));
#2172=DIRECTION('center_axis',(2.44929359829471E-16,-4.58033774020967E-32,
1.));
#2173=DIRECTION('ref_axis',(0.707106781186472,-0.707106781186623,0.));
#2174=DIRECTION('',(2.44929359829471E-16,-4.39892537542683E-32,1.));
#2175=DIRECTION('center_axis',(2.44929359829471E-16,-4.39892537542683E-32,
1.));
#2176=DIRECTION('ref_axis',(-0.707106781186472,0.707106781186623,0.));
#2177=DIRECTION('center_axis',(-2.44929359829471E-16,4.58033774020967E-32,
-1.));
#2178=DIRECTION('ref_axis',(-0.707106781186472,0.707106781186623,0.));
#2179=DIRECTION('',(-2.44929359829471E-16,4.39892537542683E-32,-1.));
#2180=DIRECTION('',(2.44929359829471E-16,-4.39892537542683E-32,1.));
#2181=DIRECTION('center_axis',(-1.,-3.90336782304255E-16,2.44929359829471E-16));
#2182=DIRECTION('ref_axis',(3.90336782304255E-16,-1.,-1.39594191961945E-31));
#2183=DIRECTION('',(-2.44929359829471E-16,4.39892537542683E-32,-1.));
#2184=DIRECTION('',(-3.90336782304255E-16,1.,1.41408315609773E-31));
#2185=DIRECTION('center_axis',(2.44929359829471E-16,-4.39892537542683E-32,
1.));
#2186=DIRECTION('ref_axis',(0.707106781186472,-0.707106781186623,0.));
#2187=DIRECTION('',(2.44929359829471E-16,-4.39892537542683E-32,1.));
#2188=DIRECTION('center_axis',(2.44929359829471E-16,-4.58033774020967E-32,
1.));
#2189=DIRECTION('ref_axis',(0.707106781186472,-0.707106781186623,0.));
#2190=DIRECTION('center_axis',(-3.90336782304255E-16,1.,1.39594191961945E-31));
#2191=DIRECTION('ref_axis',(-1.,-3.90336782304255E-16,2.44929359829471E-16));
#2192=DIRECTION('',(-2.44929359829471E-16,4.39892537542683E-32,-1.));
#2193=DIRECTION('',(1.,3.90336782304255E-16,-2.44929359829471E-16));
#2194=DIRECTION('center_axis',(2.44929359829471E-16,-4.39892537542683E-32,
1.));
#2195=DIRECTION('ref_axis',(-0.707106781186497,0.707106781186598,0.));
#2196=DIRECTION('center_axis',(-2.44929359829471E-16,4.58033774020967E-32,
-1.));
#2197=DIRECTION('ref_axis',(-0.707106781186497,0.707106781186598,0.));
#2198=DIRECTION('',(2.44929359829471E-16,-4.39892537542683E-32,1.));
#2199=DIRECTION('center_axis',(2.44929359829471E-16,-4.58033774020967E-32,
1.));
#2200=DIRECTION('ref_axis',(1.,3.90336782304255E-16,-2.44929359829471E-16));
#2201=DIRECTION('',(1.,3.90336782304255E-16,-2.44929359829471E-16));
#2202=DIRECTION('',(-1.22371444680313E-16,1.,-1.98292011986232E-32));
#2203=DIRECTION('',(-1.,-3.90336782304255E-16,2.44929359829471E-16));
#2204=DIRECTION('',(-1.,-3.90336782304255E-16,2.44929359829471E-16));
#2205=DIRECTION('',(3.90336782304255E-16,-1.,-1.41408315609773E-31));
#2206=DIRECTION('',(1.,3.90336782304255E-16,-2.44929359829471E-16));
#2207=DIRECTION('',(-1.,-3.90336782304255E-16,2.44929359829471E-16));
#2208=DIRECTION('',(3.90336782304255E-16,-1.,-1.41408315609773E-31));
#2209=DIRECTION('',(-3.90336782304255E-16,1.,1.41408315609773E-31));
#2210=DIRECTION('center_axis',(2.44929359829471E-16,-4.58033774020967E-32,
1.));
#2211=DIRECTION('ref_axis',(0.707106781186648,-0.707106781186447,0.));
#2212=DIRECTION('',(1.,3.90336782304255E-16,-2.44929359829471E-16));
#2213=DIRECTION('',(1.,3.90336782304255E-16,-2.44929359829471E-16));
#2214=DIRECTION('center_axis',(2.44929359829471E-16,-4.58033774020967E-32,
1.));
#2215=DIRECTION('ref_axis',(-0.707106781186698,-0.707106781186397,0.));
#2216=DIRECTION('',(-9.86076131526266E-32,-1.,4.98015608055799E-32));
#2217=DIRECTION('center_axis',(-2.44929359829471E-16,4.58033774020967E-32,
-1.));
#2218=DIRECTION('ref_axis',(0.707106781186447,0.707106781186648,0.));
#2219=DIRECTION('',(1.,-9.86076131526266E-32,-2.44929359829471E-16));
#2220=DIRECTION('center_axis',(-2.44929359829471E-16,4.58033774020967E-32,
-1.));
#2221=DIRECTION('ref_axis',(-0.707106781186447,0.707106781186648,0.));
#2222=DIRECTION('',(-4.66235390918701E-16,1.,6.43931750219806E-32));
#2223=DIRECTION('center_axis',(2.44929359829471E-16,-4.58033774020967E-32,
1.));
#2224=DIRECTION('ref_axis',(0.707106781186648,-0.707106781186447,0.));
#2225=DIRECTION('',(1.,3.90336782304255E-16,-2.44929359829471E-16));
#2226=DIRECTION('center_axis',(2.44929359829471E-16,-4.58033774020967E-32,
1.));
#2227=DIRECTION('ref_axis',(-0.707106781186447,-0.707106781186648,0.));
#2228=DIRECTION('',(3.90336782304255E-16,-1.,-4.58033774020968E-32));
#2229=DIRECTION('center_axis',(2.44929359829471E-16,-4.58033774020967E-32,
1.));
#2230=DIRECTION('ref_axis',(-0.707106781186648,0.707106781186447,0.));
#2231=DIRECTION('',(-1.,-3.90336782304255E-16,2.44929359829471E-16));
#2232=DIRECTION('',(-1.,-3.90336782304255E-16,2.44929359829471E-16));
#2233=DIRECTION('',(1.,3.90336782304255E-16,-2.44929359829471E-16));
#2234=DIRECTION('center_axis',(2.44929359829471E-16,-4.58033774020967E-32,
1.));
#2235=DIRECTION('ref_axis',(0.707106781186548,0.707106781186548,-1.64839103273887E-16));
#2236=DIRECTION('',(-3.90336782304255E-16,1.,1.41408315609773E-31));
#2237=DIRECTION('center_axis',(2.44929359829471E-16,-4.39892537542683E-32,
1.));
#2238=DIRECTION('ref_axis',(0.707106781186648,-0.707106781186447,0.));
#2239=DIRECTION('',(2.44929359829471E-16,-4.39892537542683E-32,1.));
#2240=DIRECTION('',(-2.44929359829471E-16,4.39892537542683E-32,-1.));
#2241=DIRECTION('center_axis',(-3.90336782304255E-16,1.,1.39594191961945E-31));
#2242=DIRECTION('ref_axis',(-1.,-3.90336782304255E-16,2.44929359829471E-16));
#2243=DIRECTION('',(2.44929359829471E-16,-4.39892537542682E-32,1.));
#2244=DIRECTION('center_axis',(1.09476442525376E-46,-4.39892537542683E-32,
1.));
#2245=DIRECTION('ref_axis',(-0.707106781186698,-0.707106781186397,0.));
#2246=DIRECTION('',(1.09476442525376E-46,-4.39892537542683E-32,1.));
#2247=DIRECTION('',(-1.09476442525376E-46,4.39892537542683E-32,-1.));
#2248=DIRECTION('center_axis',(1.,-9.86076131526266E-32,-1.09476442525376E-46));
#2249=DIRECTION('ref_axis',(9.86076131526266E-32,1.,-1.68464237776061E-31));
#2250=DIRECTION('',(-1.09476442525376E-46,-9.56049382076764E-32,-1.));
#2251=DIRECTION('center_axis',(1.09476442525376E-46,9.56049382076764E-32,
1.));
#2252=DIRECTION('ref_axis',(0.707106781186447,0.707106781186648,0.));
#2253=DIRECTION('',(1.09476442525376E-46,9.56049382076764E-32,1.));
#2254=DIRECTION('center_axis',(9.86076131526266E-32,1.,-9.56049382076764E-32));
#2255=DIRECTION('ref_axis',(-1.,9.86076131526266E-32,1.90865528014339E-16));
#2256=DIRECTION('',(-1.08692613796513E-46,-9.56049382076764E-32,-1.));
#2257=DIRECTION('center_axis',(1.08692613796513E-46,9.56049382076764E-32,
1.));
#2258=DIRECTION('ref_axis',(-0.707106781186447,0.707106781186648,0.));
#2259=DIRECTION('',(1.08692613796513E-46,9.56049382076764E-32,1.));
#2260=DIRECTION('center_axis',(-1.7377636645587E-46,4.39892537542683E-32,
-1.));
#2261=DIRECTION('ref_axis',(0.707106781186648,-0.707106781186447,0.));
#2262=DIRECTION('',(-1.7377636645587E-46,4.39892537542683E-32,-1.));
#2263=DIRECTION('',(1.7377636645587E-46,-4.39892537542683E-32,1.));
#2264=DIRECTION('center_axis',(-1.,-4.66235390918701E-16,1.53267019535527E-46));
#2265=DIRECTION('ref_axis',(4.66235390918701E-16,-1.,7.94759737093916E-32));
#2266=DIRECTION('center_axis',(2.44929359829471E-16,5.16156844534083E-32,
1.));
#2267=DIRECTION('ref_axis',(-0.707106781186447,-0.707106781186648,0.));
#2268=DIRECTION('',(2.44929359829471E-16,5.16156844534083E-32,1.));
#2269=DIRECTION('',(-2.44929359829471E-16,-5.16156844534083E-32,-1.));
#2270=DIRECTION('center_axis',(1.,3.90336782304255E-16,-2.44929359829471E-16));
#2271=DIRECTION('ref_axis',(-3.90336782304255E-16,1.,4.39892537542682E-32));
#2272=DIRECTION('',(-2.44929359829471E-16,-5.16156844534083E-32,-1.));
#2273=DIRECTION('center_axis',(2.44929359829471E-16,5.16156844534083E-32,
1.));
#2274=DIRECTION('ref_axis',(-0.707106781186648,0.707106781186447,0.));
#2275=DIRECTION('',(2.44929359829471E-16,5.16156844534083E-32,1.));
#2276=DIRECTION('center_axis',(3.90336782304255E-16,-1.,-4.39892537542683E-32));
#2277=DIRECTION('ref_axis',(1.,3.90336782304255E-16,-2.44929359829471E-16));
#2278=DIRECTION('',(-2.44929359829471E-16,4.39892537542682E-32,-1.));
#2279=DIRECTION('center_axis',(-1.,-3.90336782304255E-16,2.44929359829471E-16));
#2280=DIRECTION('ref_axis',(6.97261119368394E-32,0.707106781186519,0.707106781186576));
#2281=DIRECTION('center_axis',(1.,-2.74671455278453E-15,-2.44929359829471E-16));
#2282=DIRECTION('ref_axis',(1.39452223873681E-31,0.707106781186519,0.707106781186576));
#2283=DIRECTION('',(-1.,-3.90336782304255E-16,2.44929359829471E-16));
#2284=DIRECTION('center_axis',(-1.,9.86076131526266E-32,2.73691106313441E-46));
#2285=DIRECTION('ref_axis',(9.86076131526266E-32,1.,-9.56049382076764E-32));
#2286=DIRECTION('center_axis',(-3.90336782304255E-16,1.,4.39892537542683E-32));
#2287=DIRECTION('ref_axis',(-1.,-3.90336782304255E-16,2.44929359829471E-16));
#2288=DIRECTION('',(2.44929359829471E-16,-4.39892537542682E-32,1.));
#2289=DIRECTION('',(1.,3.90336782304255E-16,-2.44929359829471E-16));
#2290=DIRECTION('',(-2.44929359829471E-16,-5.16156844534083E-32,-1.));
#2291=DIRECTION('center_axis',(4.05169762323528E-7,-0.999999999999918,9.56049382076686E-32));
#2292=DIRECTION('ref_axis',(0.999999999999918,4.05169762323528E-7,-3.781384571565E-16));
#2293=DIRECTION('',(2.44929359829471E-16,9.92379705081687E-23,1.));
#2294=DIRECTION('',(0.999999999999918,4.05169762323528E-7,-2.44929359829451E-16));
#2295=DIRECTION('center_axis',(-3.90336782304255E-16,1.,4.39892537542683E-32));
#2296=DIRECTION('ref_axis',(-1.,-3.90336782304255E-16,2.44929359829471E-16));
#2297=DIRECTION('center_axis',(-3.90336782304255E-16,1.,4.39892537542683E-32));
#2298=DIRECTION('ref_axis',(-1.,-3.90336782304255E-16,2.44929359829471E-16));
#2299=DIRECTION('center_axis',(-0.816496580927741,-0.40824829046387,-0.408248290463826));
#2300=DIRECTION('ref_axis',(-0.577350269189586,0.577350269189681,0.57735026918961));
#2301=DIRECTION('center_axis',(2.73691106313441E-46,9.56049382076764E-32,
1.));
#2302=DIRECTION('ref_axis',(-1.,9.86076131526266E-32,2.73691106313447E-46));
#2303=DIRECTION('center_axis',(-5.92118946466763E-14,1.,-9.56049382076764E-32));
#2304=DIRECTION('ref_axis',(2.73691106313441E-46,9.56049382076764E-32,1.));
#2305=DIRECTION('center_axis',(2.44929359829471E-16,5.16156844534083E-32,
1.));
#2306=DIRECTION('ref_axis',(-0.707106781186506,0.707106781186589,-6.76029001215727E-32));
#2307=DIRECTION('center_axis',(2.44929359829471E-16,4.98015608055798E-32,
1.));
#2308=DIRECTION('ref_axis',(-0.707106781186506,0.707106781186589,-6.76029001215727E-32));
#2309=DIRECTION('',(2.44929359829471E-16,5.16156844534083E-32,1.));
#2310=DIRECTION('center_axis',(-0.408248290463863,-0.408248290463863,-0.816496580927726));
#2311=DIRECTION('ref_axis',(-0.577350269189681,-0.577350269189586,0.57735026918961));
#2312=DIRECTION('center_axis',(-9.86076131526266E-32,-1.,9.56049382076764E-32));
#2313=DIRECTION('ref_axis',(-1.,9.86076131526266E-32,2.73691106313447E-46));
#2314=DIRECTION('center_axis',(2.73691106313441E-46,9.56049382076764E-32,
1.));
#2315=DIRECTION('ref_axis',(-9.86076131526266E-32,-1.,9.56049382076764E-32));
#2316=DIRECTION('center_axis',(-1.,-5.92118946466763E-14,5.9336231848754E-45));
#2317=DIRECTION('ref_axis',(2.73691106313441E-46,9.56049382076764E-32,1.));
#2318=DIRECTION('center_axis',(2.44929359829471E-16,5.16156844534083E-32,
1.));
#2319=DIRECTION('ref_axis',(-0.707106781186547,-0.707106781186547,6.7602900121569E-32));
#2320=DIRECTION('center_axis',(2.44929359829471E-16,4.98015608055798E-32,
1.));
#2321=DIRECTION('ref_axis',(-0.707106781186547,-0.707106781186547,6.7602900121569E-32));
#2322=DIRECTION('',(2.44929359829471E-16,5.16156844534083E-32,1.));
#2323=DIRECTION('',(-2.44929359829471E-16,-5.16156844534083E-32,-1.));
#2324=DIRECTION('center_axis',(1.,3.90336782304255E-16,-2.44929359829471E-16));
#2325=DIRECTION('ref_axis',(-6.97261119368431E-32,-0.707106781186561,0.707106781186534));
#2326=DIRECTION('center_axis',(1.,2.84313753563838E-14,-2.44929359829471E-16));
#2327=DIRECTION('ref_axis',(-6.97261119368431E-32,-0.707106781186561,0.707106781186534));
#2328=DIRECTION('',(1.,3.90336782304255E-16,-2.44929359829471E-16));
#2329=DIRECTION('center_axis',(1.22371444680313E-16,-1.,1.98292011986232E-32));
#2330=DIRECTION('ref_axis',(-0.707106781186519,1.37329012058411E-31,0.707106781186576));
#2331=DIRECTION('',(1.22371444680313E-16,-1.,1.98292011986232E-32));
#2332=DIRECTION('center_axis',(3.90336782304255E-16,-1.,-4.39892537542683E-32));
#2333=DIRECTION('ref_axis',(1.,3.90336782304255E-16,-2.44929359829471E-16));
#2334=DIRECTION('',(-2.44929359829471E-16,4.39892537542682E-32,-1.));
#2335=DIRECTION('',(1.,3.90336782304255E-16,-2.44929359829471E-16));
#2336=DIRECTION('center_axis',(9.86076131526266E-32,1.,-9.56049382076764E-32));
#2337=DIRECTION('ref_axis',(-1.,9.86076131526266E-32,2.44929359829471E-16));
#2338=DIRECTION('',(-1.,9.86076131526266E-32,2.44929359829471E-16));
#2339=DIRECTION('',(-2.44929359829471E-16,1.6212575824986E-46,-1.));
#2340=DIRECTION('center_axis',(2.73691106313441E-46,9.56049382076764E-32,
1.));
#2341=DIRECTION('ref_axis',(1.,-9.86076131526266E-32,-2.73691106313437E-46));
#2342=DIRECTION('',(2.73691106313441E-46,9.56049382076764E-32,1.));
#2343=DIRECTION('center_axis',(2.44929359829471E-16,4.98015608055798E-32,
1.));
#2344=DIRECTION('ref_axis',(1.,-9.86076131526266E-32,-2.44929359829471E-16));
#2345=DIRECTION('center_axis',(-2.44929359829471E-16,-4.98015608055798E-32,
-1.));
#2346=DIRECTION('ref_axis',(1.,-9.86076131526266E-32,-2.44929359829471E-16));
#2347=DIRECTION('center_axis',(2.73691106313441E-46,9.56049382076764E-32,
1.));
#2348=DIRECTION('ref_axis',(1.,-9.86076131526266E-32,-2.73691106313427E-46));
#2349=DIRECTION('',(2.73691106313441E-46,9.56049382076764E-32,1.));
#2350=DIRECTION('center_axis',(2.44929359829471E-16,4.98015608055798E-32,
1.));
#2351=DIRECTION('ref_axis',(1.,-9.86076131526266E-32,-2.44929359829471E-16));
#2352=DIRECTION('center_axis',(-2.44929359829471E-16,-4.98015608055798E-32,
-1.));
#2353=DIRECTION('ref_axis',(1.,-9.86076131526266E-32,-2.44929359829471E-16));
#2354=DIRECTION('center_axis',(2.73691106313441E-46,9.56049382076764E-32,
1.));
#2355=DIRECTION('ref_axis',(1.,-9.86076131526266E-32,-2.73691106313437E-46));
#2356=DIRECTION('',(2.73691106313441E-46,9.56049382076764E-32,1.));
#2357=DIRECTION('center_axis',(2.44929359829471E-16,4.98015608055798E-32,
1.));
#2358=DIRECTION('ref_axis',(1.,-9.86076131526266E-32,-2.44929359829471E-16));
#2359=DIRECTION('center_axis',(-2.44929359829471E-16,-4.98015608055798E-32,
-1.));
#2360=DIRECTION('ref_axis',(1.,-9.86076131526266E-32,-2.44929359829471E-16));
#2361=DIRECTION('center_axis',(2.73691106313441E-46,9.56049382076764E-32,
1.));
#2362=DIRECTION('ref_axis',(1.,-9.86076131526266E-32,-2.73691106313437E-46));
#2363=DIRECTION('',(2.73691106313441E-46,9.56049382076764E-32,1.));
#2364=DIRECTION('center_axis',(2.44929359829471E-16,4.98015608055798E-32,
1.));
#2365=DIRECTION('ref_axis',(1.,-9.86076131526266E-32,-2.44929359829471E-16));
#2366=DIRECTION('center_axis',(-2.44929359829471E-16,-4.98015608055798E-32,
-1.));
#2367=DIRECTION('ref_axis',(1.,-9.86076131526266E-32,-2.44929359829471E-16));
#2368=DIRECTION('center_axis',(-1.,-1.22371444680313E-16,2.44929359829471E-16));
#2369=DIRECTION('ref_axis',(1.22371444680314E-16,-1.,5.42150065026722E-32));
#2370=DIRECTION('',(-1.22371444680314E-16,1.,-5.42150065026722E-32));
#2371=DIRECTION('center_axis',(-1.,-2.84313753563838E-14,2.44929359829471E-16));
#2372=DIRECTION('ref_axis',(-2.44929359829471E-16,-9.56049382076768E-32,
-1.));
#2373=DIRECTION('center_axis',(1.,2.84313753563838E-14,-2.44929359829471E-16));
#2374=DIRECTION('ref_axis',(-6.97261119368445E-32,-0.707106781186561,0.707106781186534));
#2375=DIRECTION('center_axis',(-3.90336782304255E-16,1.,1.39594191961945E-31));
#2376=DIRECTION('ref_axis',(-1.,-3.90336782304255E-16,2.44929359829471E-16));
#2377=DIRECTION('',(-1.,-3.90336782304255E-16,2.44929359829471E-16));
#2378=DIRECTION('',(2.44929359829471E-16,-4.39892537542683E-32,1.));
#2379=DIRECTION('',(1.,3.90336782304255E-16,-2.44929359829471E-16));
#2380=DIRECTION('center_axis',(1.4791141972894E-31,1.,1.25897908904183E-46));
#2381=DIRECTION('ref_axis',(-1.,1.4791141972894E-31,2.44929359829471E-16));
#2382=DIRECTION('',(-1.,1.4791141972894E-31,2.44929359829471E-16));
#2383=DIRECTION('center_axis',(-1.,-3.90336782304255E-16,2.44929359829471E-16));
#2384=DIRECTION('ref_axis',(1.39452223873681E-31,0.707106781186519,0.707106781186576));
#2385=DIRECTION('center_axis',(1.,-2.96059473233381E-14,-4.93038065763135E-32));
#2386=DIRECTION('ref_axis',(4.93038065763135E-32,-1.25897908904183E-46,
1.));
#2387=DIRECTION('center_axis',(1.,3.90336782304255E-16,-2.44929359829471E-16));
#2388=DIRECTION('ref_axis',(-6.97261119368445E-32,-0.707106781186561,0.707106781186534));
#2389=DIRECTION('',(1.,3.90336782304255E-16,-2.44929359829471E-16));
#2390=DIRECTION('center_axis',(1.,-1.4791141972894E-31,-4.93038065763135E-32));
#2391=DIRECTION('ref_axis',(-1.4791141972894E-31,-1.,-1.25897908904183E-46));
#2392=DIRECTION('center_axis',(2.44929359829471E-16,-4.58033774020967E-32,
1.));
#2393=DIRECTION('ref_axis',(1.,3.90336782304255E-16,-2.44929359829471E-16));
#2394=DIRECTION('center_axis',(2.44929359829471E-16,-4.58033774020967E-32,
1.));
#2395=DIRECTION('ref_axis',(0.707106781186568,0.707106781186527,-3.48630559684221E-32));
#2396=DIRECTION('',(3.90336782304255E-16,-1.,-1.39594191961945E-31));
#2397=DIRECTION('center_axis',(2.44929359829471E-16,-4.58033774020967E-32,
1.));
#2398=DIRECTION('ref_axis',(0.707106781186537,-0.707106781186558,-3.48630559684207E-32));
#2399=DIRECTION('',(1.,3.90336782304255E-16,-2.44929359829471E-16));
#2400=DIRECTION('',(0.999999999999918,4.05169762323528E-7,-2.44929359829451E-16));
#2401=DIRECTION('center_axis',(3.90336782304255E-16,-1.,-1.39594191961945E-31));
#2402=DIRECTION('ref_axis',(1.,3.90336782304255E-16,-2.44929359829471E-16));
#2403=DIRECTION('',(-2.44929359829471E-16,4.39892537542683E-32,-1.));
#2404=DIRECTION('center_axis',(0.408248290463853,-0.81649658092773,0.408248290463865));
#2405=DIRECTION('ref_axis',(0.577350269189625,0.577350269189601,0.577350269189651));
#2406=DIRECTION('center_axis',(1.4791141972894E-31,1.,1.25897908904183E-46));
#2407=DIRECTION('ref_axis',(1.,-1.4791141972894E-31,-4.93038065763135E-32));
#2408=DIRECTION('center_axis',(4.93038065763135E-32,-1.25897908904183E-46,
1.));
#2409=DIRECTION('ref_axis',(1.4791141972894E-31,1.,1.25897908904183E-46));
#2410=DIRECTION('center_axis',(2.44929359829471E-16,-4.39892537542683E-32,
1.));
#2411=DIRECTION('ref_axis',(0.707106781186568,0.707106781186527,-3.48630559684221E-32));
#2412=DIRECTION('',(-2.44929359829471E-16,4.39892537542683E-32,-1.));
#2413=DIRECTION('center_axis',(-0.816496580927747,-0.408248290463862,0.408248290463823));
#2414=DIRECTION('ref_axis',(0.577350269189599,-0.57735026918967,0.577350269189608));
#2415=DIRECTION('center_axis',(4.93038065763135E-32,-1.25897908904183E-46,
1.));
#2416=DIRECTION('ref_axis',(1.,-1.4791141972894E-31,-4.93038065763135E-32));
#2417=DIRECTION('center_axis',(5.92118946466745E-14,-1.,-3.04526970958087E-45));
#2418=DIRECTION('ref_axis',(4.93038065763135E-32,-1.25897908904183E-46,
1.));
#2419=DIRECTION('center_axis',(2.44929359829471E-16,-4.39892537542683E-32,
1.));
#2420=DIRECTION('ref_axis',(0.707106781186537,-0.707106781186558,-3.48630559684207E-32));
#2421=DIRECTION('',(2.44929359829471E-16,-4.39892537542683E-32,1.));
#2422=DIRECTION('center_axis',(-3.90336782304255E-16,1.,1.41408315609773E-31));
#2423=DIRECTION('ref_axis',(0.70710678118655,-1.04589167905264E-31,0.707106781186545));
#2424=DIRECTION('',(-3.90336782304255E-16,1.,1.41408315609773E-31));
#2425=DIRECTION('center_axis',(1.,3.90336782304255E-16,-2.44929359829471E-16));
#2426=DIRECTION('ref_axis',(-3.90336782304255E-16,1.,1.39594191961945E-31));
#2427=DIRECTION('center_axis',(2.44929359829471E-16,-4.39892537542683E-32,
1.));
#2428=DIRECTION('ref_axis',(0.707106781186548,0.707106781186548,-1.64839103273887E-16));
#2429=DIRECTION('',(2.44929359829471E-16,-4.39892537542683E-32,1.));
#2430=DIRECTION('center_axis',(-1.,-3.90336782304255E-16,2.44929359829471E-16));
#2431=DIRECTION('ref_axis',(3.90336782304255E-16,-1.,-1.39594191961945E-31));
#2432=DIRECTION('center_axis',(4.05169762323528E-7,-0.999999999999918,-1.9976411718068E-38));
#2433=DIRECTION('ref_axis',(0.999999999999918,4.05169762323528E-7,-3.781384571565E-16));
#2434=DIRECTION('center_axis',(3.90336782304255E-16,-1.,-1.39594191961945E-31));
#2435=DIRECTION('ref_axis',(1.,3.90336782304255E-16,-2.44929359829471E-16));
#2436=DIRECTION('center_axis',(3.90336782304255E-16,-1.,-1.39594191961945E-31));
#2437=DIRECTION('ref_axis',(1.,3.90336782304255E-16,-2.44929359829471E-16));
#2438=DIRECTION('center_axis',(-3.90336782304255E-16,1.,1.39594191961945E-31));
#2439=DIRECTION('ref_axis',(-1.,-3.90336782304255E-16,2.44929359829471E-16));
#2440=DIRECTION('center_axis',(4.93038065763135E-32,-1.25897908904183E-46,
1.));
#2441=DIRECTION('ref_axis',(1.,-1.4791141972894E-31,-4.93038065763135E-32));
#2442=DIRECTION('',(4.93038065763135E-32,-1.25897908904183E-46,1.));
#2443=DIRECTION('center_axis',(2.44929359829471E-16,-4.58033774020967E-32,
1.));
#2444=DIRECTION('ref_axis',(1.,-1.4791141972894E-31,-2.44929359829471E-16));
#2445=DIRECTION('center_axis',(-2.44929359829471E-16,4.58033774020967E-32,
-1.));
#2446=DIRECTION('ref_axis',(1.,-1.4791141972894E-31,-2.44929359829471E-16));
#2447=DIRECTION('center_axis',(4.93038065763135E-32,-1.25897908904183E-46,
1.));
#2448=DIRECTION('ref_axis',(1.,-1.4791141972894E-31,-4.93038065763135E-32));
#2449=DIRECTION('',(4.93038065763135E-32,-1.25897908904183E-46,1.));
#2450=DIRECTION('center_axis',(2.44929359829471E-16,-4.58033774020967E-32,
1.));
#2451=DIRECTION('ref_axis',(1.,-1.4791141972894E-31,-2.44929359829471E-16));
#2452=DIRECTION('center_axis',(-2.44929359829471E-16,4.58033774020967E-32,
-1.));
#2453=DIRECTION('ref_axis',(1.,-1.4791141972894E-31,-2.44929359829471E-16));
#2454=DIRECTION('center_axis',(4.93038065763135E-32,-1.25897908904183E-46,
1.));
#2455=DIRECTION('ref_axis',(1.,-1.4791141972894E-31,-4.93038065763135E-32));
#2456=DIRECTION('',(4.93038065763135E-32,-1.25897908904183E-46,1.));
#2457=DIRECTION('center_axis',(2.44929359829471E-16,-4.58033774020967E-32,
1.));
#2458=DIRECTION('ref_axis',(1.,-1.4791141972894E-31,-2.44929359829471E-16));
#2459=DIRECTION('center_axis',(-2.44929359829471E-16,4.58033774020967E-32,
-1.));
#2460=DIRECTION('ref_axis',(1.,-1.4791141972894E-31,-2.44929359829471E-16));
#2461=DIRECTION('center_axis',(4.93038065763135E-32,-1.25897908904183E-46,
1.));
#2462=DIRECTION('ref_axis',(1.,-1.4791141972894E-31,-4.93038065763135E-32));
#2463=DIRECTION('',(4.93038065763135E-32,-1.25897908904183E-46,1.));
#2464=DIRECTION('center_axis',(2.44929359829471E-16,-4.58033774020967E-32,
1.));
#2465=DIRECTION('ref_axis',(1.,-1.4791141972894E-31,-2.44929359829471E-16));
#2466=DIRECTION('center_axis',(-2.44929359829471E-16,4.58033774020967E-32,
-1.));
#2467=DIRECTION('ref_axis',(1.,-1.4791141972894E-31,-2.44929359829471E-16));
#2468=DIRECTION('center_axis',(1.,3.90336782304255E-16,-2.44929359829471E-16));
#2469=DIRECTION('ref_axis',(-3.90336782304255E-16,1.,1.39594191961945E-31));
#2470=DIRECTION('center_axis',(-1.,-3.90336782304255E-16,2.44929359829471E-16));
#2471=DIRECTION('ref_axis',(3.90336782304255E-16,-1.,-1.39594191961945E-31));
#2472=DIRECTION('',(0.,0.,1.));
#2473=DIRECTION('',(1.,0.,0.));
#2474=CARTESIAN_POINT('',(0.,0.,0.));
#2475=CARTESIAN_POINT('',(0.,0.,0.));
#2476=CARTESIAN_POINT('Origin',(-365.37489296943,-920.355787887598,9.9254615164101));
#2477=CARTESIAN_POINT('',(-365.374892766845,-920.855787887598,12.3254615164101));
#2478=CARTESIAN_POINT('',(-365.874892969429,-920.355787887598,12.3254615164101));
#2479=CARTESIAN_POINT('Origin',(-365.37489296943,-920.355787887598,12.3254615164134));
#2480=CARTESIAN_POINT('',(-365.374892766845,-920.855787887598,9.92546151641009));
#2481=CARTESIAN_POINT('',(-365.374892766845,-920.855787887598,9.9254615164101));
#2482=CARTESIAN_POINT('',(-365.874892969429,-920.355787887598,9.92546151641009));
#2483=CARTESIAN_POINT('Origin',(-365.37489296943,-920.355787887598,9.92546151641339));
#2484=CARTESIAN_POINT('',(-365.874892969429,-920.355787887598,9.9254615164101));
#2485=CARTESIAN_POINT('Origin',(-233.79375,-876.881056565949,12.3254615164134));
#2486=CARTESIAN_POINT('',(-365.874892969429,-833.406395120754,12.3254615164101));
#2487=CARTESIAN_POINT('',(-365.874892969429,-920.855788090183,12.3254615164101));
#2488=CARTESIAN_POINT('',(-365.37489296943,-832.906395120754,12.3254615164101));
#2489=CARTESIAN_POINT('Origin',(-365.37489296943,-833.406395120754,12.3254615164134));
#2490=CARTESIAN_POINT('',(-177.475,-832.906413596519,12.3254615164134));
#2491=CARTESIAN_POINT('',(-365.874892969429,-832.906395120754,12.3254615164101));
#2492=CARTESIAN_POINT('',(-102.212607030571,-832.906413596519,12.3254615164133));
#2493=CARTESIAN_POINT('',(-365.874892969429,-832.906413596519,12.3254615164134));
#2494=CARTESIAN_POINT('',(-101.712607030571,-833.406413596519,12.3254615164133));
#2495=CARTESIAN_POINT('Origin',(-102.212607030571,-833.406413596519,12.3254615164134));
#2496=CARTESIAN_POINT('',(-101.712607030571,-920.355699737963,12.3254615164133));
#2497=CARTESIAN_POINT('',(-101.712607030571,-832.906413596519,12.3254615164133));
#2498=CARTESIAN_POINT('',(-102.212606827986,-920.855699737963,12.3254615164134));
#2499=CARTESIAN_POINT('Origin',(-102.212607030571,-920.355699737963,12.3254615164134));
#2500=CARTESIAN_POINT('',(-290.112499999999,-920.855775869318,12.3254615164134));
#2501=CARTESIAN_POINT('',(-107.587489901389,-920.855701915703,12.3254615164134));
#2502=CARTESIAN_POINT('',(-107.587489901389,-920.855683439937,12.32546151641));
#2503=CARTESIAN_POINT('',(-127.4375,-848.306306565949,12.3254615164134));
#2504=CARTESIAN_POINT('',(-106.7875,-848.306306565949,12.3254615164134));
#2505=CARTESIAN_POINT('Origin',(-117.1125,-848.306306565949,12.3254615164134));
#2506=CARTESIAN_POINT('',(-127.4375,-896.231306565949,12.3254615164134));
#2507=CARTESIAN_POINT('',(-127.4375,-886.406181565949,12.3254615164134));
#2508=CARTESIAN_POINT('',(-126.9375,-896.731306565949,12.3254615164134));
#2509=CARTESIAN_POINT('Origin',(-126.9375,-896.231306565949,12.3254615164134));
#2510=CARTESIAN_POINT('',(-107.2875,-896.731306565949,12.3254615164134));
#2511=CARTESIAN_POINT('',(-170.690625,-896.731306565949,12.3254615164134));
#2512=CARTESIAN_POINT('',(-106.7875,-896.231306565949,12.3254615164134));
#2513=CARTESIAN_POINT('Origin',(-107.2875,-896.231306565949,12.3254615164134));
#2514=CARTESIAN_POINT('',(-106.7875,-857.831181565949,12.3254615164134));
#2515=CARTESIAN_POINT('',(-130.6,-899.393806565949,12.3254615164134));
#2516=CARTESIAN_POINT('',(-130.1,-899.893806565949,12.3254615164134));
#2517=CARTESIAN_POINT('Origin',(-130.1,-899.393806565949,12.3254615164134));
#2518=CARTESIAN_POINT('',(-130.6,-881.343806565949,12.3254615164134));
#2519=CARTESIAN_POINT('',(-130.6,-879.262431565949,12.3254615164134));
#2520=CARTESIAN_POINT('',(-131.1,-880.843806565949,12.3254615164134));
#2521=CARTESIAN_POINT('Origin',(-131.1,-881.343806565949,12.3254615164134));
#2522=CARTESIAN_POINT('',(-150.75,-880.843806565949,12.3254615164134));
#2523=CARTESIAN_POINT('',(-192.121875,-880.843806565949,12.3254615164134));
#2524=CARTESIAN_POINT('',(-151.25,-881.343806565949,12.3254615164134));
#2525=CARTESIAN_POINT('Origin',(-150.75,-881.343806565949,12.3254615164134));
#2526=CARTESIAN_POINT('',(-151.25,-899.393806565949,12.3254615164134));
#2527=CARTESIAN_POINT('',(-151.25,-888.787431565949,12.3254615164134));
#2528=CARTESIAN_POINT('',(-151.75,-899.893806565949,12.3254615164134));
#2529=CARTESIAN_POINT('Origin',(-151.75,-899.393806565949,12.3254615164134));
#2530=CARTESIAN_POINT('',(-169.8,-899.893806565949,12.3254615164134));
#2531=CARTESIAN_POINT('',(-201.646875,-899.893806565949,12.3254615164134));
#2532=CARTESIAN_POINT('',(-170.3,-900.393806565949,12.3254615164134));
#2533=CARTESIAN_POINT('Origin',(-169.8,-900.393806565949,12.3254615164134));
#2534=CARTESIAN_POINT('',(-170.3,-920.043806565949,12.3254615164134));
#2535=CARTESIAN_POINT('',(-170.3,-898.312431565949,12.3254615164134));
#2536=CARTESIAN_POINT('',(-169.8,-920.543806565949,12.3254615164134));
#2537=CARTESIAN_POINT('Origin',(-169.8,-920.043806565949,12.3254615164134));
#2538=CARTESIAN_POINT('',(-112.05,-920.543806565949,12.3254615164134));
#2539=CARTESIAN_POINT('',(-173.071875,-920.543806565949,12.3254615164134));
#2540=CARTESIAN_POINT('',(-111.55,-920.043806565949,12.3254615164134));
#2541=CARTESIAN_POINT('Origin',(-112.05,-920.043806565949,12.3254615164134));
#2542=CARTESIAN_POINT('',(-111.55,-900.393806565949,12.3254615164134));
#2543=CARTESIAN_POINT('',(-111.55,-888.787431565949,12.3254615164134));
#2544=CARTESIAN_POINT('',(-112.05,-899.893806565949,12.3254615164134));
#2545=CARTESIAN_POINT('Origin',(-112.05,-900.393806565949,12.3254615164134));
#2546=CARTESIAN_POINT('',(-182.596875,-899.893806565949,12.3254615164134));
#2547=CARTESIAN_POINT('',(-278.1085,-918.718556565949,12.3254615164134));
#2548=CARTESIAN_POINT('Origin',(-277.1085,-918.718556565949,12.3254615164134));
#2549=CARTESIAN_POINT('',(-191.479,-918.718306565949,12.3254615164134));
#2550=CARTESIAN_POINT('Origin',(-190.479,-918.718306565949,12.3254615164134));
#2551=CARTESIAN_POINT('',(-104.85,-918.718306565949,12.3254615164134));
#2552=CARTESIAN_POINT('Origin',(-103.85,-918.718306565949,12.3254615164134));
#2553=CARTESIAN_POINT('',(-104.85,-835.043806565949,12.3254615164134));
#2554=CARTESIAN_POINT('Origin',(-103.85,-835.043806565949,12.3254615164134));
#2555=CARTESIAN_POINT('',(-191.479,-835.043788090183,12.32546151641));
#2556=CARTESIAN_POINT('Origin',(-190.479,-835.043788090183,12.3254615164101));
#2557=CARTESIAN_POINT('',(-278.1085,-835.043788090183,12.3254615164101));
#2558=CARTESIAN_POINT('Origin',(-277.1085,-835.043788090183,12.3254615164101));
#2559=CARTESIAN_POINT('',(-364.7375,-835.043788090183,12.3254615164101));
#2560=CARTESIAN_POINT('Origin',(-363.7375,-835.043788090183,12.3254615164101));
#2561=CARTESIAN_POINT('',(-364.7375,-918.718538090183,12.3254615164101));
#2562=CARTESIAN_POINT('Origin',(-363.7375,-918.718538090183,12.3254615164101));
#2563=CARTESIAN_POINT('',(-153.9125,-877.681306565949,12.3254615164134));
#2564=CARTESIAN_POINT('',(-154.4125,-878.181306565949,12.3254615164134));
#2565=CARTESIAN_POINT('Origin',(-153.9125,-878.181306565949,12.3254615164134));
#2566=CARTESIAN_POINT('',(-131.1,-877.681306565949,12.3254615164134));
#2567=CARTESIAN_POINT('',(-180.215625,-877.681306565949,12.3254615164134));
#2568=CARTESIAN_POINT('',(-130.6,-877.181306565948,12.3254615164134));
#2569=CARTESIAN_POINT('Origin',(-131.1,-877.181306565948,12.3254615164134));
#2570=CARTESIAN_POINT('',(-130.6,-838.481306565949,12.3254615164134));
#2571=CARTESIAN_POINT('',(-130.6,-857.831181565949,12.3254615164134));
#2572=CARTESIAN_POINT('',(-131.1,-837.981306565949,12.3254615164134));
#2573=CARTESIAN_POINT('Origin',(-131.1,-838.481306565949,12.3254615164134));
#2574=CARTESIAN_POINT('',(-177.475,-837.981306565948,12.3254615164134));
#2575=CARTESIAN_POINT('',(-296.896875,-837.981306565949,12.3254615164134));
#2576=CARTESIAN_POINT('',(-360.3,-837.981288090183,12.3254615164101));
#2577=CARTESIAN_POINT('',(-296.896875,-837.981288090183,12.3254615164101));
#2578=CARTESIAN_POINT('',(-360.8,-838.481288090184,12.3254615164101));
#2579=CARTESIAN_POINT('Origin',(-360.3,-838.481288090184,12.3254615164134));
#2580=CARTESIAN_POINT('',(-360.8,-915.281288090183,12.3254615164101));
#2581=CARTESIAN_POINT('',(-360.8,-895.931163090183,12.3254615164101));
#2582=CARTESIAN_POINT('',(-360.3,-915.781288090183,12.3254615164101));
#2583=CARTESIAN_POINT('Origin',(-360.3,-915.281288090183,12.3254615164134));
#2584=CARTESIAN_POINT('',(-335.8875,-915.781288090183,12.3254615164101));
#2585=CARTESIAN_POINT('',(-204.028375,-915.781288090183,12.3254615164101));
#2586=CARTESIAN_POINT('',(-335.3875,-915.281288090183,12.3254615164101));
#2587=CARTESIAN_POINT('Origin',(-335.8875,-915.281288090183,12.3254615164134));
#2588=CARTESIAN_POINT('',(-335.3875,-897.231288090183,12.3254615164101));
#2589=CARTESIAN_POINT('',(-335.3875,-886.406163090183,12.3254615164101));
#2590=CARTESIAN_POINT('',(-334.8875,-896.731288090183,12.3254615164101));
#2591=CARTESIAN_POINT('Origin',(-334.8875,-897.231288090183,12.3254615164134));
#2592=CARTESIAN_POINT('',(-318.4375,-896.731288090183,12.3254615164101));
#2593=CARTESIAN_POINT('',(-275.465625,-896.731288090183,12.3254615164101));
#2594=CARTESIAN_POINT('',(-317.9375,-897.231288090183,12.3254615164101));
#2595=CARTESIAN_POINT('Origin',(-318.4375,-897.231288090183,12.3254615164134));
#2596=CARTESIAN_POINT('',(-317.9375,-915.281288090183,12.3254615164101));
#2597=CARTESIAN_POINT('',(-317.9375,-895.931163090183,12.3254615164101));
#2598=CARTESIAN_POINT('',(-317.4375,-915.781288090183,12.3254615164101));
#2599=CARTESIAN_POINT('Origin',(-317.4375,-915.281288090183,12.3254615164134));
#2600=CARTESIAN_POINT('',(-290.1125,-915.781306565949,12.3254615164134));
#2601=CARTESIAN_POINT('',(-204.028375,-915.781288090183,12.3254615164101));
#2602=CARTESIAN_POINT('',(-173.963,-915.781306565949,12.3254615164134));
#2603=CARTESIAN_POINT('',(-204.028375,-915.781306565949,12.3254615164134));
#2604=CARTESIAN_POINT('',(-173.463,-915.281306565949,12.3254615164134));
#2605=CARTESIAN_POINT('Origin',(-173.963,-915.281306565949,12.3254615164134));
#2606=CARTESIAN_POINT('',(-173.463,-897.231306565949,12.3254615164134));
#2607=CARTESIAN_POINT('',(-173.463,-886.406181565949,12.3254615164134));
#2608=CARTESIAN_POINT('',(-172.963,-896.731306565949,12.3254615164134));
#2609=CARTESIAN_POINT('Origin',(-172.963,-897.231306565949,12.3254615164134));
#2610=CARTESIAN_POINT('',(-154.9125,-896.731306565949,12.3254615164134));
#2611=CARTESIAN_POINT('',(-194.503125,-896.731306565949,12.3254615164134));
#2612=CARTESIAN_POINT('',(-154.4125,-896.231306565949,12.3254615164134));
#2613=CARTESIAN_POINT('Origin',(-154.9125,-896.231306565949,12.3254615164134));
#2614=CARTESIAN_POINT('',(-154.4125,-876.881181565949,12.3254615164134));
#2615=CARTESIAN_POINT('Origin',(-365.874892969429,-832.906395120754,9.92546151641008));
#2616=CARTESIAN_POINT('',(-365.874892969429,-833.406395120754,9.92546151641009));
#2617=CARTESIAN_POINT('',(-365.874892969429,-854.893716605469,9.92546151641009));
#2618=CARTESIAN_POINT('',(-365.874892969429,-833.406395120754,9.92546151641005));
#2619=CARTESIAN_POINT('Origin',(-365.37489296943,-833.406395120754,9.92546151641005));
#2620=CARTESIAN_POINT('',(-365.37489296943,-832.906395120754,9.92546151641008));
#2621=CARTESIAN_POINT('Origin',(-365.37489296943,-833.406395120754,9.92546151641339));
#2622=CARTESIAN_POINT('',(-365.37489296943,-832.906395120754,9.92546151641005));
#2623=CARTESIAN_POINT('Origin',(-102.212607030571,-833.406413596519,9.92546151641335));
#2624=CARTESIAN_POINT('',(-102.212607030571,-832.906413596519,9.92546151641335));
#2625=CARTESIAN_POINT('',(-102.212607030571,-832.906413596519,9.92546151641335));
#2626=CARTESIAN_POINT('',(-101.712607030571,-833.406413596519,9.92546151641335));
#2627=CARTESIAN_POINT('Origin',(-102.212607030571,-833.406413596519,9.92546151641339));
#2628=CARTESIAN_POINT('',(-101.712607030571,-833.406413596519,9.92546151641335));
#2629=CARTESIAN_POINT('Origin',(-101.712607030571,-920.855699535378,9.92546151641335));
#2630=CARTESIAN_POINT('',(-101.712607030571,-920.355699737963,9.92546151641335));
#2631=CARTESIAN_POINT('',(-101.712607030571,-898.868378050663,9.92546151641335));
#2632=CARTESIAN_POINT('',(-101.712607030571,-920.355699737963,9.9254615164134));
#2633=CARTESIAN_POINT('Origin',(-102.212607030571,-920.355699737963,9.9254615164134));
#2634=CARTESIAN_POINT('',(-102.212606827986,-920.855699737963,9.92546151641335));
#2635=CARTESIAN_POINT('Origin',(-102.212607030571,-920.355699737963,9.92546151641339));
#2636=CARTESIAN_POINT('',(-102.212606827986,-920.855699737963,9.9254615164134));
#2637=CARTESIAN_POINT('Origin',(-107.2875,-896.231306565949,9.92546151641336));
#2638=CARTESIAN_POINT('',(-107.2875,-896.731306565949,19.9254615164134));
#2639=CARTESIAN_POINT('',(-107.2875,-896.731306565949,9.92546151641336));
#2640=CARTESIAN_POINT('',(-106.7875,-896.231306565949,19.9254615164134));
#2641=CARTESIAN_POINT('Origin',(-107.2875,-896.231306565949,19.9254615164134));
#2642=CARTESIAN_POINT('',(-106.7875,-896.231306565949,9.92546151641336));
#2643=CARTESIAN_POINT('Origin',(-107.5875,-896.731306565949,9.92546151641336));
#2644=CARTESIAN_POINT('',(-126.9375,-896.731306565949,19.9254615164134));
#2645=CARTESIAN_POINT('',(-126.9375,-896.731306565949,9.92546151641337));
#2646=CARTESIAN_POINT('',(-170.690625,-896.731306565949,19.9254615164134));
#2647=CARTESIAN_POINT('Origin',(-126.9375,-896.231306565949,9.92546151641337));
#2648=CARTESIAN_POINT('',(-127.4375,-896.231306565949,19.9254615164134));
#2649=CARTESIAN_POINT('',(-127.4375,-896.231306565949,9.92546151641337));
#2650=CARTESIAN_POINT('Origin',(-126.9375,-896.231306565949,19.9254615164134));
#2651=CARTESIAN_POINT('Origin',(-127.4375,-895.931306565949,9.92546151641337));
#2652=CARTESIAN_POINT('',(-127.4375,-848.306306565949,19.9254615164134));
#2653=CARTESIAN_POINT('',(-127.4375,-848.306306565949,9.92546151641337));
#2654=CARTESIAN_POINT('',(-127.4375,-886.406181565949,19.9254615164134));
#2655=CARTESIAN_POINT('Origin',(-112.05,-920.043806565949,9.92546151641336));
#2656=CARTESIAN_POINT('',(-112.05,-920.543806565949,19.9254615164134));
#2657=CARTESIAN_POINT('',(-112.05,-920.543806565949,9.92546151641336));
#2658=CARTESIAN_POINT('',(-111.55,-920.043806565949,19.9254615164134));
#2659=CARTESIAN_POINT('Origin',(-112.05,-920.043806565949,19.9254615164134));
#2660=CARTESIAN_POINT('',(-111.55,-920.043806565949,9.92546151641336));
#2661=CARTESIAN_POINT('Origin',(-112.35,-920.543806565949,9.92546151641336));
#2662=CARTESIAN_POINT('',(-169.8,-920.543806565949,19.9254615164134));
#2663=CARTESIAN_POINT('',(-169.8,-920.543806565949,9.92546151641337));
#2664=CARTESIAN_POINT('',(-173.071875,-920.543806565949,19.9254615164134));
#2665=CARTESIAN_POINT('Origin',(-112.05,-900.393806565949,9.92546151641336));
#2666=CARTESIAN_POINT('',(-111.55,-900.393806565949,19.9254615164134));
#2667=CARTESIAN_POINT('',(-111.55,-900.393806565949,9.92546151641336));
#2668=CARTESIAN_POINT('',(-112.05,-899.893806565949,19.9254615164134));
#2669=CARTESIAN_POINT('Origin',(-112.05,-900.393806565949,19.9254615164134));
#2670=CARTESIAN_POINT('',(-112.05,-899.893806565949,9.92546151641336));
#2671=CARTESIAN_POINT('Origin',(-111.55,-900.693806565949,9.92546151641336));
#2672=CARTESIAN_POINT('',(-111.55,-888.787431565949,19.9254615164134));
#2673=CARTESIAN_POINT('Origin',(-130.1,-899.393806565949,9.92546151641337));
#2674=CARTESIAN_POINT('',(-130.1,-899.893806565949,19.9254615164134));
#2675=CARTESIAN_POINT('',(-130.6,-899.393806565949,19.9254615164134));
#2676=CARTESIAN_POINT('Origin',(-130.1,-899.393806565949,19.9254615164134));
#2677=CARTESIAN_POINT('',(-130.6,-899.393806565949,9.92546151641337));
#2678=CARTESIAN_POINT('',(-130.1,-899.893806565949,9.92546151641337));
#2679=CARTESIAN_POINT('Origin',(-130.6,-881.643806565949,9.92546151641337));
#2680=CARTESIAN_POINT('',(-130.6,-881.343806565949,19.9254615164134));
#2681=CARTESIAN_POINT('',(-130.6,-879.262431565949,19.9254615164134));
#2682=CARTESIAN_POINT('',(-130.6,-881.343806565949,9.92546151641337));
#2683=CARTESIAN_POINT('Origin',(-131.1,-881.343806565949,9.92546151641337));
#2684=CARTESIAN_POINT('',(-131.1,-880.843806565949,19.9254615164134));
#2685=CARTESIAN_POINT('Origin',(-131.1,-881.343806565949,19.9254615164134));
#2686=CARTESIAN_POINT('',(-131.1,-880.843806565949,9.92546151641337));
#2687=CARTESIAN_POINT('Origin',(-150.75,-881.343806565949,9.92546151641337));
#2688=CARTESIAN_POINT('',(-150.75,-880.843806565949,19.9254615164134));
#2689=CARTESIAN_POINT('',(-150.75,-880.843806565949,9.92546151641337));
#2690=CARTESIAN_POINT('',(-151.25,-881.343806565949,19.9254615164134));
#2691=CARTESIAN_POINT('Origin',(-150.75,-881.343806565949,19.9254615164134));
#2692=CARTESIAN_POINT('',(-151.25,-881.343806565949,9.92546151641337));
#2693=CARTESIAN_POINT('Origin',(-150.45,-880.843806565949,9.92546151641337));
#2694=CARTESIAN_POINT('',(-192.121875,-880.843806565949,19.9254615164134));
#2695=CARTESIAN_POINT('Origin',(-151.75,-899.393806565949,9.92546151641337));
#2696=CARTESIAN_POINT('',(-151.25,-899.393806565949,19.9254615164134));
#2697=CARTESIAN_POINT('',(-151.75,-899.893806565949,19.9254615164134));
#2698=CARTESIAN_POINT('Origin',(-151.75,-899.393806565949,19.9254615164134));
#2699=CARTESIAN_POINT('',(-151.75,-899.893806565949,9.92546151641337));
#2700=CARTESIAN_POINT('',(-151.25,-899.393806565949,9.92546151641337));
#2701=CARTESIAN_POINT('Origin',(-169.5,-899.893806565949,9.92546151641338));
#2702=CARTESIAN_POINT('',(-169.8,-899.893806565949,19.9254615164134));
#2703=CARTESIAN_POINT('',(-201.646875,-899.893806565949,19.9254615164134));
#2704=CARTESIAN_POINT('',(-169.8,-899.893806565949,9.92546151641338));
#2705=CARTESIAN_POINT('Origin',(-169.8,-900.393806565949,9.92546151641338));
#2706=CARTESIAN_POINT('',(-170.3,-900.393806565949,19.9254615164134));
#2707=CARTESIAN_POINT('Origin',(-169.8,-900.393806565949,19.9254615164134));
#2708=CARTESIAN_POINT('',(-170.3,-900.393806565949,9.92546151641338));
#2709=CARTESIAN_POINT('Origin',(-169.8,-920.043806565949,9.92546151641337));
#2710=CARTESIAN_POINT('',(-170.3,-920.043806565949,19.9254615164134));
#2711=CARTESIAN_POINT('',(-170.3,-920.043806565949,9.92546151641337));
#2712=CARTESIAN_POINT('Origin',(-169.8,-920.043806565949,19.9254615164134));
#2713=CARTESIAN_POINT('Origin',(-170.3,-919.743806565949,9.92546151641337));
#2714=CARTESIAN_POINT('',(-170.3,-898.312431565949,19.9254615164134));
#2715=CARTESIAN_POINT('Origin',(-131.1,-838.481306565949,9.92546151641337));
#2716=CARTESIAN_POINT('',(-130.6,-838.481306565949,19.9254615164134));
#2717=CARTESIAN_POINT('',(-130.6,-838.481306565949,9.92546151641337));
#2718=CARTESIAN_POINT('',(-131.1,-837.981306565949,19.9254615164134));
#2719=CARTESIAN_POINT('Origin',(-131.1,-838.481306565949,19.9254615164134));
#2720=CARTESIAN_POINT('',(-131.1,-837.981306565949,9.92546151641337));
#2721=CARTESIAN_POINT('Origin',(-130.6,-838.781306565949,9.92546151641337));
#2722=CARTESIAN_POINT('',(-130.6,-877.181306565948,19.9254615164134));
#2723=CARTESIAN_POINT('',(-130.6,-877.181306565948,9.92546151641336));
#2724=CARTESIAN_POINT('',(-130.6,-857.831181565949,19.9254615164134));
#2725=CARTESIAN_POINT('Origin',(-131.1,-877.181306565948,9.92546151641336));
#2726=CARTESIAN_POINT('',(-131.1,-877.681306565948,19.9254615164134));
#2727=CARTESIAN_POINT('Origin',(-131.1,-877.181306565948,19.9254615164134));
#2728=CARTESIAN_POINT('',(-131.1,-877.681306565948,9.92546151641336));
#2729=CARTESIAN_POINT('Origin',(-153.9125,-878.181306565949,9.92546151641336));
#2730=CARTESIAN_POINT('',(-154.4125,-878.181306565949,19.9254615164134));
#2731=CARTESIAN_POINT('',(-153.9125,-877.681306565948,19.9254615164134));
#2732=CARTESIAN_POINT('Origin',(-153.9125,-878.181306565949,19.9254615164134));
#2733=CARTESIAN_POINT('',(-153.9125,-877.681306565948,9.92546151641336));
#2734=CARTESIAN_POINT('',(-154.4125,-878.181306565949,9.92546151641336));
#2735=CARTESIAN_POINT('Origin',(-154.4125,-876.881306565949,9.92546151641335));
#2736=CARTESIAN_POINT('',(-154.4125,-896.231306565949,19.9254615164134));
#2737=CARTESIAN_POINT('',(-154.4125,-896.231306565949,9.92546151641336));
#2738=CARTESIAN_POINT('',(-154.4125,-876.881181565949,19.9254615164134));
#2739=CARTESIAN_POINT('Origin',(-154.9125,-896.231306565949,9.92546151641336));
#2740=CARTESIAN_POINT('',(-154.9125,-896.731306565949,19.9254615164134));
#2741=CARTESIAN_POINT('',(-154.9125,-896.731306565949,9.92546151641336));
#2742=CARTESIAN_POINT('Origin',(-154.9125,-896.231306565949,19.9254615164134));
#2743=CARTESIAN_POINT('Origin',(-155.2125,-896.731306565949,9.92546151641337));
#2744=CARTESIAN_POINT('',(-172.963,-896.731306565949,19.9254615164134));
#2745=CARTESIAN_POINT('',(-172.963,-896.731306565949,9.92546151641338));
#2746=CARTESIAN_POINT('',(-194.503125,-896.731306565949,19.9254615164134));
#2747=CARTESIAN_POINT('Origin',(-172.963,-897.231306565949,9.92546151641338));
#2748=CARTESIAN_POINT('',(-173.463,-897.231306565949,19.9254615164134));
#2749=CARTESIAN_POINT('Origin',(-172.963,-897.231306565949,19.9254615164134));
#2750=CARTESIAN_POINT('',(-173.463,-897.231306565949,9.92546151641338));
#2751=CARTESIAN_POINT('Origin',(-233.79375,-876.881056565949,19.9254615164134));
#2752=CARTESIAN_POINT('',(-366.275,-832.506288090183,19.9254615164101));
#2753=CARTESIAN_POINT('',(-177.475,-832.506306565949,19.9254615164134));
#2754=CARTESIAN_POINT('',(-166.953125,-832.506288090183,19.92546151641));
#2755=CARTESIAN_POINT('',(-366.275,-921.255788090183,19.9254615164101));
#2756=CARTESIAN_POINT('',(-366.275,-854.093663090183,19.9254615164101));
#2757=CARTESIAN_POINT('',(-290.112499999999,-921.255806565949,19.9254615164134));
#2758=CARTESIAN_POINT('',(-300.634375,-921.255788090183,19.9254615164101));
#2759=CARTESIAN_POINT('',(-101.3125,-921.255806565948,19.9254615164133));
#2760=CARTESIAN_POINT('',(-300.634375,-921.255806565949,19.9254615164134));
#2761=CARTESIAN_POINT('',(-101.3125,-832.506306565949,19.9254615164133));
#2762=CARTESIAN_POINT('',(-101.3125,-899.668431565949,19.9254615164133));
#2763=CARTESIAN_POINT('',(-166.953125,-832.506306565949,19.9254615164134));
#2764=CARTESIAN_POINT('',(-182.596875,-899.893806565949,19.9254615164134));
#2765=CARTESIAN_POINT('',(-151.25,-888.787431565949,19.9254615164134));
#2766=CARTESIAN_POINT('',(-173.463,-915.281306565949,19.9254615164134));
#2767=CARTESIAN_POINT('',(-173.463,-886.406181565949,19.9254615164134));
#2768=CARTESIAN_POINT('',(-173.963,-915.781306565949,19.9254615164134));
#2769=CARTESIAN_POINT('Origin',(-173.963,-915.281306565949,19.9254615164134));
#2770=CARTESIAN_POINT('',(-290.1125,-915.781306565949,19.9254615164134));
#2771=CARTESIAN_POINT('',(-204.028375,-915.781306565949,19.9254615164134));
#2772=CARTESIAN_POINT('',(-317.4375,-915.781288090183,19.9254615164101));
#2773=CARTESIAN_POINT('',(-204.028375,-915.781288090183,19.92546151641));
#2774=CARTESIAN_POINT('',(-317.9375,-915.281288090183,19.9254615164101));
#2775=CARTESIAN_POINT('Origin',(-317.4375,-915.281288090183,19.9254615164134));
#2776=CARTESIAN_POINT('',(-317.9375,-897.231288090183,19.9254615164101));
#2777=CARTESIAN_POINT('',(-317.9375,-895.931163090183,19.9254615164101));
#2778=CARTESIAN_POINT('',(-318.4375,-896.731288090183,19.9254615164101));
#2779=CARTESIAN_POINT('Origin',(-318.4375,-897.231288090183,19.9254615164134));
#2780=CARTESIAN_POINT('',(-334.8875,-896.731288090183,19.9254615164101));
#2781=CARTESIAN_POINT('',(-275.465625,-896.731288090183,19.9254615164101));
#2782=CARTESIAN_POINT('',(-335.3875,-897.231288090183,19.9254615164101));
#2783=CARTESIAN_POINT('Origin',(-334.8875,-897.231288090183,19.9254615164134));
#2784=CARTESIAN_POINT('',(-335.3875,-915.281288090183,19.9254615164101));
#2785=CARTESIAN_POINT('',(-335.3875,-886.406163090183,19.9254615164101));
#2786=CARTESIAN_POINT('',(-335.8875,-915.781288090183,19.9254615164101));
#2787=CARTESIAN_POINT('Origin',(-335.8875,-915.281288090183,19.9254615164134));
#2788=CARTESIAN_POINT('',(-360.3,-915.781288090183,19.9254615164101));
#2789=CARTESIAN_POINT('',(-204.028375,-915.781288090183,19.92546151641));
#2790=CARTESIAN_POINT('',(-360.8,-915.281288090183,19.9254615164101));
#2791=CARTESIAN_POINT('Origin',(-360.3,-915.281288090183,19.9254615164134));
#2792=CARTESIAN_POINT('',(-360.8,-838.481288090184,19.9254615164101));
#2793=CARTESIAN_POINT('',(-360.8,-895.931163090183,19.9254615164101));
#2794=CARTESIAN_POINT('',(-360.3,-837.981288090184,19.9254615164101));
#2795=CARTESIAN_POINT('Origin',(-360.3,-838.481288090184,19.9254615164134));
#2796=CARTESIAN_POINT('',(-177.475,-837.981306565949,19.9254615164134));
#2797=CARTESIAN_POINT('',(-296.896875,-837.981288090184,19.9254615164101));
#2798=CARTESIAN_POINT('',(-296.896875,-837.981306565949,19.9254615164134));
#2799=CARTESIAN_POINT('',(-180.215625,-877.681306565948,19.9254615164134));
#2800=CARTESIAN_POINT('',(-106.7875,-848.306306565949,19.9254615164134));
#2801=CARTESIAN_POINT('Origin',(-117.1125,-848.306306565949,19.9254615164134));
#2802=CARTESIAN_POINT('',(-106.7875,-857.831181565949,19.9254615164134));
#2803=CARTESIAN_POINT('Origin',(-173.963,-915.281306565949,9.92546151641338));
#2804=CARTESIAN_POINT('',(-173.963,-915.781306565949,9.92546151641338));
#2805=CARTESIAN_POINT('',(-173.463,-915.281306565949,9.92546151641338));
#2806=CARTESIAN_POINT('Origin',(-174.263,-915.781306565949,9.92546151641338));
#2807=CARTESIAN_POINT('',(-290.1125,-915.781306565949,12.4254615164134));
#2808=CARTESIAN_POINT('Origin',(-317.4375,-915.281288090183,11.1254615164101));
#2809=CARTESIAN_POINT('',(-317.9375,-915.281288090183,11.1254615164101));
#2810=CARTESIAN_POINT('',(-317.4375,-915.781288090183,11.1254615164101));
#2811=CARTESIAN_POINT('Origin',(-317.9375,-914.981288090183,12.3254615164101));
#2812=CARTESIAN_POINT('',(-317.9375,-897.231288090183,12.3254615164101));
#2813=CARTESIAN_POINT('Origin',(-318.4375,-897.231288090183,12.3254615164101));
#2814=CARTESIAN_POINT('',(-318.4375,-896.731288090183,12.3254615164101));
#2815=CARTESIAN_POINT('Origin',(-317.1375,-896.731288090183,12.3254615164101));
#2816=CARTESIAN_POINT('',(-334.8875,-896.731288090183,12.3254615164101));
#2817=CARTESIAN_POINT('Origin',(-334.8875,-897.231288090183,12.3254615164101));
#2818=CARTESIAN_POINT('',(-335.3875,-897.231288090183,12.3254615164101));
#2819=CARTESIAN_POINT('Origin',(-335.8875,-915.281288090183,11.1254615164101));
#2820=CARTESIAN_POINT('',(-335.3875,-915.281288090183,11.1254615164101));
#2821=CARTESIAN_POINT('',(-335.8875,-915.781288090183,11.1254615164101));
#2822=CARTESIAN_POINT('Origin',(-335.3875,-895.931288090183,12.3254615164101));
#2823=CARTESIAN_POINT('Origin',(-360.3,-915.281288090183,9.9254615164101));
#2824=CARTESIAN_POINT('',(-360.8,-915.281288090183,9.9254615164101));
#2825=CARTESIAN_POINT('',(-360.3,-915.781288090183,9.9254615164101));
#2826=CARTESIAN_POINT('Origin',(-360.8,-914.981288090183,9.92546151641009));
#2827=CARTESIAN_POINT('',(-360.8,-838.481288090184,9.92546151641009));
#2828=CARTESIAN_POINT('Origin',(-360.3,-838.481288090184,9.92546151641009));
#2829=CARTESIAN_POINT('',(-360.3,-837.981288090184,9.92546151641009));
#2830=CARTESIAN_POINT('Origin',(-360.,-837.981288090184,9.92546151641009));
#2831=CARTESIAN_POINT('',(-177.475,-837.981306565949,12.4254615164134));
#2832=CARTESIAN_POINT('Origin',(-166.953125,-832.506288090183,18.72546151641));
#2833=CARTESIAN_POINT('',(-177.475,-831.306306565949,18.7254615164134));
#2834=CARTESIAN_POINT('Origin',(-177.475,-832.506306565949,18.7254615164134));
#2835=CARTESIAN_POINT('',(-366.275,-831.306288090183,18.7254615164101));
#2836=CARTESIAN_POINT('',(-166.953125,-831.306288090183,18.72546151641));
#2837=CARTESIAN_POINT('Origin',(-366.275,-832.506288090183,18.7254615164101));
#2838=CARTESIAN_POINT('Origin',(-100.1125,-831.306288090183,9.92546151641002));
#2839=CARTESIAN_POINT('',(-177.475,-831.306306565949,9.92546151641337));
#2840=CARTESIAN_POINT('',(-177.475,-831.306306565949,12.4254615164134));
#2841=CARTESIAN_POINT('',(-366.275,-831.306288090183,9.92546151641009));
#2842=CARTESIAN_POINT('',(-233.79375,-831.306288090183,9.92546151641005));
#2843=CARTESIAN_POINT('',(-366.275,-831.306288090183,9.92546151641009));
#2844=CARTESIAN_POINT('Origin',(-365.874892969429,-920.855788090183,9.92546151641013));
#2845=CARTESIAN_POINT('',(-290.112499999999,-920.855775869318,9.9254615164134));
#2846=CARTESIAN_POINT('',(-290.112499999999,-920.855775869318,12.4254615164134));
#2847=CARTESIAN_POINT('',(-299.834312576106,-920.855761332537,9.92546151641007));
#2848=CARTESIAN_POINT('Origin',(-174.263,-915.781288090183,9.92546151641005));
#2849=CARTESIAN_POINT('Origin',(-174.263,-915.781288090183,9.92546151641005));
#2850=CARTESIAN_POINT('Origin',(-366.275,-832.506288090183,18.7254615164101));
#2851=CARTESIAN_POINT('',(-367.475,-832.506288090183,18.7254615164101));
#2852=CARTESIAN_POINT('Origin',(-366.275,-832.506288090183,18.7254615164101));
#2853=CARTESIAN_POINT('Origin',(-366.275,-832.506288090183,18.7254615164101));
#2854=CARTESIAN_POINT('Origin',(-366.275,-832.506288090183,9.92546151641009));
#2855=CARTESIAN_POINT('',(-367.475,-832.506288090183,9.92546151641009));
#2856=CARTESIAN_POINT('Origin',(-366.275,-832.506288090183,9.92546151641009));
#2857=CARTESIAN_POINT('',(-367.475,-832.506288090183,9.92546151641009));
#2858=CARTESIAN_POINT('Origin',(-366.275,-921.255788090183,18.7254615164101));
#2859=CARTESIAN_POINT('',(-367.475,-921.255788090183,18.7254615164101));
#2860=CARTESIAN_POINT('Origin',(-366.275,-921.255788090183,18.7254615164101));
#2861=CARTESIAN_POINT('',(-366.275,-922.455788090183,18.7254615164101));
#2862=CARTESIAN_POINT('Origin',(-366.275,-921.255788090183,18.7254615164101));
#2863=CARTESIAN_POINT('Origin',(-366.275,-921.255788090183,18.7254615164101));
#2864=CARTESIAN_POINT('Origin',(-366.275,-921.255788090183,9.92546151641009));
#2865=CARTESIAN_POINT('',(-367.475,-921.255788090183,9.92546151641009));
#2866=CARTESIAN_POINT('',(-366.275,-922.455788090183,9.92546151641009));
#2867=CARTESIAN_POINT('Origin',(-366.275,-921.255788090183,9.92546151641009));
#2868=CARTESIAN_POINT('',(-366.275,-922.455788090183,9.92546151641009));
#2869=CARTESIAN_POINT('',(-367.475,-921.255788090183,9.92546151641009));
#2870=CARTESIAN_POINT('Origin',(-300.634375,-921.255788090183,18.7254615164101));
#2871=CARTESIAN_POINT('',(-290.112499999999,-922.455806565948,18.7254615164134));
#2872=CARTESIAN_POINT('Origin',(-290.1125,-921.255788090183,18.7254615164101));
#2873=CARTESIAN_POINT('',(-300.634375,-922.455788090183,18.7254615164101));
#2874=CARTESIAN_POINT('Origin',(-366.275,-854.093663090183,18.7254615164101));
#2875=CARTESIAN_POINT('',(-367.475,-854.093663090183,18.7254615164101));
#2876=CARTESIAN_POINT('Origin',(-367.475,-922.455788090183,9.92546151641009));
#2877=CARTESIAN_POINT('',(-290.112499999999,-922.455806565948,9.92546151641341));
#2878=CARTESIAN_POINT('',(-290.112499999999,-922.455806565948,12.4254615164134));
#2879=CARTESIAN_POINT('',(-233.79375,-922.455788090183,9.92546151641005));
#2880=CARTESIAN_POINT('Origin',(-101.712607030571,-832.906395120754,9.92546151641002));
#2881=CARTESIAN_POINT('',(-177.475,-832.906413596519,9.92546151641337));
#2882=CARTESIAN_POINT('',(-167.753178515286,-832.906395120754,9.92546151641004));
#2883=CARTESIAN_POINT('',(-177.475,-832.906413596519,12.4254615164134));
#2884=CARTESIAN_POINT('Origin',(-277.1085,-835.043788090183,9.92546151641007));
#2885=CARTESIAN_POINT('',(-278.1085,-835.043788090183,17.9254615164101));
#2886=CARTESIAN_POINT('',(-278.1085,-835.043788090183,9.92546151641007));
#2887=CARTESIAN_POINT('Origin',(-277.1085,-835.043788090183,17.9254615164101));
#2888=CARTESIAN_POINT('Origin',(-233.79375,-876.881038090183,17.9254615164101));
#2889=CARTESIAN_POINT('Origin',(-190.479,-835.043788090183,9.92546151641005));
#2890=CARTESIAN_POINT('',(-191.479,-835.043788090183,17.92546151641));
#2891=CARTESIAN_POINT('',(-191.479,-835.043788090183,9.92546151641005));
#2892=CARTESIAN_POINT('Origin',(-190.479,-835.043788090183,17.92546151641));
#2893=CARTESIAN_POINT('Origin',(-233.79375,-876.881038090183,17.9254615164101));
#2894=CARTESIAN_POINT('Origin',(-363.7375,-835.043788090183,9.92546151641009));
#2895=CARTESIAN_POINT('',(-364.7375,-835.043788090183,17.9254615164101));
#2896=CARTESIAN_POINT('',(-364.7375,-835.043788090183,9.92546151641009));
#2897=CARTESIAN_POINT('Origin',(-363.7375,-835.043788090183,17.9254615164101));
#2898=CARTESIAN_POINT('Origin',(-233.79375,-876.881038090183,17.9254615164101));
#2899=CARTESIAN_POINT('Origin',(-363.7375,-918.718538090183,9.92546151641009));
#2900=CARTESIAN_POINT('',(-364.7375,-918.718538090183,17.9254615164101));
#2901=CARTESIAN_POINT('',(-364.7375,-918.718538090183,9.92546151641009));
#2902=CARTESIAN_POINT('Origin',(-363.7375,-918.718538090183,17.9254615164101));
#2903=CARTESIAN_POINT('Origin',(-233.79375,-876.881038090183,17.9254615164101));
#2904=CARTESIAN_POINT('Origin',(-367.475,-831.306288090183,9.92546151641009));
#2905=CARTESIAN_POINT('',(-367.475,-876.881038090183,9.92546151641009));
#2906=CARTESIAN_POINT('Origin',(-290.1125,-901.881056565948,14.9254615164134));
#2907=CARTESIAN_POINT('Origin',(-290.1125,-921.255806565949,18.7254615164134));
#2908=CARTESIAN_POINT('Origin',(-100.1125,-831.306306565949,9.92546151641335));
#2909=CARTESIAN_POINT('',(-101.3125,-831.306306565949,18.7254615164134));
#2910=CARTESIAN_POINT('',(-166.953125,-831.306306565949,18.7254615164134));
#2911=CARTESIAN_POINT('',(-101.3125,-831.306306565949,9.92546151641335));
#2912=CARTESIAN_POINT('',(-101.3125,-831.306306565949,9.92546151641335));
#2913=CARTESIAN_POINT('',(-233.79375,-831.306306565949,9.92546151641339));
#2914=CARTESIAN_POINT('Origin',(-101.712607030571,-832.906413596519,9.92546151641335));
#2915=CARTESIAN_POINT('',(-167.753178515286,-832.906413596519,9.92546151641337));
#2916=CARTESIAN_POINT('Origin',(-166.953125,-832.506306565949,18.7254615164134));
#2917=CARTESIAN_POINT('Origin',(-101.3125,-832.506306565949,18.7254615164134));
#2918=CARTESIAN_POINT('Origin',(-300.634375,-921.255806565949,18.7254615164134));
#2919=CARTESIAN_POINT('',(-101.3125,-922.455806565948,18.7254615164134));
#2920=CARTESIAN_POINT('',(-300.634375,-922.455806565948,18.7254615164134));
#2921=CARTESIAN_POINT('Origin',(-101.3125,-921.255806565948,18.7254615164134));
#2922=CARTESIAN_POINT('Origin',(-233.79375,-876.881056565949,9.92546151641339));
#2923=CARTESIAN_POINT('',(-100.1125,-832.506306565949,9.92546151641335));
#2924=CARTESIAN_POINT('Origin',(-101.3125,-832.506306565949,9.92546151641335));
#2925=CARTESIAN_POINT('',(-100.1125,-921.255806565948,9.92546151641335));
#2926=CARTESIAN_POINT('',(-100.1125,-876.881056565949,9.92546151641335));
#2927=CARTESIAN_POINT('',(-101.3125,-922.455806565948,9.92546151641335));
#2928=CARTESIAN_POINT('Origin',(-101.3125,-921.255806565948,9.92546151641335));
#2929=CARTESIAN_POINT('',(-233.79375,-922.455806565948,9.92546151641339));
#2930=CARTESIAN_POINT('',(-299.834312576106,-920.855779808302,9.9254615164134));
#2931=CARTESIAN_POINT('Origin',(-367.475,-922.455806565948,9.92546151641342));
#2932=CARTESIAN_POINT('',(-101.3125,-922.455806565948,9.92546151641335));
#2933=CARTESIAN_POINT('Origin',(-101.3125,-832.506306565949,18.7254615164134));
#2934=CARTESIAN_POINT('',(-100.1125,-832.506306565949,18.7254615164134));
#2935=CARTESIAN_POINT('Origin',(-101.3125,-832.506306565949,18.7254615164134));
#2936=CARTESIAN_POINT('Origin',(-101.3125,-832.506306565949,18.7254615164134));
#2937=CARTESIAN_POINT('Origin',(-101.3125,-832.506306565949,9.92546151641335));
#2938=CARTESIAN_POINT('',(-100.1125,-832.506306565949,9.92546151641335));
#2939=CARTESIAN_POINT('Origin',(-101.3125,-921.255806565948,18.7254615164134));
#2940=CARTESIAN_POINT('',(-100.1125,-921.255806565948,18.7254615164134));
#2941=CARTESIAN_POINT('Origin',(-101.3125,-921.255806565948,18.7254615164134));
#2942=CARTESIAN_POINT('Origin',(-101.3125,-921.255806565948,18.7254615164134));
#2943=CARTESIAN_POINT('Origin',(-101.3125,-921.255806565948,9.92546151641335));
#2944=CARTESIAN_POINT('',(-100.1125,-921.255806565948,9.92546151641335));
#2945=CARTESIAN_POINT('Origin',(-101.3125,-899.668431565949,18.7254615164134));
#2946=CARTESIAN_POINT('',(-100.1125,-899.668431565949,18.7254615164134));
#2947=CARTESIAN_POINT('Origin',(-100.1125,-922.455806565948,9.92546151641335));
#2948=CARTESIAN_POINT('Origin',(-117.1125,-848.306306565949,9.92546151641336));
#2949=CARTESIAN_POINT('',(-106.7875,-848.306306565949,9.92546151641336));
#2950=CARTESIAN_POINT('Origin',(-106.7875,-838.781306565949,9.92546151641336));
#2951=CARTESIAN_POINT('Origin',(-365.874892969429,-920.855806565948,9.92546151641346));
#2952=CARTESIAN_POINT('Origin',(-131.4,-899.893806565949,9.92546151641337));
#2953=CARTESIAN_POINT('Origin',(-360.,-837.981306565949,9.92546151641342));
#2954=CARTESIAN_POINT('Origin',(-126.6375,-877.681306565948,9.92546151641336));
#2955=CARTESIAN_POINT('Origin',(-190.479,-918.718306565949,9.92546151641338));
#2956=CARTESIAN_POINT('',(-191.479,-918.718306565949,17.9254615164134));
#2957=CARTESIAN_POINT('',(-191.479,-918.718306565949,9.92546151641338));
#2958=CARTESIAN_POINT('Origin',(-190.479,-918.718306565949,17.9254615164134));
#2959=CARTESIAN_POINT('Origin',(-233.79375,-876.881056565949,17.9254615164134));
#2960=CARTESIAN_POINT('Origin',(-277.1085,-918.718556565949,9.92546151641339));
#2961=CARTESIAN_POINT('',(-278.1085,-918.718556565949,17.9254615164134));
#2962=CARTESIAN_POINT('',(-278.1085,-918.718556565949,9.92546151641339));
#2963=CARTESIAN_POINT('Origin',(-277.1085,-918.718556565949,17.9254615164134));
#2964=CARTESIAN_POINT('Origin',(-233.79375,-876.881056565949,17.9254615164134));
#2965=CARTESIAN_POINT('Origin',(-103.85,-918.718306565949,9.92546151641336));
#2966=CARTESIAN_POINT('',(-104.85,-918.718306565949,17.9254615164134));
#2967=CARTESIAN_POINT('',(-104.85,-918.718306565949,9.92546151641336));
#2968=CARTESIAN_POINT('Origin',(-103.85,-918.718306565949,17.9254615164134));
#2969=CARTESIAN_POINT('Origin',(-233.79375,-876.881056565949,17.9254615164134));
#2970=CARTESIAN_POINT('Origin',(-103.85,-835.043806565949,9.92546151641336));
#2971=CARTESIAN_POINT('',(-104.85,-835.043806565949,17.9254615164134));
#2972=CARTESIAN_POINT('',(-104.85,-835.043806565949,9.92546151641336));
#2973=CARTESIAN_POINT('Origin',(-103.85,-835.043806565949,17.9254615164134));
#2974=CARTESIAN_POINT('Origin',(-233.79375,-876.881056565949,17.9254615164134));
#2975=CARTESIAN_POINT('Origin',(-151.25,-900.693806565949,9.92546151641337));
#2976=CARTESIAN_POINT('Origin',(-173.463,-895.931306565949,9.92546151641338));
#2977=CARTESIAN_POINT('',(0.,0.,0.));
#2978=UNCERTAINTY_MEASURE_WITH_UNIT(LENGTH_MEASURE(0.01),#2984,
'DISTANCE_ACCURACY_VALUE',
'Maximum model space distance between geometric entities at asserted c
onnectivities');
#2979=UNCERTAINTY_MEASURE_WITH_UNIT(LENGTH_MEASURE(0.01),#2984,
'DISTANCE_ACCURACY_VALUE',
'Maximum model space distance between geometric entities at asserted c
onnectivities');
#2980=UNCERTAINTY_MEASURE_WITH_UNIT(LENGTH_MEASURE(0.01),#2984,
'DISTANCE_ACCURACY_VALUE',
'Maximum model space distance between geometric entities at asserted c
onnectivities');
#2981=(
GEOMETRIC_REPRESENTATION_CONTEXT(3)
GLOBAL_UNCERTAINTY_ASSIGNED_CONTEXT((#2978))
GLOBAL_UNIT_ASSIGNED_CONTEXT((#2984,#2986,#2987))
REPRESENTATION_CONTEXT('','3D')
);
#2982=(
GEOMETRIC_REPRESENTATION_CONTEXT(3)
GLOBAL_UNCERTAINTY_ASSIGNED_CONTEXT((#2979))
GLOBAL_UNIT_ASSIGNED_CONTEXT((#2984,#2986,#2987))
REPRESENTATION_CONTEXT('','3D')
);
#2983=(
GEOMETRIC_REPRESENTATION_CONTEXT(3)
GLOBAL_UNCERTAINTY_ASSIGNED_CONTEXT((#2980))
GLOBAL_UNIT_ASSIGNED_CONTEXT((#2984,#2986,#2987))
REPRESENTATION_CONTEXT('','3D')
);
#2984=(
LENGTH_UNIT()
NAMED_UNIT(*)
SI_UNIT(.MILLI.,.METRE.)
);
#2985=(
LENGTH_UNIT()
NAMED_UNIT(*)
SI_UNIT($,.METRE.)
);
#2986=(
NAMED_UNIT(*)
PLANE_ANGLE_UNIT()
SI_UNIT($,.RADIAN.)
);
#2987=(
NAMED_UNIT(*)
SI_UNIT($,.STERADIAN.)
SOLID_ANGLE_UNIT()
);
#2988=SHAPE_DEFINITION_REPRESENTATION(#2990,#2993);
#2989=SHAPE_DEFINITION_REPRESENTATION(#2991,#2994);
#2990=PRODUCT_DEFINITION_SHAPE('',$,#2996);
#2991=PRODUCT_DEFINITION_SHAPE('',$,#2997);
#2992=PRODUCT_DEFINITION_SHAPE($,$,#14);
#2993=SHAPE_REPRESENTATION('',(#1748,#1937),#2981);
#2994=SHAPE_REPRESENTATION('',(#1749),#2982);
#2995=PRODUCT_DEFINITION_CONTEXT('part definition',#3003,'design');
#2996=PRODUCT_DEFINITION('prototype','prototype',#2998,#2995);
#2997=PRODUCT_DEFINITION('top_.5fillet','top_.5fillet',#2999,#2995);
#2998=PRODUCT_DEFINITION_FORMATION('',$,#3005);
#2999=PRODUCT_DEFINITION_FORMATION('',$,#3006);
#3000=PRODUCT_RELATED_PRODUCT_CATEGORY('prototype','prototype',(#3005));
#3001=PRODUCT_RELATED_PRODUCT_CATEGORY('top_.5fillet','top_.5fillet',(#3006));
#3002=APPLICATION_PROTOCOL_DEFINITION('international standard',
'automotive_design',2009,#3003);
#3003=APPLICATION_CONTEXT(
'Core Data for Automotive Mechanical Design Process');
#3004=PRODUCT_CONTEXT('part definition',#3003,'mechanical');
#3005=PRODUCT('prototype','prototype',$,(#3004));
#3006=PRODUCT('top_.5fillet','top_.5fillet',$,(#3004));
#3007=PRESENTATION_STYLE_ASSIGNMENT((#3013));
#3008=PRESENTATION_STYLE_ASSIGNMENT((#3014));
#3009=PRESENTATION_STYLE_ASSIGNMENT((#3015));
#3010=PRESENTATION_STYLE_ASSIGNMENT((#3016));
#3011=PRESENTATION_STYLE_ASSIGNMENT((#3017));
#3012=PRESENTATION_STYLE_ASSIGNMENT((#3018));
#3013=SURFACE_STYLE_USAGE(.BOTH.,#3019);
#3014=SURFACE_STYLE_USAGE(.BOTH.,#3020);
#3015=SURFACE_STYLE_USAGE(.BOTH.,#3021);
#3016=SURFACE_STYLE_USAGE(.BOTH.,#3022);
#3017=SURFACE_STYLE_USAGE(.BOTH.,#3023);
#3018=SURFACE_STYLE_USAGE(.BOTH.,#3024);
#3019=SURFACE_SIDE_STYLE('',(#3025));
#3020=SURFACE_SIDE_STYLE('',(#3026));
#3021=SURFACE_SIDE_STYLE('',(#3027));
#3022=SURFACE_SIDE_STYLE('',(#3028));
#3023=SURFACE_SIDE_STYLE('',(#3029));
#3024=SURFACE_SIDE_STYLE('',(#3030));
#3025=SURFACE_STYLE_FILL_AREA(#3031);
#3026=SURFACE_STYLE_FILL_AREA(#3032);
#3027=SURFACE_STYLE_FILL_AREA(#3033);
#3028=SURFACE_STYLE_FILL_AREA(#3034);
#3029=SURFACE_STYLE_FILL_AREA(#3035);
#3030=SURFACE_STYLE_FILL_AREA(#3036);
#3031=FILL_AREA_STYLE('Steel - Satin',(#3037));
#3032=FILL_AREA_STYLE('Aluminum - Bead Blasted',(#3038));
#3033=FILL_AREA_STYLE('Brass - Matte',(#3039));
#3034=FILL_AREA_STYLE('Plastic - Glossy (White)',(#3040));
#3035=FILL_AREA_STYLE('Brass - Polished',(#3041));
#3036=FILL_AREA_STYLE('Brass - Knurled',(#3042));
#3037=FILL_AREA_STYLE_COLOUR('Steel - Satin',#3043);
#3038=FILL_AREA_STYLE_COLOUR('Aluminum - Bead Blasted',#3044);
#3039=FILL_AREA_STYLE_COLOUR('Brass - Matte',#3045);
#3040=FILL_AREA_STYLE_COLOUR('Plastic - Glossy (White)',#3046);
#3041=FILL_AREA_STYLE_COLOUR('Brass - Polished',#3047);
#3042=FILL_AREA_STYLE_COLOUR('Brass - Knurled',#3048);
#3043=COLOUR_RGB('Steel - Satin',0.627450980392157,0.627450980392157,0.627450980392157);
#3044=COLOUR_RGB('Aluminum - Bead Blasted',0.96078431372549,0.96078431372549,
0.964705882352941);
#3045=COLOUR_RGB('Brass - Matte',0.952941176470588,0.796078431372549,0.486274509803922);
#3046=COLOUR_RGB('Plastic - Glossy (White)',0.964705882352941,0.964705882352941,
0.952941176470588);
#3047=COLOUR_RGB('Brass - Polished',0.952941176470588,0.796078431372549,
0.486274509803922);
#3048=COLOUR_RGB('Brass - Knurled',0.952941176470588,0.796078431372549,
0.486274509803922);
ENDSEC;
END-ISO-10303-21;
